path,class,source,sha256,phash_family_id
clean_dataset/tomato_dataset/val/early_blight/80521.jpg,early_blight,tomato_dataset,b5190ae7e2b5d3cd944e8cc0c102b89b50e63c221a7098117c918d4bccb2ecd2,1
bounding_box_dataset/tomato/val/early_blight/80521.jpg,early_blight,tomato,5c6e9dcaea931799df16cd13f864e5df1069b0847eb98b11111879d93359ebf1,1
bounding_box_dataset/tomato/val/early_blight/80554.jpg,early_blight,tomato,d2d061ea5dbe0dbf64f3e6081854bc8f4a39874985cbc024abdf8d9594e9b82e,6
clean_dataset/tomato_dataset/val/early_blight/80554.jpg,early_blight,tomato_dataset,5bcc7c84393261c2de1992c3ca70880a4f1335ffb94ba2412682acbb12dde7ab,6
bounding_box_dataset/tomato/val/early_blight/80556.jpg,early_blight,tomato,18f3c7e587dee29d860dddbcbfdef8d2f555d1b3457d7f81cbecd4ecea49535d,8
clean_dataset/tomato_dataset/val/early_blight/80556.jpg,early_blight,tomato_dataset,74da56de49e693ddb670c22c052499e68f806568e1400d4dd3f32615125f3458,8
clean_dataset/tomato_dataset/val/early_blight/80606.jpg,early_blight,tomato_dataset,244eac589190900f9ef937a2fcab60257ef2e8b06d52b83a95f37b36f8117205,14
bounding_box_dataset/tomato/val/early_blight/80606.jpg,early_blight,tomato,c7838b3c446e20d214689fc4d34f8594e605a4a42d10d41fbcde1b49bef7acbe,14
bounding_box_dataset/tomato/val/early_blight/80620.jpg,early_blight,tomato,87c7b85f11413c7e669df0d036707672e77389145f6ec3af53729c0e3fb04225,16
clean_dataset/tomato_dataset/val/early_blight/80620.jpg,early_blight,tomato_dataset,9365c227592f7d814a673a83579bdbc97893b9d253496b8d7c39a44467cd7523,16
clean_dataset/tomato_dataset/val/early_blight/80638.jpg,early_blight,tomato_dataset,be3e1536f2df47f2593710869c19e4da031dda179ccd4f8e4c5d756dd7f4b48f,19
bounding_box_dataset/tomato/val/early_blight/80638.jpg,early_blight,tomato,c1f532a0550e2b490c16e2703f77008d528163f1e0cbd7382c8bbbef9228314d,19
bounding_box_dataset/tomato/val/early_blight/80646.jpg,early_blight,tomato,b409cd1e4a34332112c2ed84ead62526ce2f31b03cdc45523b02e7aaa23ad137,22
clean_dataset/tomato_dataset/val/early_blight/80646.jpg,early_blight,tomato_dataset,0661d44957b26db46968d944b734c0a2536ceabab548e9ca6bf26940a17f4efd,22
clean_dataset/tomato_dataset/val/early_blight/80710.jpg,early_blight,tomato_dataset,a80f78e3bc778287a57fa3d056aa33e015d0196e72770765477df13eeca19a59,30
bounding_box_dataset/tomato/val/early_blight/80710.jpg,early_blight,tomato,f53eb021517a791a07a3a6d391df8b5e2f06bb5bad35983de5a92e0d3165c732,30
bounding_box_dataset/tomato/val/early_blight/80756.jpg,early_blight,tomato,a3cc068b809fcdeefe8ed8941109290c2900560b3ef7be6b32b95c75970d0fc9,34
clean_dataset/tomato_dataset/val/early_blight/80756.jpg,early_blight,tomato_dataset,b5b6cf6ea0dd788509cc85fd1193fc4802a3973fcd1041ec4048d1e666d8be09,34
clean_dataset/tomato_dataset/val/early_blight/80784.jpg,early_blight,tomato_dataset,5a12d2f3412bf033d880a9c0d57df4d2a5c68d1a2e0681bba1fc74fa3c2a54e8,37
bounding_box_dataset/tomato/val/early_blight/80784.jpg,early_blight,tomato,1c673f8042da463116b5a9e34f222b5da3f2eca6e7687186b1916d313859a922,37
bounding_box_dataset/tomato/val/early_blight/80788.jpg,early_blight,tomato,cc87830acc1ef7557db21633df346535b4ae1fe50f0598e270a25bd588ac1c5f,38
clean_dataset/tomato_dataset/val/early_blight/80788.jpg,early_blight,tomato_dataset,3731377924ec3e41d902da3c237230e1350c90861fef784a0c30626a27c289b5,38
clean_dataset/tomato_dataset/val/early_blight/80813.jpg,early_blight,tomato_dataset,e77e91235053ab4ff927f534ebbb681ef4ae091b3dee3a527c854dc545413cc9,42
bounding_box_dataset/tomato/val/early_blight/80813.jpg,early_blight,tomato,02a10c6f47619f3e927384ed42e9a83a82e36037b9f95b63a34e9fc6be973873,42
bounding_box_dataset/tomato/val/early_blight/80854.jpg,early_blight,tomato,994e21d1695655024151071207a4118e9a0df01ce52f3be71257736404140997,48
clean_dataset/tomato_dataset/val/early_blight/80854.jpg,early_blight,tomato_dataset,bca60a538dd9a4b30bc34c80d555bfb1f1c112df3d6b7ba01c8d567e29aeed58,48
clean_dataset/tomato_dataset/val/early_blight/80875.jpg,early_blight,tomato_dataset,c94f8bda409621d4fd57245692eb116d74e280c45e1ba68a995e0182b082a1c4,50
bounding_box_dataset/tomato/val/early_blight/80875.jpg,early_blight,tomato,2ff5677a2db608eb8cda944222cde22b634317780755b9834b1f000c4847dd10,50
bounding_box_dataset/tomato/val/early_blight/80883.jpg,early_blight,tomato,38c12bc538c50422ccfc28329643b8fd7644b9037df5193b6183ec15ef57c99b,51
clean_dataset/tomato_dataset/val/early_blight/80883.jpg,early_blight,tomato_dataset,59919d3bd79eae1b5c55cbd93a096dfc1ac4f8a0d30f58d748729e4f1eb3e0f6,51
bounding_box_dataset/tomato/val/early_blight/80907.jpg,early_blight,tomato,9d536e35e63e3475e2878ded9e60bfd69b2b5253c381ceefa039d586f41b6d6f,54
clean_dataset/tomato_dataset/val/early_blight/80907.jpg,early_blight,tomato_dataset,083f699afe384f56fbc739ded3bcdc56f640669565e1930d3c31bf40ab006f1d,54
clean_dataset/tomato_dataset/val/early_blight/80909.jpg,early_blight,tomato_dataset,fff955c2dcf3a745b71541a408b65487a83ccc393eae94e5ba2441260fa9d450,55
bounding_box_dataset/tomato/val/early_blight/80909.jpg,early_blight,tomato,2f3ecbed2063a0328e38ff61eb8cc8977c2cf030dc99a3c3b4f69aa2b490674a,55
clean_dataset/tomato_dataset/val/early_blight/80927.jpg,early_blight,tomato_dataset,b1517eadd6f41009d8873f47c2809cbbb19f744b999e6cb6d46554fd0dc6c6ba,56
bounding_box_dataset/tomato/val/early_blight/80927.jpg,early_blight,tomato,b1688c87f9bf514434b415f7942ddd0f177c7c717c8a7013e98be896ec35ae31,56
clean_dataset/tomato_dataset/val/early_blight/80950.jpg,early_blight,tomato_dataset,e2d9ecc9110ff8ef11c974d3e0c5baa2711745a89243ef5820f23f49cba438bc,59
bounding_box_dataset/tomato/val/early_blight/80950.jpg,early_blight,tomato,7ff1a672c31578650e59b3c979d4c9a527ee846735b1d09a7b65914e5fe39074,59
bounding_box_dataset/tomato/val/early_blight/80967.jpg,early_blight,tomato,a7bad2d3a3001e0a6ef9b4d44b6995914f20c6f8ac9e588ed8a65103f01e0f8b,61
clean_dataset/tomato_dataset/val/early_blight/80967.jpg,early_blight,tomato_dataset,c980c9276787abfa8287f203acf9882be153475b65e0c3fafa07fec5e7c4c907,61
clean_dataset/tomato_dataset/val/early_blight/80980.jpg,early_blight,tomato_dataset,297dc0a67b8d55932035182346658e8948f7906ecd62761cd29cdccde9d151fa,63
bounding_box_dataset/tomato/val/early_blight/80980.jpg,early_blight,tomato,da5ad859f094bc0e0a257821b166ebcb1f4408e08d1e6ec12a71b29570bef4e6,63
clean_dataset/tomato_dataset/val/early_blight/81013.jpg,early_blight,tomato_dataset,986ddaf66b6415fd2d8771282278e96e46dc6dea749ed67afe5a7e48b5680816,69
bounding_box_dataset/tomato/val/early_blight/81013.jpg,early_blight,tomato,e368dd86af5d02940af14d91d78ee4692ab1ec67256616b20e5a7470f7f71ffc,69
bounding_box_dataset/tomato/val/early_blight/81020.jpg,early_blight,tomato,c9bb7b81463d882871187274fce7905fde63c5bc22d1046baf470196519f3240,71
clean_dataset/tomato_dataset/val/early_blight/81020.jpg,early_blight,tomato_dataset,7d37a0e02afc96a70720e5e0c6013e87a6b6806dc2b1495a27c73623884e12b3,71
clean_dataset/tomato_dataset/val/early_blight/81021.jpg,early_blight,tomato_dataset,9081706261aac69fa9284d3ac7a8dab2fd39ab2f8be93b48b8b0d312fd93b755,72
bounding_box_dataset/tomato/val/early_blight/81021.jpg,early_blight,tomato,c7f27089cbd78acf4183a5037df61601b090dd6400d5541baeebd21e551eb5ce,72
bounding_box_dataset/tomato/val/early_blight/81053.jpg,early_blight,tomato,f04793ed947d0f6c2efb0b47e8b45c3c23245c30f351855957fe15b946f56a5f,77
clean_dataset/tomato_dataset/val/early_blight/81053.jpg,early_blight,tomato_dataset,977a0624585f3ba702d3b1675044525672eb09f2af59bc190bfa07df392b8846,77
clean_dataset/tomato_dataset/val/early_blight/81085.jpg,early_blight,tomato_dataset,f18df5c75327a8eda71c4708268050af57e075c186383eba54fa9b749eeac19c,78
bounding_box_dataset/tomato/val/early_blight/81085.jpg,early_blight,tomato,9f6604f55584018b1e6c969c37d0726d6c7ba169f69dfafd20fbf8fbb666e8a0,78
bounding_box_dataset/tomato/val/early_blight/81111.jpg,early_blight,tomato,175296d90d2b0c621cdddc7018c86f47c50021ad88e68ef2d5ed88bcc23f79d7,81
clean_dataset/tomato_dataset/val/early_blight/81111.jpg,early_blight,tomato_dataset,f50134d98476faef269d225b21013b3d51a59bb6c63e23e6a592619bd35cf698,81
bounding_box_dataset/tomato/val/early_blight/81113.jpg,early_blight,tomato,0083e985b6004df2867dc3ef065cb160c759e53cbcc9b3f2771d7e91b62af705,82
clean_dataset/tomato_dataset/val/early_blight/81113.jpg,early_blight,tomato_dataset,2cb0e09d92f4638db7b06f850c102465f6e947c8592be36a978f7d3ea8267dc7,82
bounding_box_dataset/tomato/val/early_blight/81114.jpg,early_blight,tomato,dd42b5aa16abd4c53944cb73883c25c62e804c8ec9f37c65b534731cae3141ce,83
clean_dataset/tomato_dataset/val/early_blight/81114.jpg,early_blight,tomato_dataset,c9c1d55fc7552ea90cf784be19d9d5798cd2ff0c27f972207a3c96920fd649ed,83
clean_dataset/tomato_dataset/val/early_blight/81123.jpg,early_blight,tomato_dataset,93cdaf36a943144a50ea06326e5e4579054222f7b927f5e3348d56023bfe3ea7,85
bounding_box_dataset/tomato/val/early_blight/81123.jpg,early_blight,tomato,42826bcc4337093b78bdd2e2e21c4aacce42d8b457de7b06780d9550bbb00c75,85
bounding_box_dataset/tomato/val/early_blight/81143.jpg,early_blight,tomato,b48634487fa4a5f0ad5bf460ff4795b6593e9ddaf82ef5c1f3927ba84831db78,86
clean_dataset/tomato_dataset/val/early_blight/81143.jpg,early_blight,tomato_dataset,44e2db75ad4b0a4715e5fd718eaffa8a25878e0d2125d2ae7b9fb88376b3f678,86
clean_dataset/tomato_dataset/val/early_blight/81211.jpg,early_blight,tomato_dataset,0a6fab0a14def539e8aa0c4b655a2370c67ce5ed0c82bb400cc4d7dc651ad86c,99
bounding_box_dataset/tomato/val/early_blight/81211.jpg,early_blight,tomato,eb076cada3b4064bad4a6b0f29046528532d76d7779a674fb69b2f3f8e5c8d65,99
bounding_box_dataset/tomato/val/early_blight/81225.jpg,early_blight,tomato,828ece0e09e3495184f4246f68df83cac3fda38bb427bcaed0cfc3fae78bf1c5,100
clean_dataset/tomato_dataset/val/early_blight/81225.jpg,early_blight,tomato_dataset,6d75b37b9e42cd863677d6c1fc26d2a1677fac852ddba59d5ec897b466108538,100
bounding_box_dataset/tomato/val/early_blight/81229.jpg,early_blight,tomato,3e7974d716692ff8f1727db812260de94a43d69c75cfa38abc6667bf8397e91a,101
clean_dataset/tomato_dataset/val/early_blight/81229.jpg,early_blight,tomato_dataset,2a75767104799c66952fcb63896cb8b06cb9491ca8472b83954d18b7900bdbc3,101
bounding_box_dataset/tomato/val/early_blight/81242.jpg,early_blight,tomato,79fb9bec37e7a651bbcd13612391fb635dad29e668d8ff5064c8a1a079006c4e,103
clean_dataset/tomato_dataset/val/early_blight/81242.jpg,early_blight,tomato_dataset,fcef27fd7197d658665c0c4d35c2da4b63d0eb2f798178f4f251e0a21448cd82,103
bounding_box_dataset/tomato/val/early_blight/81252.jpg,early_blight,tomato,35f2c02475e961fada0b3ed01ddc4910230a464ce08f54072a67399402499350,105
clean_dataset/tomato_dataset/val/early_blight/81252.jpg,early_blight,tomato_dataset,2a4b85de16a4eb744d9cff95ecc6a0c095cf1ecb3c7625238a0a1428435528c4,105
bounding_box_dataset/tomato/val/early_blight/81277.jpg,early_blight,tomato,fb6549cc263d9f17ca392d0e54a598b96011d6cddd3332fd229c5877adc668db,108
clean_dataset/tomato_dataset/val/early_blight/81277.jpg,early_blight,tomato_dataset,6077110b201d4259f8d37a245aef81dcccb8e66d2b7f035f7a98e808d4400f8e,108
clean_dataset/tomato_dataset/val/early_blight/81317.jpg,early_blight,tomato_dataset,dbf0b294af7610b624cf66b94c54651b028042b7c677335c707f1be94dcbbf60,111
bounding_box_dataset/tomato/val/early_blight/81317.jpg,early_blight,tomato,1cb16c581ada34cacdf940a036ebdbda17953b5297d9f3c1cf190bfd474bd6ec,111
bounding_box_dataset/tomato/val/early_blight/81318.jpg,early_blight,tomato,9bb523a947f470120733ee85d49162fd8cba20e4938e03da42b0ef8804255813,112
clean_dataset/tomato_dataset/val/early_blight/81318.jpg,early_blight,tomato_dataset,03e3f80a528b44d9a50720b3905808070e5b6caa8960e2ea8ebd9499c3471d88,112
clean_dataset/tomato_dataset/val/early_blight/81319.jpg,early_blight,tomato_dataset,16b5a6b5edb1e84e15545f3784234f2d934be99e51b241d22a1b84cb22266217,113
bounding_box_dataset/tomato/val/early_blight/81319.jpg,early_blight,tomato,863ebe6c1f988c2af9f9c96f6b450280235a63c098463bf028f54bba498c8525,113
clean_dataset/tomato_dataset/val/early_blight/81325.jpg,early_blight,tomato_dataset,a2768d547c74a06222edd0e6a0009779916d43727574aed8b2a48c1a8221bc55,114
bounding_box_dataset/tomato/val/early_blight/81325.jpg,early_blight,tomato,0710c23e7722f8435f0b0fa72db5ff6fd894c11b1488c5aca3c27ef3bca28848,114
bounding_box_dataset/tomato/val/early_blight/81326.jpg,early_blight,tomato,a9771065a4e913a435d61b0987b60ed26038172a1bde61916145c0d77b460904,115
clean_dataset/tomato_dataset/val/early_blight/81326.jpg,early_blight,tomato_dataset,3ca9623a699c4309d4c49ba41f1b5424c75ff62f03fc580ddb37f82cd63f3ace,115
bounding_box_dataset/tomato/val/early_blight/81330.jpg,early_blight,tomato,738cb44e884df491e4987e526f2cf34f1c24ee3b9e85ebd3a987f3993ef081dd,116
clean_dataset/tomato_dataset/val/early_blight/81330.jpg,early_blight,tomato_dataset,4948501083260b0fe35e65f7ed446d666b91ba7c70cefaa20afdd6cb03f18b12,116
bounding_box_dataset/tomato/val/early_blight/81349.jpg,early_blight,tomato,59d6134100ff3481820e1a2aef45b89a3ea7aecdef295d87f2cd47c7d2f4354b,118
clean_dataset/tomato_dataset/val/early_blight/81349.jpg,early_blight,tomato_dataset,60672d9540c06f7bce2ad678dacf163487f85dd3219b8ce43f819d3a15d2dedf,118
clean_dataset/tomato_dataset/val/early_blight/81352.jpg,early_blight,tomato_dataset,b5e0e7704f399320828856ad378bac2c29db16f76eaace2f91444fde2fe82811,119
bounding_box_dataset/tomato/val/early_blight/81352.jpg,early_blight,tomato,f5055e556e66ff3e33b64c7b8c8c429528d0e54ce1b0772b072349092d12d273,119
bounding_box_dataset/tomato/val/early_blight/81371.jpg,early_blight,tomato,e5907a4ba66be6de7a02fcaca0ba483ada006926ec19bca91505f866754c35ed,123
clean_dataset/tomato_dataset/val/early_blight/81371.jpg,early_blight,tomato_dataset,b1010eaca0007353e895eec25480355d0a1b96c8a6501945f97feea6c4722fbd,123
bounding_box_dataset/tomato/val/early_blight/81392.jpg,early_blight,tomato,e57f20501a2f9d55976326130af42847cead81d960467775682de71cbe5bc7d7,126
clean_dataset/tomato_dataset/val/early_blight/81392.jpg,early_blight,tomato_dataset,75b8fc7dcbbe8322eababe2706517554b2d5ad823b5653aa25171710ef4f9964,126
clean_dataset/tomato_dataset/val/early_blight/81395.jpg,early_blight,tomato_dataset,e8bc28abd31bb7760f8010d9d7feec890ff4b86e8c625c82c7cc4b11304661ff,128
bounding_box_dataset/tomato/val/early_blight/81395.jpg,early_blight,tomato,b775bad00ca26db6fab444e29804b58b9ec966d3e57c810130b68c0e70d185bb,128
clean_dataset/tomato_dataset/val/early_blight/81407.jpg,early_blight,tomato_dataset,251068b0095afb0b89ef27e717b328ce99a5380ec75ef375672f4eb46523a7cd,130
bounding_box_dataset/tomato/val/early_blight/81407.jpg,early_blight,tomato,7fd2526fe868a54ae52fa48538d4d3b0801dfcc961f509fb9b20200c478fad1e,130
bounding_box_dataset/tomato/val/early_blight/81427.jpg,early_blight,tomato,303bff2b069ea28ad0b4a5df04ce3a12674be415a6f2cb56024489b42fe93d80,135
clean_dataset/tomato_dataset/val/early_blight/81427.jpg,early_blight,tomato_dataset,646604cfe65df8cb8b77900ace83cea9d772969d8e9ef4098c06a81f2fc7a403,135
clean_dataset/tomato_dataset/val/early_blight/81439.jpg,early_blight,tomato_dataset,8650fe7b996286d48e064b52afd70653ba6ff6956197a5b0b0499b39964d9695,138
bounding_box_dataset/tomato/val/early_blight/81439.jpg,early_blight,tomato,1d141fc7d9c56c30c7a2d3ae0a4d0c8161515857de4a81231cfeaf4d544609dc,138
bounding_box_dataset/tomato/val/early_blight/81454.jpg,early_blight,tomato,5395a8ade7f0336a34ace21762b5a0d6bb249cac365692cc7238c9ffc7b50157,140
clean_dataset/tomato_dataset/val/early_blight/81454.jpg,early_blight,tomato_dataset,da42cdf3b9db95e9a3a4576350d536293f4a50e3d127a1e36cb775769865a223,140
clean_dataset/tomato_dataset/val/early_blight/81504.jpg,early_blight,tomato_dataset,453a7ed79922de52fe2ca0119aa33e0d63a10fcdddc40d3150f047066a8c1c51,147
bounding_box_dataset/tomato/val/early_blight/81504.jpg,early_blight,tomato,06b2eab1061d75ddf863adce22f1ad742a3d42daa2f2b287110804dd836fee77,147
bounding_box_dataset/tomato/val/healthy/95003.jpg,healthy,tomato,34b8db980c4989775cbbd489cd993f70715550b6b8da75970ecb5c9699b1ebe1,155
clean_dataset/tomato_dataset/val/healthy/95003.jpg,healthy,tomato_dataset,a63ad49c1cefdb6ecfa7295afa72b14750a2b82e374b25f80c632819f1fa647c,155
clean_dataset/tomato_dataset/val/healthy/95060.jpg,healthy,tomato_dataset,08b7c12708c075da5c3365784d36b662cbba3a20e78ba4b26a65e41d482760f0,161
bounding_box_dataset/tomato/val/healthy/95060.jpg,healthy,tomato,b0558ca30773c05de595bd0f9556990c91f0c74e5d5a45f4493153cbb3194fdc,161
bounding_box_dataset/tomato/val/healthy/95079.jpg,healthy,tomato,d9d296d259a9988416d7f57db662bb303c08f46f9573d1a2702b5bf8f858cc96,166
clean_dataset/tomato_dataset/val/healthy/95079.jpg,healthy,tomato_dataset,635b1ba3b75a54456ddc39ba2d1af47dcfa938f18332535b1f69b04556b1f955,166
clean_dataset/tomato_dataset/val/healthy/95095.jpg,healthy,tomato_dataset,5d5378b4c4688ff33444ad3419ee6929579d4daa2c2bafe39f90d9b089c3a515,169
bounding_box_dataset/tomato/val/healthy/95095.jpg,healthy,tomato,350a82e27f3420f843fe9c0ff742695fab137c0ba7fdfaaa2efdb80815d2ee9d,169
bounding_box_dataset/tomato/val/healthy/95149.jpg,healthy,tomato,ff8a0d5759b8c436ab84701a0728a953d128a041b01254ddb1a80a9274947a16,175
clean_dataset/tomato_dataset/val/healthy/95149.jpg,healthy,tomato_dataset,8a8875333ac78f1f9d353aa47bab95194d9756d865868e31a22231c9cc342b42,175
clean_dataset/tomato_dataset/val/healthy/95241.jpg,healthy,tomato_dataset,cae6e08b8a6a74de1417769b0be81e9846e8676c2576414c72c42a620ba93cba,183
bounding_box_dataset/tomato/val/healthy/95241.jpg,healthy,tomato,709e61b71d3d15fba2fbbbfbc662b4b47c37072a87d383872c702fc3d8d3fc3e,183
bounding_box_dataset/tomato/val/healthy/95257.jpg,healthy,tomato,01b73f566a4a75e09e8dd37e21e03610b1453067293d9e11716772660b0acce3,185
clean_dataset/tomato_dataset/val/healthy/95257.jpg,healthy,tomato_dataset,28a90428925e9e173896877d9fe15cd4f56a781010af31090cb2d9daf9f9d063,185
clean_dataset/tomato_dataset/val/healthy/95258.jpg,healthy,tomato_dataset,3f0e5698a66c2bc01860bb6b82a7bacb7252549338166c27e73f01254b991e23,186
bounding_box_dataset/tomato/val/healthy/95258.jpg,healthy,tomato,b624d7cd8f7b545c97b380a20f17c2e2fa81284c3d4133247923760d83faedda,186
bounding_box_dataset/tomato/val/healthy/95274.jpg,healthy,tomato,72cb68afbd4fe8664b4ea39bc1d14e79a3b101407f4fa8883c9ce789f37d9323,190
clean_dataset/tomato_dataset/val/healthy/95274.jpg,healthy,tomato_dataset,e2e5529222295b902030d093d517289b37a57607e51bccd01cc4eb29fc943e39,190
clean_dataset/tomato_dataset/val/healthy/95297.jpg,healthy,tomato_dataset,bbaa75749639c6be455a87f246421ae5250d6719c102a29eb76ee570ae3d1920,195
bounding_box_dataset/tomato/val/healthy/95297.jpg,healthy,tomato,67c882e1b1bc1b382eaef7fb541cc3d8938a355986863b53d325e6648636a815,195
bounding_box_dataset/tomato/val/healthy/95298.jpg,healthy,tomato,8c2c73c89f46ce62af73e4c4fb97cfc49cf225edc5f7da5a624e5e4c1d14fc9c,196
clean_dataset/tomato_dataset/val/healthy/95298.jpg,healthy,tomato_dataset,61ba55afb9e6839f54fa96434ebbb3ce9c619133ed40023881301ac4d716b79f,196
bounding_box_dataset/tomato/val/healthy/95340.jpg,healthy,tomato,a321c8e785814a637dc2ee4840f35020f137936408adcbab5576af0c71baa29e,203
clean_dataset/tomato_dataset/val/healthy/95340.jpg,healthy,tomato_dataset,70b94d467b0814a5c08e6e8973487bbd36922586d672a09b95c30be4d1c8f733,203
clean_dataset/tomato_dataset/val/healthy/95352.jpg,healthy,tomato_dataset,386aabf9080c79f0d240bd289fad3a4f2e6601d09f64adff18b5617fd5afe6a4,206
bounding_box_dataset/tomato/val/healthy/95352.jpg,healthy,tomato,9c137e53683c4b9d5aa87251bb7218c18268057635ff971850e19efd5848c0e9,206
bounding_box_dataset/tomato/val/healthy/95393.jpg,healthy,tomato,1657f35f949fc484d63fb51e16b8be1f2a8ea49d940bbb50f31ce4ee16571836,209
clean_dataset/tomato_dataset/val/healthy/95393.jpg,healthy,tomato_dataset,31c5bab1f346f1e49c20dd1392009fc392bafbef2f1cc2ba670d4d78e9f1e738,209
clean_dataset/tomato_dataset/val/healthy/95533.jpg,healthy,tomato_dataset,05e2b1e939680ed1c71f17e9548315e6e5698d8599f389b6067e8791b8b73427,237
bounding_box_dataset/tomato/val/healthy/95533.jpg,healthy,tomato,60b759fb0887e5d7b44599f52f1f83847b5e812bbf3d72398c8ae7b9d8552bf7,237
bounding_box_dataset/tomato/val/healthy/95600.jpg,healthy,tomato,903385c8b05544c6f907c6ff50e1b7d55310c019eb886e84155757f53dc0a385,248
clean_dataset/tomato_dataset/val/healthy/95600.jpg,healthy,tomato_dataset,c2ccaf2f3bf6f0a2c2359449514f870b512afca89969a83e5ef56b6bbb66704f,248
clean_dataset/tomato_dataset/val/healthy/95620.jpg,healthy,tomato_dataset,728754ac5fa4e06c73cb28ee8a323b52ee797341544fdceb990af865e03e26f7,252
bounding_box_dataset/tomato/val/healthy/95620.jpg,healthy,tomato,2f7ebd673e9821c4246fbfa03a9562d63797d405091c68e2f1b9deb136c28b35,252
bounding_box_dataset/tomato/val/healthy/95626.jpg,healthy,tomato,3f70ff65f0df0c393c7531d4b5b3673d496a7fd2b034c56129a39f057e6740ef,253
clean_dataset/tomato_dataset/val/healthy/95626.jpg,healthy,tomato_dataset,11591860dd8911b34a788d5e9bae9f854a45a70dd62060b657c4f71dad61cbb0,253
clean_dataset/tomato_dataset/val/healthy/95630.jpg,healthy,tomato_dataset,b157d953d028294542e6ed2f33f0c011b251a29d07efa4c84a39ca611b4d1bbd,254
bounding_box_dataset/tomato/val/healthy/95630.jpg,healthy,tomato,ad0de86b5a21988aa4fde6e0cb8f603f86775b35a791be1692f005d563470d0d,254
bounding_box_dataset/tomato/val/healthy/95634.jpg,healthy,tomato,967cae00b155929215491a81784ac5804c44625babac08a9b561e08489402c6e,256
clean_dataset/tomato_dataset/val/healthy/95634.jpg,healthy,tomato_dataset,5476b5b26eca9f23cf40ed0bd4535c464575e5945b195c385616eac70f24ab7e,256
clean_dataset/tomato_dataset/val/healthy/95651.jpg,healthy,tomato_dataset,6db887f594a301259a25bfa2d947d02b30fee537b54bd4a5ce6a91f2f56afaaf,257
bounding_box_dataset/tomato/val/healthy/95651.jpg,healthy,tomato,83fc9837278e85d8acfe5a0033efe36ef24e3e311adc5f03e7ecf7188534fa4c,257
bounding_box_dataset/tomato/val/healthy/95656.jpg,healthy,tomato,a55b3cdbfbb0835b147971734975d43439b2429ec6e8aeadcd1f757bddae02fb,258
clean_dataset/tomato_dataset/val/healthy/95656.jpg,healthy,tomato_dataset,62cbe94f8573f378b652050a024aeef8a673eda9c7811ad43a0e73cdc2531417,258
clean_dataset/tomato_dataset/val/healthy/95685.jpg,healthy,tomato_dataset,9266401171177c1cdc66ab7e66002c0722549c8efb0a8f93ca7a766334b4d476,259
bounding_box_dataset/tomato/val/healthy/95685.jpg,healthy,tomato,7f3de01094d0318c379f8b970836c9df93840e387091dea28db82ecc053db760,259
bounding_box_dataset/tomato/val/healthy/95707.jpg,healthy,tomato,e0f785ef02335b1a67aa6933c74742e28b8f56e6bbd520f1e218bb41397be3dc,262
clean_dataset/tomato_dataset/val/healthy/95707.jpg,healthy,tomato_dataset,e319e9f69ae30573a7c2abfe34e730d41039b504d7ed8c54ada50984bf317977,262
clean_dataset/tomato_dataset/val/healthy/95715.jpg,healthy,tomato_dataset,78b53bc73f34748a936fd8899aaac523a7c2a3754471ffac78d03078f600062c,264
bounding_box_dataset/tomato/val/healthy/95715.jpg,healthy,tomato,46406a2e8cac0588b086da1642cb7f87a8ea66aa4399a738635a4f9ae2c4803d,264
bounding_box_dataset/tomato/val/healthy/95738.jpg,healthy,tomato,65499a296a2ebd31dd34fd9ad0ea7b453e80b3c206f516a86e3cb1ed8512411f,266
clean_dataset/tomato_dataset/val/healthy/95738.jpg,healthy,tomato_dataset,767c0ddebc1fa5a82876483d311dd759f7afc3fe038c58ea605f3decc375021e,266
clean_dataset/tomato_dataset/val/healthy/95746.jpg,healthy,tomato_dataset,e18b3b1e9bca6fa48dab1ac14a2e9eafe6ca0c4481cb1e4006e20e2f5e0f34cd,267
bounding_box_dataset/tomato/val/healthy/95746.jpg,healthy,tomato,6b582283b570b1c2c2eee003d7ef3828e37719b43e926581969821fd88b1f1d5,267
bounding_box_dataset/tomato/val/healthy/95772.jpg,healthy,tomato,85c307683818918132128881dc2d96615fa7762a3222e28e1ac887d975075b63,270
clean_dataset/tomato_dataset/val/healthy/95772.jpg,healthy,tomato_dataset,e288f2bf227efb133ae848c0bcee341c95c2d924f96b171078341b07255c4c7c,270
clean_dataset/tomato_dataset/val/healthy/95780.jpg,healthy,tomato_dataset,1b53f3dfdab58d0fcc1073f502548cc9e0bd8f096d2ccab725eff804fd6092c9,271
bounding_box_dataset/tomato/val/healthy/95780.jpg,healthy,tomato,9d3000fcc290e822e49e47114397b8740927c77a52b43b303b2f774737d309d9,271
bounding_box_dataset/tomato/val/healthy/95794.jpg,healthy,tomato,4d6682b9c5d25587995899463d0c348f3686dda360f12a5d79237b987345f2f9,274
clean_dataset/tomato_dataset/val/healthy/95794.jpg,healthy,tomato_dataset,2bddf7d283deef17309a476c66dd7424efb202b2b6dd42642bef2c258676b369,274
bounding_box_dataset/tomato/val/healthy/95807.jpg,healthy,tomato,6d483477a69badbf791cd1089852d25b8b92e65fbfe3c459eccc02ee617a5ccf,277
clean_dataset/tomato_dataset/val/healthy/95807.jpg,healthy,tomato_dataset,5a79d9a02f8a4d1ec5bca00461db2fe01c0b5aee79c312c5c356940c1ab76398,277
clean_dataset/tomato_dataset/val/healthy/95809.jpg,healthy,tomato_dataset,dc3dbb8cb807179bfa5b1fc5f2fb0f8e520fc2173564e87209881360c775179a,278
bounding_box_dataset/tomato/val/healthy/95809.jpg,healthy,tomato,2184885d474ed0fdd972a08c0a8d54ec3dce893e2f9d23382852543347f038b5,278
bounding_box_dataset/tomato/val/healthy/95817.jpg,healthy,tomato,bfb8332da4dd97ca8b54cc17297b6ae74ef3fd4b29fefa2e90e828e565abd0fc,281
clean_dataset/tomato_dataset/val/healthy/95817.jpg,healthy,tomato_dataset,aace00314321cc3aacadc2bcad8d8b5423ab90b78d8e04beb31712b5ed096a3e,281
clean_dataset/tomato_dataset/val/healthy/95900.jpg,healthy,tomato_dataset,8ecfe7a9e33951706bd83059dfcefc512fc6c23371cd5a358a7ed40a419a3c43,289
bounding_box_dataset/tomato/val/healthy/95900.jpg,healthy,tomato,e1d095a73d1f71883896dc3f9503244607faeb84fabc44626912de0dfe37ff5e,289
bounding_box_dataset/tomato/val/healthy/95917.jpg,healthy,tomato,d41b09327631607e5ef959779f9d962d92e8a7b64731b938db08d3d4e7644e97,293
clean_dataset/tomato_dataset/val/healthy/95917.jpg,healthy,tomato_dataset,d55ea140242c07fd231387ababa629fede243e1828e299220b68d44ae2649c9e,293
clean_dataset/tomato_dataset/val/healthy/95960.jpg,healthy,tomato_dataset,c55e7684846f7963d3baf758179eb2798ead9cfddfde74a1dcdd4a0ba6bb7412,298
bounding_box_dataset/tomato/val/healthy/95960.jpg,healthy,tomato,45333b93c217057021418926f370505c435df8de0f643a014e86396596a4830e,298
clean_dataset/tomato_dataset/val/healthy/95981.jpg,healthy,tomato_dataset,aca4b0f8d011667c076b5687f42727388f22fc95f9e64e1b769529ae4ad5ab98,300
bounding_box_dataset/tomato/val/healthy/95981.jpg,healthy,tomato,6b434a160497f3b7578cb88731d09f8732b57742c0e57cf0b03df7f0eaeacb6f,300
bounding_box_dataset/tomato/val/healthy/95988.jpg,healthy,tomato,3caa96686706358f97eb8bb36424f4c5ead04368923669120b8f2ac48177ef8f,303
bounding_box_dataset/tomato/val/healthy/96387.jpg,healthy,tomato,41e26006162d5c90d7863a1f957bc8bb4910d7dcd74e65a2ece80e2fed739238,303
clean_dataset/tomato_dataset/val/healthy/95988.jpg,healthy,tomato_dataset,918b7415a02d9b685654ada213656f938528318dcbb4960e4a91fd70c50b621a,303
clean_dataset/tomato_dataset/val/healthy/96025.jpg,healthy,tomato_dataset,27764d1193c43b895b25446fb29d56ab2adb38dc0687c054b2b5f81922e7c65b,307
bounding_box_dataset/tomato/val/healthy/96025.jpg,healthy,tomato,9775f33bc2b9c911132bf9d986d308269db8d3387272684edc84a60dc86a16bc,307
bounding_box_dataset/tomato/val/healthy/96032.jpg,healthy,tomato,bcd18c3148b1a3623e7240dfdee790eb53ec68a9f6e786d5983e9952c74442db,308
clean_dataset/tomato_dataset/val/healthy/96032.jpg,healthy,tomato_dataset,eb4042bd7b5f0741cfc109ccfe601cb99695aca7761628b3cae92a6f6d5d5fc7,308
clean_dataset/tomato_dataset/val/healthy/96067.jpg,healthy,tomato_dataset,f0cde30ab6032409c7c76f95b867f938583366435e81ba101ecf0266c1ddb491,315
bounding_box_dataset/tomato/val/healthy/96067.jpg,healthy,tomato,b301f4d721fb1ea93fb1d9ddf56318a24c94641bfe79c5d6d9225626e8f1123f,315
bounding_box_dataset/tomato/val/healthy/96088.jpg,healthy,tomato,3f7a3e4d72cb1915fe705680e2ada22e12d104ea1e209267fe788ff1231fc175,320
clean_dataset/tomato_dataset/val/healthy/96088.jpg,healthy,tomato_dataset,4b38bc3f4a6a3c80d2504cd28449682ea06ba97e88cd5f6350bfda204d5bc38a,320
bounding_box_dataset/tomato/val/healthy/96132.jpg,healthy,tomato,95a97bab42c3484b164d7998d035c6b9a60a3fefaa04c51654e26a0560a04c7f,325
clean_dataset/tomato_dataset/val/healthy/96132.jpg,healthy,tomato_dataset,8b3ca40c04a73d9474608d25d4aff4544189e9cb9332bf3ff30776f1ef2ee3bd,325
clean_dataset/tomato_dataset/val/healthy/96187.jpg,healthy,tomato_dataset,b1649a7e78dbfa4efb075fa732127dbe2084503c9d24a595ec15397bd8b4632a,329
bounding_box_dataset/tomato/val/healthy/96187.jpg,healthy,tomato,8b19decac38fca026b86d43b3f9123d0f8bde5b869bf40b1a7b216de0c3d4e52,329
bounding_box_dataset/tomato/val/healthy/96220.jpg,healthy,tomato,cc4a86bf8bbcea8e1f90799a2861a8ed517109f19fe2cf3a07dd25578bf94663,334
clean_dataset/tomato_dataset/val/healthy/96220.jpg,healthy,tomato_dataset,04990612010675593b76a70b8120b929f6b373fc6436cf80fa00dadcd06bc1ff,334
bounding_box_dataset/tomato/val/healthy/96227.jpg,healthy,tomato,f3af6e9394a15dfe2b63dd9137750058644febbd3966ef523e49e6f463b61558,336
clean_dataset/tomato_dataset/val/healthy/96227.jpg,healthy,tomato_dataset,1ccb11d79c1583616213eb93dfa452a6e2903d137e1211b63b1d44b0c3de59ab,336
clean_dataset/tomato_dataset/val/healthy/96269.jpg,healthy,tomato_dataset,3bdb432e83a86c5a9cc20f1ef2108c0be15d101f8b8f2ab9e9e398bbd33769f8,345
bounding_box_dataset/tomato/val/healthy/96269.jpg,healthy,tomato,1ee066ef4ad0d2b3de1a906c1707737897614abe6cd6c04cf17835cf542dfca0,345
clean_dataset/tomato_dataset/val/healthy/96305.jpg,healthy,tomato_dataset,3c7125b5d572cfd8136207bae75b96fb11aa8748b778e9ec42a2731bc854972d,352
bounding_box_dataset/tomato/val/healthy/96305.jpg,healthy,tomato,573ca5c1e6cd3ce85c71159d62abc0c7a2cecea0e8712139d853e5bc9286e572,352
bounding_box_dataset/tomato/val/healthy/96310.jpg,healthy,tomato,ce41bc1abd7e785cf3df9934f548e8c4e43aab8d024d0c5d5f13ee3328f5eea4,353
clean_dataset/tomato_dataset/val/healthy/96310.jpg,healthy,tomato_dataset,256316c79f288a2339c64797130676485d8b80e9a73fac1b284b19e8b2976413,353
clean_dataset/tomato_dataset/val/healthy/96401.jpg,healthy,tomato_dataset,de0601a752783d8805ea9e0a40a69f3387cb33c40099176db07134c86b849d2b,366
bounding_box_dataset/tomato/val/healthy/96401.jpg,healthy,tomato,ebe7db1096f02aaae8bcc0605eed81a327f61b0fedf267134be94b9889f23556,366
clean_dataset/tomato_dataset/val/healthy/96408.jpg,healthy,tomato_dataset,615fc80a7d5b761757f846e20949d20df07acb24c4bfb48661fa0d1a86b8e12b,367
bounding_box_dataset/tomato/val/healthy/96408.jpg,healthy,tomato,5d2113004304f9796b9898d5b1f37ba3af6dbe45d457c6f732958fc3114251c2,367
clean_dataset/tomato_dataset/val/healthy/96438.jpg,healthy,tomato_dataset,d546bf4464f1a14fc3afd7ed798a1f1062567beed164e501eaf1bff9b19a58da,369
bounding_box_dataset/tomato/val/healthy/96438.jpg,healthy,tomato,0760383804445d89dbbf246acd1b5a42d62f402a81154188fd82ab06f6a29a3b,369
clean_dataset/tomato_dataset/val/healthy/96452.jpg,healthy,tomato_dataset,fd5dbfbd95d372308a063a861f41da198db6de014607c2e02a556a0baec459fe,371
bounding_box_dataset/tomato/val/healthy/96452.jpg,healthy,tomato,205b1108cb23f0d7c2daf48b08d46183f68df24efcc876e47c9d5d64dbc03162,371
clean_dataset/tomato_dataset/val/late_blight/81521.jpg,late_blight,tomato_dataset,e1bbfc77ab04b2ee5b372851bb6e6dc492d4630cacf1285eaf906f5c7063661d,387
bounding_box_dataset/tomato/val/late_blight/81521.jpg,late_blight,tomato,64272f6504c7186bc9efad11ad502ba4e0399a3b6efbf7c3d8ea2241e5585b99,387
clean_dataset/tomato_dataset/val/late_blight/81618.jpg,late_blight,tomato_dataset,21c9bf0054cf0b59fb21310db2a5b77f74696cb833370c4ff9e8729cad1d0a89,400
bounding_box_dataset/tomato/val/late_blight/81618.jpg,late_blight,tomato,c523fa74fb0496f3bad62329ef47e0046d98e4e18036c4123fbf5afb76b79bae,400
bounding_box_dataset/tomato/val/late_blight/81622.jpg,late_blight,tomato,7e0f30b4192240df67392d0f04a213a26a54e8460e159bb26dfaaa2fd76e5b6e,401
clean_dataset/tomato_dataset/val/late_blight/81622.jpg,late_blight,tomato_dataset,b889ad6d25b16458fdacf6236fdd6dfa85830ce99907915c6a54eb6dd4d413c3,401
clean_dataset/tomato_dataset/train/late_blight/82873.jpg,late_blight,tomato_dataset,5dd19cb6d834f7799b99dc1db73dd548a28bb1d12617531f7354592625d0a925,407
clean_dataset/tomato_dataset/val/late_blight/81678.jpg,late_blight,tomato_dataset,18351a04a5e5a1fcb090b7df00dae9560a1181f12cb03960c3a74755fef4e4fb,407
bounding_box_dataset/tomato/val/late_blight/81712.jpg,late_blight,tomato,0baa4a417d6f77209bc6ac0248c8c118e29fce4bb03e8755a40966fff86c8a61,411
clean_dataset/tomato_dataset/val/late_blight/81712.jpg,late_blight,tomato_dataset,996bc2deec57d0db9250136310ce0633b83f040f6da675c8c86d615f24535ac4,411
clean_dataset/tomato_dataset/val/late_blight/81721.jpg,late_blight,tomato_dataset,47a1bfc2b17730e12e3cc2ffe269bc6c8630afbc7d95534928a05d712b72d3c5,413
bounding_box_dataset/tomato/val/late_blight/81721.jpg,late_blight,tomato,0153dbfe54dc8d5348e4f2c83628401a2b1abd76bb630d48fdd7f4a3217d36bd,413
clean_dataset/tomato_dataset/val/late_blight/81745.jpg,late_blight,tomato_dataset,d1179ca328cd62263481fa4bba8f59f1f7c2f91ff0a8e49ac59c12dfbc30f931,414
bounding_box_dataset/tomato/val/late_blight/81745.jpg,late_blight,tomato,be5c86e58872f7c6b132343877fddeed33616f5587c07aaaed8e89b72a5a78ea,414
bounding_box_dataset/tomato/val/late_blight/81748.jpg,late_blight,tomato,5937681998e26ce207cf62b93d6531880ecfa3dc8685f57517efbd3a57d476b6,415
clean_dataset/tomato_dataset/val/late_blight/81748.jpg,late_blight,tomato_dataset,443ec18fe50e852c0acb70876333ae6fd124f74d28082cf89c9b14a8b319bb45,415
clean_dataset/tomato_dataset/val/late_blight/81750.jpg,late_blight,tomato_dataset,7ec024dbeaa0aad9446709804e324268d8cdf77fc6e02ef77f9898da6e6e9dda,416
bounding_box_dataset/tomato/val/late_blight/81750.jpg,late_blight,tomato,10784cefd5b30eb401d42959e9ba1ef1909ea45710ce5f2bd379a604c66d119f,416
bounding_box_dataset/tomato/val/late_blight/81823.jpg,late_blight,tomato,ce9fccdcdb295bafc67e6312117e15125adf4e6c9107564b81f5748d4f06f865,425
clean_dataset/tomato_dataset/val/late_blight/81823.jpg,late_blight,tomato_dataset,4d535211b2d2332a0422920b141b01dc4e7fcd7a57d09f951e2aeadcfa96999e,425
clean_dataset/tomato_dataset/val/late_blight/81832.jpg,late_blight,tomato_dataset,cc1d65fdbc52cd1f823082803793e8608c6502ab29a2e3d91ac7587a625ee5eb,426
bounding_box_dataset/tomato/val/late_blight/81832.jpg,late_blight,tomato,97c64089cd1a5a85360e2e4cd44b3cc5d6a4936be2f24fe7efd142b946b6783f,426
bounding_box_dataset/tomato/val/late_blight/81842.jpg,late_blight,tomato,52c0a38e91d0b1ac2ed8337ef138e75c63275adbf76b92e4cee02360f035ca20,428
clean_dataset/tomato_dataset/val/late_blight/81842.jpg,late_blight,tomato_dataset,762907f55bd4b9ee911d7a1ffdc08c1633d657feafe9af096c0525995a622cf2,428
clean_dataset/tomato_dataset/val/late_blight/81871.jpg,late_blight,tomato_dataset,3c26a2febf5f8e322b5aa76d91de06e04bd73c0d82cb7d5372d96d8b75c01e04,429
bounding_box_dataset/tomato/val/late_blight/81871.jpg,late_blight,tomato,a1fd294b0b4c3fd05bb3dba22ccec3fe7e4aa4b9da3d4c617404bff553147353,429
bounding_box_dataset/tomato/val/late_blight/81897.jpg,late_blight,tomato,312cf7b9058faae64192cb940a27e0f32fad3fa65122aae3c5a3f38b555abb46,430
clean_dataset/tomato_dataset/val/late_blight/81897.jpg,late_blight,tomato_dataset,bd928e98dc228eb0046eb93790ad74629a3a4090fe6277ac7a8b7b65df8dc551,430
clean_dataset/tomato_dataset/test/late_blight/82236.jpg,late_blight,tomato_dataset,3812aeaae9be99801b5812be67059b657fac46ad91270af8840a532dcf24e883,440
clean_dataset/tomato_dataset/val/late_blight/81972.jpg,late_blight,tomato_dataset,a4459da810806315ba49d5ed5cea4311a70e2027711776652952f49447474407,440
clean_dataset/tomato_dataset/train/late_blight/82178.jpg,late_blight,tomato_dataset,3be6267dcbd8ff4cf97d88c48fe54d6545243c6fb3d139361a3fcee9db115757,440
clean_dataset/tomato_dataset/val/late_blight/81988.jpg,late_blight,tomato_dataset,3c6d68fb9e2daba5d713cf58d98a29974679ab169381e1f0997898c3926f4457,441
bounding_box_dataset/tomato/val/late_blight/81988.jpg,late_blight,tomato,5c99804999dc21c369bfefad703d1a70306742d39fa484415f8fe8e14aa40ec4,441
bounding_box_dataset/tomato/val/late_blight/82008.jpg,late_blight,tomato,8af68ec70a5ad1d1b95e3acc44dc07f800f1110b901c95961afc12c28cde4644,448
clean_dataset/tomato_dataset/val/late_blight/82008.jpg,late_blight,tomato_dataset,66834049d14e26559f3ebc60914e60fd3353ef72c82bf6c222b765b79835029e,448
clean_dataset/tomato_dataset/val/late_blight/82017.jpg,late_blight,tomato_dataset,e1dcf531ec3accf7a7320440e457a6fc6fc3a257135be91d052d2696a0b5deb4,451
bounding_box_dataset/tomato/val/late_blight/82017.jpg,late_blight,tomato,c015fb48a1055e37214faf596eee10512c79fa3ab2716d7cabfd3c90647b981f,451
clean_dataset/tomato_dataset/val/late_blight/82020.jpg,late_blight,tomato_dataset,4f02b4b0ce71156c404ca2fffb209d791fcac8f28de5debb15e6fdfedbfe0093,453
bounding_box_dataset/tomato/val/late_blight/82020.jpg,late_blight,tomato,cf8ccfdf48838a8b5e54d291531bb2f5aef8976a5e7b0fdffa58eb20314b5b05,453
bounding_box_dataset/tomato/val/late_blight/82023.jpg,late_blight,tomato,fc05bcf52a25fd6a6b2b87579a6e20f5d7403454176ecbc961dd4f31cb8dceb3,454
clean_dataset/tomato_dataset/val/late_blight/82023.jpg,late_blight,tomato_dataset,6c7119dd53f4fd5666a6d1edbc108a2b6751c3ab2e0dcf014f0cd28a1e23cd5d,454
clean_dataset/tomato_dataset/val/late_blight/82042.jpg,late_blight,tomato_dataset,2bfadb7fd89a7035de63440fbd1582a3bde854f6d99b862750803adf99575735,458
bounding_box_dataset/tomato/val/late_blight/82042.jpg,late_blight,tomato,cdf20a0d033adda95e402632f0528f519d372ba366d488152cf2dc9f8c0748d0,458
bounding_box_dataset/tomato/val/late_blight/82062.jpg,late_blight,tomato,2b634aa61392c415fcc197da09d23f4d6505008ba6004c6bd2ca0f7e58e3b0be,462
clean_dataset/tomato_dataset/val/late_blight/82062.jpg,late_blight,tomato_dataset,c2770d872f1584d2bfdb35e61096e6b6a012261cd232d6af237a0ab928d2fe84,462
clean_dataset/tomato_dataset/val/late_blight/82096.jpg,late_blight,tomato_dataset,f5247109f88d1763f4c7a326a58f1d82dec62de36c37aa5ba7b1a5b8e16dd949,470
bounding_box_dataset/tomato/val/late_blight/82096.jpg,late_blight,tomato,33617887e8103cf5099e14a09d5f9efd875f7cd971bbe45e45a6823fe8ec5e00,470
clean_dataset/tomato_dataset/val/late_blight/82124.jpg,late_blight,tomato_dataset,c0135eda0eef6cdef8aeab3e891fa32fdb0e2637c02ca14ad64cc6aaecf11763,475
bounding_box_dataset/tomato/val/late_blight/82124.jpg,late_blight,tomato,de179e3a4d7c974fa9ceeab58902afb8d4b2033d1155e4b40b0f771dfdab76c3,475
clean_dataset/tomato_dataset/val/late_blight/82169.jpg,late_blight,tomato_dataset,b3b7f72b631a2b56394eacc6df06bd8e43301f42f931c6650bca3a2126a50640,483
bounding_box_dataset/tomato/val/late_blight/82169.jpg,late_blight,tomato,f3105e380b0897e6dc9fcab5bbc262cff3e96d60709556f87e5adb5609d02015,483
bounding_box_dataset/tomato/val/late_blight/82183.jpg,late_blight,tomato,77fea96d6378c632a5c956b521662c21c6c926a98ba32169dec640029836fc38,486
clean_dataset/tomato_dataset/val/late_blight/82183.jpg,late_blight,tomato_dataset,3d9919f16c390e1b706a077a3afa18902f73c466c5bb303612d5ac5a2e548731,486
clean_dataset/tomato_dataset/val/late_blight/82192.jpg,late_blight,tomato_dataset,193de5ac9da7d3db7002b4ebd230c09b1a303628d42c04d479f1031ec7c06fc2,489
bounding_box_dataset/tomato/val/late_blight/82192.jpg,late_blight,tomato,d05a50a194d07204f514c76b8ab2e5b8012542f987a80141a3526d447b9791e9,489
bounding_box_dataset/tomato/val/late_blight/82229.jpg,late_blight,tomato,e3737ecc97e985f58ec1db47852c871965dc3d448310a2c7de9866af35d60bdf,495
clean_dataset/tomato_dataset/val/late_blight/82229.jpg,late_blight,tomato_dataset,e711f19c6429c3b7427a615f57353d90a382e22a6a945ef8f194aacd6aae9f38,495
clean_dataset/tomato_dataset/val/late_blight/82235.jpg,late_blight,tomato_dataset,195780c0eb7c13d09d1118f5d99991d5f6ddff38db58478b4aa376c4fc85b61c,496
bounding_box_dataset/tomato/val/late_blight/82235.jpg,late_blight,tomato,869762a63304d33189fd4c719a7d846e8fcfd2345df7f7d69dd3c8220c1d1fbf,496
bounding_box_dataset/tomato/val/late_blight/82238.jpg,late_blight,tomato,7546086b006517a8a6a6d379eb35ce2e1698cd94a243f49925c83cbc5e69d99c,497
clean_dataset/tomato_dataset/val/late_blight/82238.jpg,late_blight,tomato_dataset,6e5103f48ffef4876289010379f78d40a98e60f5337f07fc788a77f682b179a4,497
clean_dataset/tomato_dataset/val/late_blight/82240.jpg,late_blight,tomato_dataset,e3a1118cbca9c92c39496dbb1403f215c9aa46dd8c13a27aaf602f395a63da41,498
bounding_box_dataset/tomato/val/late_blight/82240.jpg,late_blight,tomato,f0b10f1f643dc99ada5b2b201fc43fb872861029362f58eb744e7d479f40d4d3,498
bounding_box_dataset/tomato/val/late_blight/82245.jpg,late_blight,tomato,c8d1ba1c2ec202c90761c3fac483d543ffe8bfa2f1380ec4ee95b84b5acc5e4a,499
clean_dataset/tomato_dataset/val/late_blight/82245.jpg,late_blight,tomato_dataset,166bf15023c942f47789129bd95f7b5168e764f47db2a5dfae291d730b86fdd5,499
clean_dataset/tomato_dataset/val/late_blight/82246.jpg,late_blight,tomato_dataset,22854a3a2621947aed07d1b61f4bc542f5d18e7804203b3c29b176a72e60b553,500
bounding_box_dataset/tomato/val/late_blight/82246.jpg,late_blight,tomato,1e6ea256f11c79d698362b7d95ece350c1335a44111bdb69d24fe6ed8c9250d2,500
bounding_box_dataset/tomato/val/late_blight/82260.jpg,late_blight,tomato,51ec9ebc002719eb124514e7a77bcb0107b3f7bb5e0c38bf5a14fd6ba5f9068e,501
clean_dataset/tomato_dataset/val/late_blight/82260.jpg,late_blight,tomato_dataset,11ebeee2484f89d3725fe13903ebef7f45066f8f6cf6cb62ad3f0c5afcf3022f,501
clean_dataset/tomato_dataset/val/late_blight/82263.jpg,late_blight,tomato_dataset,45d08dc694f07ff25c72e7a437a1e5dbfd5d7277eedc3b50ba699d446168fb83,503
bounding_box_dataset/tomato/val/late_blight/82263.jpg,late_blight,tomato,29a28670d67e40abd841e740cb03ba5737f8a9288cae59103d499725b4b427ac,503
clean_dataset/tomato_dataset/val/late_blight/82284.jpg,late_blight,tomato_dataset,2735e6a8376663f192741ca98c7d344c0305381310041104b0871e724601bc12,504
bounding_box_dataset/tomato/val/late_blight/82284.jpg,late_blight,tomato,0501567e1979dc8519e71545fefe78c2fb306b5dd0e83ab82b8ff67f40cff42d,504
bounding_box_dataset/tomato/val/late_blight/82297.jpg,late_blight,tomato,24944479083fd6ea7654a6f2ea9d012a4735b718df43a127fc309a7dd1e9f975,505
clean_dataset/tomato_dataset/val/late_blight/82297.jpg,late_blight,tomato_dataset,f3a648d8430e8f01bfa7d91753a02a73e7c0a7f3c9f8517fba553aa75b927b6f,505
clean_dataset/tomato_dataset/val/late_blight/82302.jpg,late_blight,tomato_dataset,148ae4c479cfde31e5bf6d85e78e2f71ebe676767fe483f6ae9657bdd4511191,506
bounding_box_dataset/tomato/val/late_blight/82302.jpg,late_blight,tomato,327e2caaceb1d140ee4a6782dd781d94437f41331a1a8ac3e14be0ed21927469,506
bounding_box_dataset/tomato/val/late_blight/82367.jpg,late_blight,tomato,b26a3bee168e4343dbb461192e05493d8c12c945b2718931be385e2883345711,514
clean_dataset/tomato_dataset/val/late_blight/82367.jpg,late_blight,tomato_dataset,d20bc0e475c16c4c8990f818f2bef091d5fff45d15e4a5c30d429051b8edc9e1,514
clean_dataset/tomato_dataset/val/late_blight/82371.jpg,late_blight,tomato_dataset,aaea95065bb37e24b80b104a69fb989e72592c594c72dac663da18ff861c7671,515
bounding_box_dataset/tomato/val/late_blight/82371.jpg,late_blight,tomato,baed6e9507dbc78faa622ffd56f94ea70258c0901d3ec0cee3ab4e5472ee726a,515
bounding_box_dataset/tomato/val/late_blight/82375.jpg,late_blight,tomato,5d50fcb2ec94de5164e06cb4f5bcce6e0b190e8367e89f827a41bd71616cf4d8,516
clean_dataset/tomato_dataset/val/late_blight/82375.jpg,late_blight,tomato_dataset,fd9e78950ac624d348e0a9197b624dae0591086402fff395516a67831d474b82,516
clean_dataset/tomato_dataset/val/late_blight/82393.jpg,late_blight,tomato_dataset,7183a1a3c03cb7e36c277485f7b8cba4b3df80c0035e27764622c7323a8b30cc,519
bounding_box_dataset/tomato/val/late_blight/82393.jpg,late_blight,tomato,ec3380e9729b4f2a23fcb424ec558f81621fb3eaaef9a1bea95c3d7f4d0e7917,519
bounding_box_dataset/tomato/val/late_blight/82417.jpg,late_blight,tomato,1d816b2cc8596e89af9ffd333e30013d205dd21c3c496f5c180a989a130c13fe,523
clean_dataset/tomato_dataset/val/late_blight/82417.jpg,late_blight,tomato_dataset,e671951eb14438dc0e326282f3279a5cc380783bff688955e2e3d8103b898744,523
clean_dataset/tomato_dataset/val/late_blight/82437.jpg,late_blight,tomato_dataset,95ebbf209abf8696572735eb60177ff58cf61c17588aa956da9e5eea89bfd563,525
bounding_box_dataset/tomato/val/late_blight/82437.jpg,late_blight,tomato,b09c99e832b900a82a5b1c0b531fa9b6944250bf1fedb31fe59e52f3fd2ac81c,525
bounding_box_dataset/tomato/val/late_blight/82451.jpg,late_blight,tomato,430879f3329698c1499cb48a9ebcf8ea6cd6a089a754d4138a95b64a1d9f4077,528
clean_dataset/tomato_dataset/val/late_blight/82451.jpg,late_blight,tomato_dataset,59fba04fd245b427fc6e8dccf73425665a6baa46bc58bd70f9da1e99d96c30e8,528
clean_dataset/tomato_dataset/val/late_blight/82460.jpg,late_blight,tomato_dataset,c929abdd1c92bb7651184cce2796292333d7a65b1c10322f2e0f1507a96e64fd,531
bounding_box_dataset/tomato/val/late_blight/82460.jpg,late_blight,tomato,a95b8076a7b2cbbfbf7478dea7990a4803660dcea85a1f3b543d8e78aa9ec966,531
bounding_box_dataset/tomato/val/late_blight/82523.jpg,late_blight,tomato,86e4410159c64aa3f0dfc2f38cc0d4ae280822e6d7d7b9accd1f64d075801a13,538
clean_dataset/tomato_dataset/val/late_blight/82523.jpg,late_blight,tomato_dataset,cfdb0816c57cc8a046c51e3bf3f33d32891d108c689c1b2cfe3dd2ffc2a9efd9,538
clean_dataset/tomato_dataset/val/late_blight/82576.jpg,late_blight,tomato_dataset,c3dc46d9d99ea8582f2a0222e365153fe64c116a6118cdcfb6d531f9312a2185,544
bounding_box_dataset/tomato/val/late_blight/82576.jpg,late_blight,tomato,98a6807ae4d75ce260d63917ad10e92a9b5e3e3de9bc8049a47deb99f9bcf789,544
bounding_box_dataset/tomato/val/late_blight/82582.jpg,late_blight,tomato,cc51ae2c84692c422531564294df40d7ab9912a61ad2f381ef0a9217d9c9437f,546
clean_dataset/tomato_dataset/val/late_blight/82582.jpg,late_blight,tomato_dataset,facebf640b21f6f96f2e52467e821bfdb85fd51164776a720d05fc20b622f2f4,546
clean_dataset/tomato_dataset/val/late_blight/82591.jpg,late_blight,tomato_dataset,df8292f03dc205ce267de993731d856cdc482e6b64f564448cf36ed970f7f210,548
bounding_box_dataset/tomato/val/late_blight/82591.jpg,late_blight,tomato,7ce32e326dc06b08631f289a0c3e6c43ea644ad050767835b427130c905a6f7c,548
bounding_box_dataset/tomato/val/late_blight/82636.jpg,late_blight,tomato,a578270d7830807a5aac7c6ac834ba137e3ceb76845cf3288562b999fc9cbefc,553
clean_dataset/tomato_dataset/val/late_blight/82636.jpg,late_blight,tomato_dataset,05d0e791650bf62baa88ff13e63cb33c4f6460ed18952e9cf7d1a56b20c7ab87,553
clean_dataset/tomato_dataset/val/late_blight/82702.jpg,late_blight,tomato_dataset,b0e52658b2dea65dc8f09e16386629bc494d9bba1f96be8f87e2ddecaa35ba93,564
bounding_box_dataset/tomato/val/late_blight/82702.jpg,late_blight,tomato,ed637223f8fec6571306b7b3a099006002e39fcdec636baf30285dccbc2f2817,564
bounding_box_dataset/tomato/val/late_blight/82715.jpg,late_blight,tomato,302d7476c852bb8ce2d46b0b3e4054f39997feb11007d072e017f5907a148402,567
clean_dataset/tomato_dataset/val/late_blight/82715.jpg,late_blight,tomato_dataset,468b9ad14a1a4af3c8df7e2222a68c81d005beff2ad231425f08d502bc9feaeb,567
clean_dataset/tomato_dataset/val/late_blight/82724.jpg,late_blight,tomato_dataset,992ff1d1f74706a89392943976d9edcf4d1d39f4f4a74f72a20148c2d4d4b29b,568
bounding_box_dataset/tomato/val/late_blight/82724.jpg,late_blight,tomato,8a2c3e2428013c01f929c3c12bd631ced6aa75626ed03a5ce09c00d64624895c,568
clean_dataset/tomato_dataset/train/late_blight/81533.jpg,late_blight,tomato_dataset,f6c8772f5a212a4fa29311d3ca1b56fe02bc2b113cb8895e3b7a11709fee880e,569
clean_dataset/tomato_dataset/val/late_blight/82740.jpg,late_blight,tomato_dataset,31a87d8b53017c4eb380cd8a077897b481b8c69a4fb659c48aa74555d1d1bb42,569
clean_dataset/tomato_dataset/val/late_blight/82752.jpg,late_blight,tomato_dataset,15ed33aa3b8e6f890593116c1c9999ff15086cbcced7a8c292e745bbca4ed2c0,570
bounding_box_dataset/tomato/val/late_blight/82752.jpg,late_blight,tomato,158a01ac35efcda4a351900aac6ef136bf7bf3077894a554ac51aa94647be9bf,570
bounding_box_dataset/tomato/val/late_blight/82803.jpg,late_blight,tomato,fee91f54be5faa9a03f396f2b98058e8d5e73135ee2ecb195f799e84b395ccd6,574
clean_dataset/tomato_dataset/val/late_blight/82803.jpg,late_blight,tomato_dataset,410abbec6fb75ebe2bb47b5cdc41b2475f7f77983daba92fe4aa77e0faa0eacf,574
clean_dataset/tomato_dataset/val/late_blight/82886.jpg,late_blight,tomato_dataset,f98dccd8d2d3d7919288e8156626d0a8bbf9b51d2b48f172a417ffd2c593bdd8,587
bounding_box_dataset/tomato/val/late_blight/82886.jpg,late_blight,tomato,ba02dbbd00063951a06707cb99a13b166ae57f1ed746597415a3afc7d7d58341,587
bounding_box_dataset/tomato/val/late_blight/82927.jpg,late_blight,tomato,c5de7783387552c3494fa1139c4bafa0312338df9a9d1c2257acbd5baa491463,592
clean_dataset/tomato_dataset/val/late_blight/82927.jpg,late_blight,tomato_dataset,714c00bf02a3428b1fcd88ac820c95c5327261b0eee6434ca088848eebd5bdf4,592
clean_dataset/tomato_dataset/val/late_blight/82941.jpg,late_blight,tomato_dataset,51ccfde6dc3ab1c8e5fd64fa88366caba3de08c37b2c1d6900e94819e151fa2d,593
bounding_box_dataset/tomato/val/late_blight/82941.jpg,late_blight,tomato,be87f0d43661f49de8e20c972398cc7acc8e450165313ab4f72a19452b7391ba,593
bounding_box_dataset/tomato/val/late_blight/83013.jpg,late_blight,tomato,1f85811f234bcb0b38fd2c99a61d68776632fad32fcfe81a092fc09c6fbdb5d0,608
clean_dataset/tomato_dataset/val/late_blight/83013.jpg,late_blight,tomato_dataset,3fd064e1e7b1e6a88a368998ec5ae4098d8194a2e7fda27443b47184cad130f3,608
clean_dataset/tomato_dataset/val/late_blight/83024.jpg,late_blight,tomato_dataset,71006342953eb2976a7a1cf529e15e804aa34443a2a51beeeebdacd826816f5f,610
bounding_box_dataset/tomato/val/late_blight/83024.jpg,late_blight,tomato,633e004d756930ba54a2c66f464041cde4856def683963cdfd190d2ea5a7e1f8,610
bounding_box_dataset/tomato/val/late_blight/83052.jpg,late_blight,tomato,438a2c056e44f64de5ae8a2370fe74f6fa1ac08cdec73ea184aa0dcd9b597a4c,612
clean_dataset/tomato_dataset/val/late_blight/83052.jpg,late_blight,tomato_dataset,8f374a24c7129ec679101d178e6fc82497d6ccaed79dd5f4398fb64a40774179,612
clean_dataset/tomato_dataset/val/late_blight/83059.jpg,late_blight,tomato_dataset,b2bdde29eec454fa11b0b307a9439b3623911fa8e9f4e631d110b117f7de6bf7,614
bounding_box_dataset/tomato/val/late_blight/83059.jpg,late_blight,tomato,3ddcacd1facb9902ffedb7ae2af758140f59e14c98acd14c51c8187e09a73538,614
bounding_box_dataset/tomato/val/late_blight/83066.jpg,late_blight,tomato,c362d62c69e83759af6e59c4762a55b17704b9f54eb6a71cce5500a88b9167f5,616
clean_dataset/tomato_dataset/val/late_blight/83066.jpg,late_blight,tomato_dataset,258bf2dcfc4930f70bfb99aa19f64481557008658e6630b4360a06bd32fee662,616
clean_dataset/tomato_dataset/val/late_blight/83076.jpg,late_blight,tomato_dataset,2d87ceba898fc6780443717348053a639117cd069b7991e6630097357e0a6517,618
bounding_box_dataset/tomato/val/late_blight/83076.jpg,late_blight,tomato,fddfda24455703a4e3321a4842bf0caa1c588b08f30a7f5bf7cea80fa7457037,618
bounding_box_dataset/tomato/val/late_blight/83088.jpg,late_blight,tomato,7539f06936eba0b490c19945b36d59c92f4d54f02954de8571fffe20a1d2e213,619
clean_dataset/tomato_dataset/val/late_blight/83088.jpg,late_blight,tomato_dataset,412ed0a51d742f4dd3c4353bda2bb566abe9cb1a2a21ee721992dc5313bf06d0,619
clean_dataset/tomato_dataset/val/late_blight/83093.jpg,late_blight,tomato_dataset,f322b500e108e57486592737f948ee8e2d11e4d149c24f68cbd346b1a614f2ae,620
bounding_box_dataset/tomato/val/late_blight/83093.jpg,late_blight,tomato,1bf0ccb1d2ed59b7264325b64dd08397df45879450aeecb9e34d5c338cbc7d1b,620
bounding_box_dataset/tomato/val/late_blight/83103.jpg,late_blight,tomato,0453599aa8030742199ad4e434c376df9abdf687d010c0653121679b1a11e44d,622
clean_dataset/tomato_dataset/val/late_blight/83103.jpg,late_blight,tomato_dataset,a7edf7858a0a267e2754766eb9d92b8d21fe591b40e482164b7db4e415c62ad1,622
clean_dataset/tomato_dataset/val/late_blight/83107.jpg,late_blight,tomato_dataset,cb3adca843461860bd35ad06ca1b9a8baf8352c92c5b930fb0d28649363ae2f0,623
bounding_box_dataset/tomato/val/late_blight/83107.jpg,late_blight,tomato,781d837bd330679c2c19b3c239b1cdb0d862f3dd2db82f4f1e719e51479ea554,623
bounding_box_dataset/tomato/val/late_blight/83122.jpg,late_blight,tomato,4bf81395ea6b3012efb9bb26668522b209a21d436f18ab36281eeb10ff74f8dd,625
clean_dataset/tomato_dataset/val/late_blight/83122.jpg,late_blight,tomato_dataset,a3fa2ac9b94bc0d3e02bf6aa1163f4e3fc4059fb8a595fc11fb632902323aa2e,625
clean_dataset/tomato_dataset/val/late_blight/83139.jpg,late_blight,tomato_dataset,00b79235e0550791fc8d360ce0add1c77ab398da0e43abf352c131e01c3c1555,627
bounding_box_dataset/tomato/val/late_blight/83139.jpg,late_blight,tomato,b1e4ec5aed75da2e7a0bfe208106009acb9c2c79030afa567123f60655717696,627
clean_dataset/tomato_dataset/val/late_blight/83168.jpg,late_blight,tomato_dataset,8ee64cb594df3a2f8708f654e167d363a66d28b1691c6ea9bb6b63a2daef5db2,630
bounding_box_dataset/tomato/val/late_blight/83168.jpg,late_blight,tomato,5e61458512c51eb0e664c2a185973a2e06a60188238dff91ce954183b7940b98,630
bounding_box_dataset/tomato/val/late_blight/83192.jpg,late_blight,tomato,e0312c3ba9e90564318c2fa1c44a29bfa6239f5fb5e64a96de2b815680c73cdd,632
clean_dataset/tomato_dataset/val/late_blight/83192.jpg,late_blight,tomato_dataset,dc125714e68ce09a65ec4b139596e49c7c357c6328bc2306be5981119488c20d,632
clean_dataset/tomato_dataset/val/late_blight/83229.jpg,late_blight,tomato_dataset,7db6019ac8188af84211d735d633044a1a105db5d20355f6c2a1e450975c4cd8,638
bounding_box_dataset/tomato/val/late_blight/83229.jpg,late_blight,tomato,d95b54ec7397b48aa07de297709e07fc21ee63ef057ced5d7a589b4e18f82dde,638
bounding_box_dataset/tomato/val/late_blight/83233.jpg,late_blight,tomato,8b81368fdff3023a0020a0fa7d2bb5df949913fbbd14835d15e7a84d6dc4d674,639
clean_dataset/tomato_dataset/val/late_blight/83233.jpg,late_blight,tomato_dataset,ccf8aeacc0d033aec8c1964878ad92bd9f6f8f9398f01baaeb996a1589fb6398,639
clean_dataset/tomato_dataset/val/late_blight/83266.jpg,late_blight,tomato_dataset,3efd72d08c835f39a9b005259ced670555111f5ae029ded6ba83244f0566aa62,642
bounding_box_dataset/tomato/val/late_blight/83266.jpg,late_blight,tomato,0edac21523ca9e7dcd164ce5cd8aec530e91be4e7558639db82ece0128774f53,642
bounding_box_dataset/tomato/val/late_blight/83302.jpg,late_blight,tomato,69884600db11b2173d15032568d191734f13e7af06952cb7f56c1800c370ae09,647
clean_dataset/tomato_dataset/val/late_blight/83302.jpg,late_blight,tomato_dataset,3067f616dfe1e4742f2a5afac13a05b4f1fd22eb205403cf2dab5bea73849c72,647
bounding_box_dataset/tomato/val/late_blight/83387.jpg,late_blight,tomato,a5e8662d212427d8437462516917662be1e2b131448c4e487436cbd9b39c608d,661
clean_dataset/tomato_dataset/val/late_blight/83387.jpg,late_blight,tomato_dataset,878298f2b00a1479425d5e0e78f32e2a734249c36a20ff1712e7d7f6ad6bcf4e,661
clean_dataset/tomato_dataset/val/late_blight/83395.jpg,late_blight,tomato_dataset,1276925f2ce4416880e01d8fab22679f0f9e911df851e20b4d7c939c0ca2043a,663
bounding_box_dataset/tomato/val/late_blight/83395.jpg,late_blight,tomato,5378cc24d1eff4110d7229d14181220bc0fdbe5062b09f942ec0a0606e90f0bf,663
bounding_box_dataset/tomato/val/late_blight/83408.jpg,late_blight,tomato,7b08d11474033f8e319f8bb92fcc5b15c44360dac7f2affa05c605ad250e9bfa,666
clean_dataset/tomato_dataset/val/late_blight/83408.jpg,late_blight,tomato_dataset,a7376960c19300b9ab8bc110a11474291f337c56e2de75e90e9db1b77c211b99,666
bounding_box_dataset/tomato/val/late_blight/83418.jpg,late_blight,tomato,e2b53c64dda69d0e36e3a7a5efd068ed1bc9b3866e6671d13502ad35e1d270fa,667
clean_dataset/tomato_dataset/val/late_blight/83418.jpg,late_blight,tomato_dataset,7bcc89d07f4f76b9b2a0716d2a920c9090ba0eb9cd94c20bad97d11140129b16,667
clean_dataset/tomato_dataset/train/early_blight/80513.jpg,early_blight,tomato_dataset,e443ef0d53fcaf6bf7e570283f1872c810cb1c288411c00b105a4e587e7e3b92,671
bounding_box_dataset/tomato/train/early_blight/80513.jpg,early_blight,tomato,d43423c94c56a1377f94f57cb0ac69dee2e275d5b5a7991193f017516dbccea3,671
bounding_box_dataset/tomato/train/early_blight/80517.jpg,early_blight,tomato,c2390b547121b4fb45d118730a63bd039b41ad583cdf61f12a4fa55284d7ffd2,673
clean_dataset/tomato_dataset/train/early_blight/80517.jpg,early_blight,tomato_dataset,1ea0ff496ea6ecafeb660172347703e115a6c80c430a96336a871cc6d776dd9c,673
clean_dataset/tomato_dataset/train/early_blight/80520.jpg,early_blight,tomato_dataset,06c4241433588e30a174ca9ce3dcb97f777b83d8e1b75f8b860cf8bf0d745e3e,676
bounding_box_dataset/tomato/train/early_blight/80520.jpg,early_blight,tomato,210b973926b745c66139d524f93c54bc05ea829a1d95ffb99cffc4057ec4a790,676
clean_dataset/tomato_dataset/train/early_blight/80523.jpg,early_blight,tomato_dataset,a34daffda6459784577c15843971b3f396ac9602105b1f6aaf1eec832e7d2fb3,677
bounding_box_dataset/tomato/train/early_blight/80523.jpg,early_blight,tomato,a7379688287a7b13f5da83dafa61ca378692cf2837b4d147546df1204050f21b,677
bounding_box_dataset/tomato/train/early_blight/80526.jpg,early_blight,tomato,9d9bbfc767f6c37f47bb1009f70dcd96ab155363f89c1583adac4d11fadb9ec0,680
clean_dataset/tomato_dataset/train/early_blight/80526.jpg,early_blight,tomato_dataset,a171d7a6890d8b83c7ffe17abf60bc501da562b07a412a36e07b6d3f0ceeebe1,680
bounding_box_dataset/tomato/train/early_blight/80529.jpg,early_blight,tomato,fcc0a03775341134c4b4d96036317a2e707ac2f0f13a466818f503861500efff,682
clean_dataset/tomato_dataset/train/early_blight/80529.jpg,early_blight,tomato_dataset,81445499fb3725504c650861addd3d7d1d741642c7c6cca737a6559eaafb2baf,682
clean_dataset/tomato_dataset/train/early_blight/80530.jpg,early_blight,tomato_dataset,97e5faf2c526367aa4dc4102cc6b929694b522621411824c8d46c7031677fdf3,683
bounding_box_dataset/tomato/train/early_blight/80530.jpg,early_blight,tomato,cd6ccba8eb6b29639e2fdaed31dcc7711aa0c65a446d95bb9e58394595e02b3b,683
bounding_box_dataset/tomato/train/early_blight/80533.jpg,early_blight,tomato,f082e0599c428ab8737272467cc9721c03cf4ae690b22574a74c3ccb8038a112,685
clean_dataset/tomato_dataset/train/early_blight/80533.jpg,early_blight,tomato_dataset,0284b9fbc603fdd3700886df632d766dcfc2164b1f84660f2560c434e02aa50a,685
clean_dataset/tomato_dataset/train/early_blight/80537.jpg,early_blight,tomato_dataset,1a26cfa1398f105dbd90756356d072deea30d24eb5939869a28cbc485ab04a8c,688
bounding_box_dataset/tomato/train/early_blight/80537.jpg,early_blight,tomato,18f99b43e589e7d9b4605b2466e78900c9fd4a3129f1d158fe1ba3d79f2342be,688
clean_dataset/tomato_dataset/train/early_blight/80538.jpg,early_blight,tomato_dataset,ba630124b1ecce75c566c5926322156aa92c3e9620b44674d04b7e24ae8a9b0b,689
bounding_box_dataset/tomato/train/early_blight/80538.jpg,early_blight,tomato,b7c89765ca8181b74baad99355cddea449f5973e621a0d4da86ed156d9c2c53a,689
bounding_box_dataset/tomato/train/early_blight/80543.jpg,early_blight,tomato,f0cc9831139b25fccca7c1f6330f5cd1eae757c3a3b0888809477182848903a3,692
clean_dataset/tomato_dataset/train/early_blight/80543.jpg,early_blight,tomato_dataset,62e91c8995f22567ef984825d402ce8e44c529bfadda6c15c95d16ca5971dca6,692
clean_dataset/tomato_dataset/train/early_blight/80547.jpg,early_blight,tomato_dataset,1ab10abcbf9a88b3432e4d36b1f20e78b8a48351a2e76bc4bbbd85ed5749bbdf,695
bounding_box_dataset/tomato/train/early_blight/80547.jpg,early_blight,tomato,5363dc011b2c885a4c36631ac8e1edb47618f787ea699e0535509c4ddf3cdcf3,695
bounding_box_dataset/tomato/train/early_blight/80548.jpg,early_blight,tomato,731d35cb30ed99bebdd7deea69a4e09fe950277f7db532779dd049dbb17f2352,696
clean_dataset/tomato_dataset/train/early_blight/80548.jpg,early_blight,tomato_dataset,8b4c60ebee9c5dd4a9ca2ee1e65db7b5dbfbf3fd60233b09303564fe6a7abb06,696
clean_dataset/tomato_dataset/train/early_blight/80551.jpg,early_blight,tomato_dataset,27685938af1dc87cd4a9d25bd8ab7a456975406f331dd171f8ab12847e6878f4,698
bounding_box_dataset/tomato/train/early_blight/80551.jpg,early_blight,tomato,5948934bc4a186ee18b6249495ea4c10aa41bd0131bfcc7f8c0b3cd256776240,698
bounding_box_dataset/tomato/train/early_blight/80562.jpg,early_blight,tomato,156e7bd32968f907bdf91ab5f2f3d7fb1539e5b97d9b6114a1f3c24ed9c8d4b4,705
clean_dataset/tomato_dataset/train/early_blight/80562.jpg,early_blight,tomato_dataset,06824ed59195bd872d26119b58f99e7aacde399d9d4400950713128549b7d740,705
clean_dataset/tomato_dataset/train/early_blight/80563.jpg,early_blight,tomato_dataset,1dee6154d81964f54291aaf8d28976512bddbcf3e3f6b05126ed92f9c5934d2e,706
bounding_box_dataset/tomato/train/early_blight/80563.jpg,early_blight,tomato,1e49d435d74e2a57b2ca0bf8b1df07a53c4596240bd37468fef044f9b40d9ff2,706
bounding_box_dataset/tomato/train/early_blight/80568.jpg,early_blight,tomato,dc64bb8db02d3849cfe16d74fc1925b7b97f3bd707c165a594c9ac36b0ce90db,711
clean_dataset/tomato_dataset/train/early_blight/80568.jpg,early_blight,tomato_dataset,0adc7c1ab96053224f57a09021cdc4ce1c749d8b850d9afb2fdb6c38211a3be3,711
clean_dataset/tomato_dataset/train/early_blight/80570.jpg,early_blight,tomato_dataset,3edda7422f52322c70e387959e4580a72f7a530ef464e511a68b30f7d8505986,713
bounding_box_dataset/tomato/train/early_blight/80570.jpg,early_blight,tomato,6e087288526d0aac8fd3eba36c3c0ebe4101376a2266c0622f7a291aa7d780d4,713
bounding_box_dataset/tomato/train/early_blight/80575.jpg,early_blight,tomato,9e1a6a9a46de5a92d10abced325b55b68439e653f733a974ed43dafdc0520dbd,717
clean_dataset/tomato_dataset/train/early_blight/80575.jpg,early_blight,tomato_dataset,05d3d2b6f5cb44c811c02f5a4d0b75f48f1dc091e8968e30f80024acf290924a,717
clean_dataset/tomato_dataset/train/early_blight/80580.jpg,early_blight,tomato_dataset,02544e43f6a63f48d2a436df5f02d4f9c6870b4f3ac114cde3372fde08ac6b5e,720
bounding_box_dataset/tomato/train/early_blight/80580.jpg,early_blight,tomato,9dcb88ea16ae8b500313329e76c7fc25cc9166c1b6ddc9449c4428160ab242a2,720
bounding_box_dataset/tomato/train/early_blight/80581.jpg,early_blight,tomato,883070e61a2b1ffeecec75153b2205cd44680f1a3dc1a844c7b2ab940709e6d8,721
clean_dataset/tomato_dataset/train/early_blight/80581.jpg,early_blight,tomato_dataset,9fd38fbadd5a630deb3a348450591af56298460d794ff43e36c8170e9c0d80aa,721
clean_dataset/tomato_dataset/train/early_blight/80585.jpg,early_blight,tomato_dataset,cbb92691cf4ddf21bfe331cadd7a15c407c52905bc6366bf4e494f298e615da5,725
bounding_box_dataset/tomato/train/early_blight/80585.jpg,early_blight,tomato,cc7bb84bb31b0269c3c9a56aa5d720b09c1dc13f7ac34e3114ee4aeb43768b2a,725
bounding_box_dataset/tomato/train/early_blight/80586.jpg,early_blight,tomato,24cbaeec8a4ed6f51b9406b976a84cff0cac6f0ba29ac64db576a42eb96ffe00,726
clean_dataset/tomato_dataset/train/early_blight/80586.jpg,early_blight,tomato_dataset,aca1b34b43c282060e5aff6ddc0565b1b3bb5bbdf7478215d2f8747911c7cc43,726
clean_dataset/tomato_dataset/train/early_blight/80589.jpg,early_blight,tomato_dataset,13639d07ac8dc5c0a61bd0178ec6fd1a79ef521a4b04f99888175717db2224d9,729
bounding_box_dataset/tomato/train/early_blight/80589.jpg,early_blight,tomato,d7e83681c125e8ad2c473e0f543a178a66b9d47fe19d43f8b5f1ea2aa4a79d7f,729
bounding_box_dataset/tomato/train/early_blight/80593.jpg,early_blight,tomato,e80b06284a8f1bfc031a2914dbf6c010fb8542e4d0dfba9ec25093dc731a486f,732
clean_dataset/tomato_dataset/train/early_blight/80593.jpg,early_blight,tomato_dataset,a7ffd1c229d2390243ffbad0a6a63ebdf2bbb8b3740c9337207b164b2cdb90ca,732
clean_dataset/tomato_dataset/train/early_blight/80599.jpg,early_blight,tomato_dataset,eb0eb5416af16af306625a25e08de15facebb57a2afc6e335b1ed8adb6337d52,737
bounding_box_dataset/tomato/train/early_blight/80599.jpg,early_blight,tomato,b87516cdd9fadab1517c33ac9bee99c4cef82a93220d25a57cf30d608413bfb8,737
bounding_box_dataset/tomato/train/early_blight/80600.jpg,early_blight,tomato,d59bf2f18f2a83af5c483f0625430684d41342c7250346ad4dded644effd7e89,738
clean_dataset/tomato_dataset/train/early_blight/80600.jpg,early_blight,tomato_dataset,68f40841e8764dab84f2ee08c63e8a46aed2237ab15832aa55388eadfce24274,738
clean_dataset/tomato_dataset/train/early_blight/80604.jpg,early_blight,tomato_dataset,0112809041ab88369932a7c618101f03c94061497d5eee436b0d3f2e4daf0258,741
bounding_box_dataset/tomato/train/early_blight/80604.jpg,early_blight,tomato,21ebc89dbef088900720b85875487f84bdb38ee359f3d63c1acbed731829cd7a,741
clean_dataset/tomato_dataset/train/early_blight/80605.jpg,early_blight,tomato_dataset,9975cddf86553ba77c14bd0e6b60ba867935df55fc66a83955dc47aa5404aa29,742
bounding_box_dataset/tomato/train/early_blight/80605.jpg,early_blight,tomato,729b1fa5605c35300e607f7d0d6b3f8d9dd4f60330008c77531a8ab90efd38d1,742
bounding_box_dataset/tomato/train/early_blight/80607.jpg,early_blight,tomato,b41ebe264a02ad259f3ece222bdb28cfa2761812fe6d563b27afd2fd89ac6f4b,743
clean_dataset/tomato_dataset/train/early_blight/80607.jpg,early_blight,tomato_dataset,ac2c0369ac07d7ac4e898b6ccc15e116ff5796d382b109b2e1899eff746522f1,743
clean_dataset/tomato_dataset/train/early_blight/80615.jpg,early_blight,tomato_dataset,2cf591bbd3dcb08aad9556f94ee36e64dc6095be975ae557ff3d7366cbb500c2,749
bounding_box_dataset/tomato/train/early_blight/80615.jpg,early_blight,tomato,ec3bfe5df4ca3d4cc16a593882c913fdfac8ea64dea48f09fe9a7ff37ff2340f,749
bounding_box_dataset/tomato/train/early_blight/80616.jpg,early_blight,tomato,b01bbeff752818ff36dde3697e0e9220293433133825c9656a39b892752fd116,750
clean_dataset/tomato_dataset/train/early_blight/80616.jpg,early_blight,tomato_dataset,c50873287d59e822e8d2436da28dbcb115f09e4ba4e1a9a4dc6c304b1315f3a3,750
clean_dataset/tomato_dataset/train/early_blight/80618.jpg,early_blight,tomato_dataset,5dbf6dd5f283fb3800d24199461fad468e9845edec570299df458e8e9b7eedda,752
bounding_box_dataset/tomato/train/early_blight/80618.jpg,early_blight,tomato,3e1a2b09e36a2c254d608fc46b0f4ef101390629b97394e2a562bb5a49c2708f,752
bounding_box_dataset/tomato/train/early_blight/80619.jpg,early_blight,tomato,a4289dfd6919a9bdb781acdc5cf51c26dc79438f0a3129c268f653746816edcc,753
clean_dataset/tomato_dataset/train/early_blight/80619.jpg,early_blight,tomato_dataset,b5654f110d01ca4059d4693635038559d8d51698e4a793752b26f5451bc4e9a4,753
clean_dataset/tomato_dataset/train/early_blight/80624.jpg,early_blight,tomato_dataset,638313c70699b1f90888ca47d81e7f04f6d8d2bd5d50d7b57d8b60640548c4f6,755
bounding_box_dataset/tomato/train/early_blight/80624.jpg,early_blight,tomato,2d51be98b340dc18251e4d672264bc01c376c0773bce93b41069e13f4b984353,755
bounding_box_dataset/tomato/train/early_blight/80629.jpg,early_blight,tomato,8d3742811c0c0d904f3047c23c54f0ccc54356530611ac55ebb15cfafd352010,757
clean_dataset/tomato_dataset/train/early_blight/80629.jpg,early_blight,tomato_dataset,b842d367d8dfc975d1b7ee01b0da8a38683e947a815e3ac21200cc88c3f091c8,757
clean_dataset/tomato_dataset/train/early_blight/80631.jpg,early_blight,tomato_dataset,745d5ffc5d4a70418519ec0f4b6dee3c2edb4dc1c8d45799380443026811cc8f,759
bounding_box_dataset/tomato/train/early_blight/80631.jpg,early_blight,tomato,9252e30f78e86b2762efe921a660f760da0a2ff3602e463c8c990acfbb719297,759
clean_dataset/tomato_dataset/train/early_blight/80632.jpg,early_blight,tomato_dataset,c5d2791487f199bf11908f2a0ea31df61255b39cbc304cb107e35a5ee0be60ed,760
bounding_box_dataset/tomato/train/early_blight/80632.jpg,early_blight,tomato,cb6ffcfd3ca26f78487df638e7c5802c9c43796fc9849108a24cbe651eb76d97,760
clean_dataset/tomato_dataset/train/early_blight/80633.jpg,early_blight,tomato_dataset,cef3a0d14169dee328271b5ecf9797878831c7c6739b6d632c9fdcb13fc5fbb2,761
bounding_box_dataset/tomato/train/early_blight/80633.jpg,early_blight,tomato,634c6c4d801aec83a977ae00a828e645ee8d52aafa7b57b3c48bf31f826893c3,761
bounding_box_dataset/tomato/train/early_blight/80639.jpg,early_blight,tomato,a7f06192989b3b44b772f331a42918faf07e34885b495867eb393445b112199f,765
clean_dataset/tomato_dataset/train/early_blight/80639.jpg,early_blight,tomato_dataset,d6308a462efdc668cbdfa82e5000c975e7dd1e640e66de5d99163e963413cf76,765
clean_dataset/tomato_dataset/train/early_blight/80644.jpg,early_blight,tomato_dataset,9f5af9f01018addb7bef06a62e5ca666ab71561f8bdb1cee87d49f435bac8cfb,768
bounding_box_dataset/tomato/train/early_blight/80644.jpg,early_blight,tomato,a8f387e73be45532bcf49bdc92e1fa022c8b5532b8e9b7b5539251384c353ea8,768
bounding_box_dataset/tomato/train/early_blight/80648.jpg,early_blight,tomato,0bc88c44dd960184f0e07408d9401ed4197a898b68ec8710e90b3e073d52d45d,770
clean_dataset/tomato_dataset/train/early_blight/80648.jpg,early_blight,tomato_dataset,4b4d68a0e55cd09c1c8398f4cf0f86945076bb9f862886fe7538f4157486c4bb,770
clean_dataset/tomato_dataset/train/early_blight/80651.jpg,early_blight,tomato_dataset,86257e1a7cc4fb575b6008d7a0dda482d8681ede02bc0a1e13200b23ec56e267,773
bounding_box_dataset/tomato/train/early_blight/80651.jpg,early_blight,tomato,626869923feb571e9a3b0a6bcf7da7d67816bae865df46d8a8c10f1d511dd28b,773
bounding_box_dataset/tomato/train/early_blight/80653.jpg,early_blight,tomato,8018f24334398556c2c608e310e89533a1c0ef601bc06d5ab1006fa5a7f34a93,775
clean_dataset/tomato_dataset/train/early_blight/80653.jpg,early_blight,tomato_dataset,1550347837a47cc5578be8583fcb35d4e7ca9b4bddb4c1fd485fafd1f56170bc,775
clean_dataset/tomato_dataset/train/early_blight/80658.jpg,early_blight,tomato_dataset,66bc439bed4fad08b68ca5b7130fe3da5bc177b0dbc0894c2a8500e9467c9f66,778
bounding_box_dataset/tomato/train/early_blight/80658.jpg,early_blight,tomato,1e5ee275b6f8713b88245ae3a9e53cbc88cad17005b174e3bac6b4dab7695e31,778
bounding_box_dataset/tomato/train/early_blight/80661.jpg,early_blight,tomato,418ae635ec138cd93694d6ab5462f63414161ba1509f7d5c2f2b1bf321d3a5f7,781
clean_dataset/tomato_dataset/train/early_blight/80661.jpg,early_blight,tomato_dataset,2d91a8265dd22dc1032448ce71288d9d9afda39d567f50753a333a47df23c1bc,781
bounding_box_dataset/tomato/train/early_blight/80664.jpg,early_blight,tomato,6181c925d5b95f8f0f3344feb9ea260adcb7e9cc32912fb13aef7801dc68d0ac,782
clean_dataset/tomato_dataset/train/early_blight/80664.jpg,early_blight,tomato_dataset,fb391bd37fe62e0c2150926164040eb12823bb3cfb1ced230007498f3e19646a,782
bounding_box_dataset/tomato/train/early_blight/80665.jpg,early_blight,tomato,267987243a91dcd993b857d0724dfb5415b97704c2cf0b9474ce9b0da61b4e4a,783
clean_dataset/tomato_dataset/train/early_blight/80665.jpg,early_blight,tomato_dataset,93ae7c892f43d3e426d1ddd7372a0e15b2fda0418981845d8b5a3c5cb8e42f5b,783
clean_dataset/tomato_dataset/train/early_blight/80672.jpg,early_blight,tomato_dataset,36dca2745cf39dbb084b84d46f2bf491275107c17112166d2b70c997d15d463e,789
bounding_box_dataset/tomato/train/early_blight/80672.jpg,early_blight,tomato,236b15590c7a1eea5174eaa18a4d8de7a0e086d08fae5d3dd218e582d5651f28,789
clean_dataset/tomato_dataset/train/early_blight/80678.jpg,early_blight,tomato_dataset,78e01bc1db94fd2ca313565752a31c589bfb670190327b33f791ff0643861833,791
bounding_box_dataset/tomato/train/early_blight/80678.jpg,early_blight,tomato,0912aa80c0aa5c5f05fd75a60f91a552dc3fef49cb15c03d505c90fb7d551ddf,791
bounding_box_dataset/tomato/train/early_blight/80679.jpg,early_blight,tomato,c746cd41ecd7e96c4fb74a5ca7d97abf07e6a886c1a5a6d662b8efbac9e011ce,792
clean_dataset/tomato_dataset/train/early_blight/80679.jpg,early_blight,tomato_dataset,c95738a57a6cf2200193e59caad5cc10297a267c8e1d954e61b7aa78e9d55b8f,792
clean_dataset/tomato_dataset/train/early_blight/80680.jpg,early_blight,tomato_dataset,e3019dcb20ec82dd2482454ba52a1c3e70143e18eb423508ca7204013dce59e5,793
bounding_box_dataset/tomato/train/early_blight/80680.jpg,early_blight,tomato,b4fe2f51a687282912b5b99d7d9f42db0770ee421084e0c966b2a1cc7a5adef3,793
bounding_box_dataset/tomato/train/early_blight/80688.jpg,early_blight,tomato,06ea74c2c902834b738ee0c037a9649420b7af10513b6da5c63ad3f5c8c89774,801
clean_dataset/tomato_dataset/train/early_blight/80688.jpg,early_blight,tomato_dataset,df0dd382035c12d2def099048860f855ccb46bedfdc1cefd7ceaebf0e505f16b,801
clean_dataset/tomato_dataset/train/early_blight/80701.jpg,early_blight,tomato_dataset,ad0b150f36c37ac381df8821aafdcfaa403c5c736551f5405f7172d12309de2c,806
bounding_box_dataset/tomato/train/early_blight/80701.jpg,early_blight,tomato,f951c20164725d72e92011d951ff6e6d89c16b84878d8b4d40e9948ad1200e7f,806
bounding_box_dataset/tomato/train/early_blight/80703.jpg,early_blight,tomato,8d4f5651f04ffcafe911ce0c927f20b38bdc63cec8c1cf5e93b51c056e773a16,808
clean_dataset/tomato_dataset/train/early_blight/80703.jpg,early_blight,tomato_dataset,4ea526e1a03f2b52d26ad9fe73fbcfd7c3dca58bf828edf369bbe4873964aefa,808
clean_dataset/tomato_dataset/train/early_blight/80705.jpg,early_blight,tomato_dataset,ab1f9e5851844f0628ed53060398a8ec0e9dcb3454210579835e40d4d1772dee,810
bounding_box_dataset/tomato/train/early_blight/80705.jpg,early_blight,tomato,dd3d6cc69c64ea568e0968cdfae1f9d9db16e1103f89a63d58af6134b1489d1f,810
bounding_box_dataset/tomato/train/early_blight/80709.jpg,early_blight,tomato,62d54f550b4e34a7ebd5059118545b7f42c7b9719ef5fa86eb29125ef4b619b5,813
clean_dataset/tomato_dataset/train/early_blight/80709.jpg,early_blight,tomato_dataset,dfef543dfbbc8a799c6e274914e41d6e8319e8c41f36d982dc2a4dc7248ff2f1,813
clean_dataset/tomato_dataset/train/early_blight/80711.jpg,early_blight,tomato_dataset,2be1c63244df2c73782103d3494928482330f0f6578e1b75cc56b42f6447b933,814
bounding_box_dataset/tomato/train/early_blight/80711.jpg,early_blight,tomato,731a14a28f8a623508d0c40ca1ca5a800f1da73aa9d2fc87b0eb2111679d865b,814
bounding_box_dataset/tomato/train/early_blight/80721.jpg,early_blight,tomato,2d59d41bc62b1f86a65dc22c35743f40a060bef738c28204f70cb56952e3f619,821
clean_dataset/tomato_dataset/train/early_blight/80721.jpg,early_blight,tomato_dataset,09600276df0fb00865be3ec938bd76ded73d0627543fd9efe6c010373a978aeb,821
clean_dataset/tomato_dataset/train/early_blight/80724.jpg,early_blight,tomato_dataset,667f79e9e860dde78f8148e5aaf0fa09d7783f455ee58b2794146253592c7c2f,823
bounding_box_dataset/tomato/train/early_blight/80724.jpg,early_blight,tomato,509eaead74ab2f7a1ea4f41587cf2da283eb0de52567efa1bc0cb6c8241e3f50,823
bounding_box_dataset/tomato/train/early_blight/80729.jpg,early_blight,tomato,f6f505acfcd17caaf570987776e5a2dd6cd153684ee8db3792ea963981950410,826
clean_dataset/tomato_dataset/train/early_blight/80729.jpg,early_blight,tomato_dataset,8eddb650971160aeebb41ac682e8ef615ea938b3dc5764ae61ed46eb5094dff7,826
clean_dataset/tomato_dataset/train/early_blight/80731.jpg,early_blight,tomato_dataset,60584433491a9f06cb2df7dbf82c458db0948453920fd2948063b0e0febf02e0,828
bounding_box_dataset/tomato/train/early_blight/80731.jpg,early_blight,tomato,4719e06711ca8fda7af3802a44f21604cfcee2ad8d9ad0dab415e063c55fbb8a,828
bounding_box_dataset/tomato/train/early_blight/80736.jpg,early_blight,tomato,e482541fc0e1aced2171be52630d8409a098e8c53f3563d5c5c4c44f7373b853,831
clean_dataset/tomato_dataset/train/early_blight/80736.jpg,early_blight,tomato_dataset,11884819fc31a3caf2e31b001fb1ad26c9e37548d36e6751f666a322f48e3284,831
bounding_box_dataset/tomato/train/early_blight/80737.jpg,early_blight,tomato,7bab8c1761b8df5a633d4d603cb112b35fae5aacbb951a695e44aa254b759e2c,832
clean_dataset/tomato_dataset/train/early_blight/80737.jpg,early_blight,tomato_dataset,40c1d777203fec0e8a38620c7f93a5839e66bbbd1e5caede0c8f8926fec21435,832
clean_dataset/tomato_dataset/train/early_blight/80742.jpg,early_blight,tomato_dataset,e4f6b30adddb7f31df90be2e2d07531e6620c89ea013e225be8948913a3f6205,836
bounding_box_dataset/tomato/train/early_blight/80742.jpg,early_blight,tomato,b23a367e47a2904490ff0ad51c4496f1ab5754673184d63426ed2c6f76426872,836
clean_dataset/tomato_dataset/train/early_blight/80743.jpg,early_blight,tomato_dataset,b720dc5af5944666ed86338a19701bcc1e42bfad9875fdbcc051087bb61d2c79,837
bounding_box_dataset/tomato/train/early_blight/80743.jpg,early_blight,tomato,5bfecba9671215937a331e2b4df249140741a55bccfbdea1c49ce9ea0695f206,837
bounding_box_dataset/tomato/train/early_blight/80745.jpg,early_blight,tomato,14d9e1ec0ac7fc48c6be05feffe6cb85259da9e6030dfcfff1d2764fb235a7ef,839
clean_dataset/tomato_dataset/train/early_blight/80745.jpg,early_blight,tomato_dataset,5cb3dafdadf67e563ab5d91b720b79cb7187bf54fdb44fab1b700af31add739e,839
clean_dataset/tomato_dataset/train/early_blight/80748.jpg,early_blight,tomato_dataset,c301c432e9164cb26d0edffcb1f6bf0b3ed2583ea305c61e04a0a29b0b344635,842
bounding_box_dataset/tomato/train/early_blight/80748.jpg,early_blight,tomato,cbf8ef81c2dabd7bd512b94a0dbb815f88c948ef50d760525dd97ee1948ae52e,842
bounding_box_dataset/tomato/train/early_blight/80749.jpg,early_blight,tomato,7f575e78df73b478c63bf2fc315edc2afaa20efb0a205d982efa73ac32578084,843
clean_dataset/tomato_dataset/train/early_blight/80749.jpg,early_blight,tomato_dataset,e26999889d32f8968886a4786a655d38b1f218f0c78f262d05a606b20dc71030,843
clean_dataset/tomato_dataset/train/early_blight/80750.jpg,early_blight,tomato_dataset,66e9626e3bd4496891379d4949360bbd1c9f9ff26deeef3648ad9681eb6b5f6c,844
bounding_box_dataset/tomato/train/early_blight/80750.jpg,early_blight,tomato,11ec4fe41ca2785f9ca20b49732f1fcb1fc1d583bbff0919ca25809d9bfb3495,844
bounding_box_dataset/tomato/train/early_blight/80752.jpg,early_blight,tomato,12cfba994a2c03ef87169e88c5eb44167cb5386c4672fbb3f22626a40b7c8543,845
clean_dataset/tomato_dataset/train/early_blight/80752.jpg,early_blight,tomato_dataset,f04ead137a9bea28fc4ff676a73532b0fbaca45eb4bda0c97d1531a56108eadc,845
clean_dataset/tomato_dataset/train/early_blight/80755.jpg,early_blight,tomato_dataset,475d3f448654a771c19b25dc740c53b145b9c55dcd9fad4ce9e773ec86b8553a,847
bounding_box_dataset/tomato/train/early_blight/80755.jpg,early_blight,tomato,960dfc70ef9fd91c41b17e11c30b2c498cc4f645f320409b041a1a0dd78dc740,847
bounding_box_dataset/tomato/train/early_blight/80760.jpg,early_blight,tomato,478bf37dce4f1ac9cc88c41b053bfb5682d1536387aefbf4e6f1db8c67c09cb1,849
clean_dataset/tomato_dataset/train/early_blight/80760.jpg,early_blight,tomato_dataset,7848f355f057c1003ad639518667dd46bfab12b28d2a7dcfebda2f2cab6b6f92,849
bounding_box_dataset/tomato/train/early_blight/80766.jpg,early_blight,tomato,e6cc56df7b3e19dc23ce7330376d42b9484fa37c24fbd1066a0a2e8d11ff7b6d,853
clean_dataset/tomato_dataset/train/early_blight/80766.jpg,early_blight,tomato_dataset,322d4437a4e36a5bb61c6ac053c50afcfcae37fda1d865f130bb472d1d137b2a,853
clean_dataset/tomato_dataset/train/early_blight/80767.jpg,early_blight,tomato_dataset,54cd9f32384ea286ded5077f58214612c96365e104e4195195397974ffd9063d,854
bounding_box_dataset/tomato/train/early_blight/80767.jpg,early_blight,tomato,9eb5431f2118c06e59c9a7965d86cce2c96e98e8671d95d30329244df480ff96,854
clean_dataset/tomato_dataset/train/early_blight/80768.jpg,early_blight,tomato_dataset,f9e66c35d27cc0fdd90f0e193c59be04f87ba15a92eb5b856cf9109c49c130c6,855
bounding_box_dataset/tomato/train/early_blight/80768.jpg,early_blight,tomato,627fe3bf0f56fd53e750cca38b8091f298f2790bf604530ea1adb1b059bea0b7,855
clean_dataset/tomato_dataset/train/early_blight/80771.jpg,early_blight,tomato_dataset,e5aac56040562ce7b225c3308f53c159083ee3e7110df432179dff7c348e8ceb,858
bounding_box_dataset/tomato/train/early_blight/80771.jpg,early_blight,tomato,bde63f9107b472a502855ec5416a3fc00f6a1e9086fbbb3b5860c141d115a792,858
bounding_box_dataset/tomato/train/early_blight/80773.jpg,early_blight,tomato,c4fffb856cdfcb9bcb92a1e2064b98b22ff0a0caa1fc6a47ddaa14aec0ba3b4b,860
clean_dataset/tomato_dataset/train/early_blight/80773.jpg,early_blight,tomato_dataset,fb8f8f1b56a2230e66d7daa9ce1d46b069c1f5eca869826d590102ff3914d6d4,860
clean_dataset/tomato_dataset/train/early_blight/80777.jpg,early_blight,tomato_dataset,1e0f433725884ce1212ab7925ebe78df025f69cbc34034142ddffd47c9a77690,863
bounding_box_dataset/tomato/train/early_blight/80777.jpg,early_blight,tomato,c2419878ec738cf1821bebcf63c159affb9f840600f47ef8d265af8df34bd771,863
bounding_box_dataset/tomato/train/early_blight/80780.jpg,early_blight,tomato,6e44fe1e87431aae5a2180ee89cd563949fe067c7f3126efbfedc1d594470148,865
clean_dataset/tomato_dataset/train/early_blight/80780.jpg,early_blight,tomato_dataset,52f2608b92beaf83655d355fae0da29103853330efe7f542ed4c92040b8e3eb4,865
bounding_box_dataset/tomato/train/early_blight/80782.jpg,early_blight,tomato,07e86707bb76263b9eb24a19a74107d5c1baf3330297a3ad7d94a7d9165887dc,866
clean_dataset/tomato_dataset/train/early_blight/80782.jpg,early_blight,tomato_dataset,9c20abec21406c0534c4cc84a187f17b545765573ae8813427e857fc8377a251,866
bounding_box_dataset/tomato/train/early_blight/80800.jpg,early_blight,tomato,b6a2560109200498b51cc1b873c929fdee91abd6399fab22089125da76a97396,879
clean_dataset/tomato_dataset/train/early_blight/80800.jpg,early_blight,tomato_dataset,fbdcabe2239d45c4c935be9cfbb38e52dbce5c31ad0f9fdc509b2753e64ace46,879
clean_dataset/tomato_dataset/train/early_blight/80802.jpg,early_blight,tomato_dataset,54fb2258cf307c7116b2fb56fe2d6b780ba74c5d2762fb70468f71285dc62ab5,881
bounding_box_dataset/tomato/train/early_blight/80802.jpg,early_blight,tomato,f5c58d927c5c1437f3e94022e8e62308a3b627d712841d404bd715532227bc68,881
clean_dataset/tomato_dataset/train/early_blight/80803.jpg,early_blight,tomato_dataset,b14645ad6439acaf100994160ccdc0ac652a198e428f1a2c564490bca84744af,882
bounding_box_dataset/tomato/train/early_blight/80803.jpg,early_blight,tomato,d4b77e0a1bf176b35cb2e0582204626b9bd8d419acaa48a318a446827a68876b,882
bounding_box_dataset/tomato/train/early_blight/80812.jpg,early_blight,tomato,1346bad51992b6ad1f8acb3585f1e49f83c1acdb93a2dae4b8166656d4cf104a,887
clean_dataset/tomato_dataset/train/early_blight/80812.jpg,early_blight,tomato_dataset,96cb2f73f2a729f5ebde3e13af95a25fe4d484f70086282a1f94105ee5776d01,887
clean_dataset/tomato_dataset/train/early_blight/80816.jpg,early_blight,tomato_dataset,60d3d912b6b36cf905c02add41e06eaba042207d8e244e449ea2ff831157fe04,888
bounding_box_dataset/tomato/train/early_blight/80816.jpg,early_blight,tomato,68494d66e93427aeb9d021b5831a30c2b7b2a36924d262d7661916d7a096fe0b,888
bounding_box_dataset/tomato/train/early_blight/80828.jpg,early_blight,tomato,17959233a3859a3178821ef54c784200c6dc7301b837f1bbb337a0eb2628ebfb,896
clean_dataset/tomato_dataset/train/early_blight/80828.jpg,early_blight,tomato_dataset,552065522910ac8cae0323dd2167b192dd00cd82f07ee10a72427c263da19c55,896
clean_dataset/tomato_dataset/train/early_blight/80829.jpg,early_blight,tomato_dataset,d10f2b87989edea912823ee35d0b38cf120ecdeecd103ca8ec0f6c0127f630df,897
bounding_box_dataset/tomato/train/early_blight/80829.jpg,early_blight,tomato,f18d9bcd4b91ded2e151cb744ef0d9da90871fbcc97f6806284ee033e19c3bf0,897
bounding_box_dataset/tomato/train/early_blight/80830.jpg,early_blight,tomato,fcc270909944633c800f962c7f3ac7582b4bc1c0078b06093142a4df7ba5b85f,898
clean_dataset/tomato_dataset/train/early_blight/80830.jpg,early_blight,tomato_dataset,8794cdcbb7d1c722a3c251b62fe6ca9827fbb2d27bef6c5b31f6200a24a6b584,898
clean_dataset/tomato_dataset/train/early_blight/80831.jpg,early_blight,tomato_dataset,e44c939979db10f57a0dde4248537c85f7b114819a9422c3f69537794bb41c56,899
bounding_box_dataset/tomato/train/early_blight/80831.jpg,early_blight,tomato,539a219ae1ce68f7e07bdada1d895d2a97335c2195c4f79a224467347ef5b0b7,899
bounding_box_dataset/tomato/train/early_blight/80834.jpg,early_blight,tomato,c3642e1beb29d54edf79b0b65a99fbccdb7745c767e41e05136b8818ceb4233b,901
clean_dataset/tomato_dataset/train/early_blight/80834.jpg,early_blight,tomato_dataset,0f72720eed71ef1b5d92fe49366c4280d2133364b609abcadf2894426b6b1d59,901
bounding_box_dataset/tomato/train/early_blight/80835.jpg,early_blight,tomato,ae798ce8921eb94f876a9d071f378ccc795919944574602ae7ec7f5533e4dc26,902
clean_dataset/tomato_dataset/train/early_blight/80835.jpg,early_blight,tomato_dataset,6c7787d29ee487867c5f87f1308b39c82c42074a36b58c03204aa4cc24308436,902
clean_dataset/tomato_dataset/train/early_blight/80837.jpg,early_blight,tomato_dataset,82e208cd9ede2b2ce30bae9f53b370c0e633214b825d1add2ff7f150705e9f65,904
bounding_box_dataset/tomato/train/early_blight/80837.jpg,early_blight,tomato,c14cd1a5a10f3d1b3b8f71a2605d3cede9d6335cf51b147baeaa1d89a7bee57b,904
bounding_box_dataset/tomato/train/early_blight/80841.jpg,early_blight,tomato,968235634f799e2f9cf51c71317c43b95c2392161b1cc65e20826146be6cb6a2,907
clean_dataset/tomato_dataset/train/early_blight/80841.jpg,early_blight,tomato_dataset,f13fd5e85f175296061c42bf28fe509bb6905dbaf693dfb8b66495716c5a295b,907
clean_dataset/tomato_dataset/train/early_blight/80848.jpg,early_blight,tomato_dataset,2bc7a591471019db64412448d995aa7d4fad98419a50f4feb6dedb9d418f2f72,911
bounding_box_dataset/tomato/train/early_blight/80848.jpg,early_blight,tomato,9b0e8e0efe45ef50a027a87dd0838121f0d37631c0e6a760bd4a1d55f2e9ee0c,911
bounding_box_dataset/tomato/train/early_blight/80850.jpg,early_blight,tomato,15db7c6c50a9c782ccbefa14bd6085b0c3f0ea340cbb6ef33aac8f9a96f4867e,912
clean_dataset/tomato_dataset/train/early_blight/80850.jpg,early_blight,tomato_dataset,d96ab2799ffbee122ad6a41ba361019ab84645be82d0ae8059756819142e385c,912
clean_dataset/tomato_dataset/train/early_blight/80852.jpg,early_blight,tomato_dataset,6fc90d67aeed6a6b7c7a19ed74dd628779568f8a6424e07506ac4325db1eafac,913
bounding_box_dataset/tomato/train/early_blight/80852.jpg,early_blight,tomato,460f8695122d04a1fe1fdc40b20dd6f444dafd744466a86c047da0aa7ef679ac,913
clean_dataset/tomato_dataset/train/early_blight/80856.jpg,early_blight,tomato_dataset,c39cdd5b51d472971f4663c666a98c68eff6d32293b9ff0987701654319860b1,916
bounding_box_dataset/tomato/train/early_blight/80856.jpg,early_blight,tomato,f64d03bc473fee48c6b6ee34bdd0a2410631e17e9022aebf69a327d3f0e4d751,916
bounding_box_dataset/tomato/train/early_blight/80865.jpg,early_blight,tomato,ebc74a9c828ffd32dd48f21cd50014a6102a054e3ffad8d7af08daab0214ca1b,920
clean_dataset/tomato_dataset/train/early_blight/80865.jpg,early_blight,tomato_dataset,c679488144c7658046040167ad19991e1abe613336288c875a54347c8be8d44e,920
clean_dataset/tomato_dataset/train/early_blight/80866.jpg,early_blight,tomato_dataset,98683df38bb45dfef088f1cf3f5f691e1caaec4437254a8e563fdb162ddb9aab,921
bounding_box_dataset/tomato/train/early_blight/80866.jpg,early_blight,tomato,7ba7c20f211b3c7a63dfedc603a0f1d0c965b2cb08eb94c23b464cfc7d194aff,921
bounding_box_dataset/tomato/train/early_blight/80867.jpg,early_blight,tomato,026ac6f28dce051339e6ea80ee1a8808eba770cc38fe42c550e440b000fae37c,922
clean_dataset/tomato_dataset/train/early_blight/80867.jpg,early_blight,tomato_dataset,d9fedda26c00f8648d785861eb2970cb47e123611560fc7f6fba9955b5785645,922
clean_dataset/tomato_dataset/train/early_blight/80872.jpg,early_blight,tomato_dataset,583cca896943177b08e32ab153d91224ef52313978dc35115fc200b7ce5bfdc9,927
bounding_box_dataset/tomato/train/early_blight/80872.jpg,early_blight,tomato,a2bfc9d8c0a181b0e821120e8eaf633846474220fa1ab9816cf58da975d19451,927
bounding_box_dataset/tomato/train/early_blight/80874.jpg,early_blight,tomato,a6bb3c2df1b6591305a63c835885c4e8d7ecab6aad892de7b2444395d4102893,928
clean_dataset/tomato_dataset/train/early_blight/80874.jpg,early_blight,tomato_dataset,90f405d1234dd33859c95ca7022f12695b8d7bb7cc126a70d4dda2ed88240d87,928
clean_dataset/tomato_dataset/train/early_blight/80878.jpg,early_blight,tomato_dataset,c2ef8a132493fc69b2dd7aba912a6ed0b8d749e9dce1e686bb856906ceeb2bfd,931
bounding_box_dataset/tomato/train/early_blight/80878.jpg,early_blight,tomato,eb9b6bde80e4ae14531bacb20f8056dba36abd307e63f27c0fa3a2a4e64832b8,931
bounding_box_dataset/tomato/train/early_blight/80892.jpg,early_blight,tomato,9647aa6da7633c1b3782a98eba3acbe4a0bbdf2a97acd81ea09548beda40d8d0,938
clean_dataset/tomato_dataset/train/early_blight/80892.jpg,early_blight,tomato_dataset,fa9864abc88d877a7bd6f33d7fd2bf8712e26cfa2dc10f2c1314e6b813d7a388,938
clean_dataset/tomato_dataset/train/early_blight/80897.jpg,early_blight,tomato_dataset,ee675b68c0aa22d5dbf6bbfb6a20654034e41a941f0957e3ca7c8e6658025ed7,941
bounding_box_dataset/tomato/train/early_blight/80897.jpg,early_blight,tomato,e1b27c543991dfcdfb752a687dc5e649303c796074b67840ad26e5e791a610fe,941
bounding_box_dataset/tomato/train/early_blight/80900.jpg,early_blight,tomato,3be691ea6430eacbadf9a81a73dc0f64df4410857feceacd9063b2c27f833691,943
clean_dataset/tomato_dataset/train/early_blight/80900.jpg,early_blight,tomato_dataset,01945978c6110ca4787512d1f5841fe3919c9c7871ab6020d2b51d61f207724d,943
clean_dataset/tomato_dataset/train/early_blight/80901.jpg,early_blight,tomato_dataset,d15fc431870ab9e902397994144b1cb4037211705784a451e3e1fc6b51ff212a,944
bounding_box_dataset/tomato/train/early_blight/80901.jpg,early_blight,tomato,61a28c2d1df3b2b0c62df8445995ac9ed105ae8b0d01895bea2f62dd8a2a6932,944
bounding_box_dataset/tomato/train/early_blight/80905.jpg,early_blight,tomato,5ff5e9e4eaab15ee9005c63d977b4e8d75cfcd104c6ed3cb1b0684bc8448c406,947
clean_dataset/tomato_dataset/train/early_blight/80905.jpg,early_blight,tomato_dataset,5002304c0ea9c4200a26a1db9409c375940c8ed3391fc621edd8b553037e7070,947
clean_dataset/tomato_dataset/train/early_blight/80910.jpg,early_blight,tomato_dataset,4b75eec34be6cb3c4e6cca3e8e425e2cd8a9a3004a31e61eb49e9373a66869a3,949
bounding_box_dataset/tomato/train/early_blight/80910.jpg,early_blight,tomato,3387bc2078cb2e8d850d3557e077e85400e080f85fcc521168828c344b570504,949
clean_dataset/tomato_dataset/train/early_blight/80915.jpg,early_blight,tomato_dataset,3d7c4388dc9dd6e86d8e5d44e68309d28a027669e50cc4d7698f0faa44d3b2a8,953
bounding_box_dataset/tomato/train/early_blight/80915.jpg,early_blight,tomato,a217bb3e5a27ec4ce7acf2715806642e4810cbb5b113270998372e0a034aff1b,953
bounding_box_dataset/tomato/train/early_blight/80917.jpg,early_blight,tomato,5b505813e44de9b6660b075b3287e7378ce08288dfd77fc291a76dca5b55363d,955
clean_dataset/tomato_dataset/train/early_blight/80917.jpg,early_blight,tomato_dataset,fcdbfcf49acf8fbcefc27004410369465de33542a22905edaa95fcdb8085fb44,955
clean_dataset/tomato_dataset/train/early_blight/80918.jpg,early_blight,tomato_dataset,f858554b1cc00241ea611cc525a89a7cf8e4da264683130418bf3017270380db,956
bounding_box_dataset/tomato/train/early_blight/80918.jpg,early_blight,tomato,c52bcd86bd955d988c37716976304040a9c4c98e93dee1c684c582afc3cc36e4,956
clean_dataset/tomato_dataset/train/early_blight/80919.jpg,early_blight,tomato_dataset,8712c738cef98432cc075c7b8455f15fbe683e34147eef27f7150c9a8cca4863,957
bounding_box_dataset/tomato/train/early_blight/80919.jpg,early_blight,tomato,7ca71f8035494f99f7657e6329612338fd1a140b02175e021a6b9accfdf23047,957
bounding_box_dataset/tomato/train/early_blight/80932.jpg,early_blight,tomato,65c849d5b0375ca1dd42d074202bbc0ac4f95aa4f66679bbeed7884a5480901a,967
clean_dataset/tomato_dataset/train/early_blight/80932.jpg,early_blight,tomato_dataset,75cbf6801bf1aa4974d92ad64185118879a25a7f96d60e3a75006c532639e765,967
clean_dataset/tomato_dataset/train/early_blight/80936.jpg,early_blight,tomato_dataset,64a4fa4a056f9a3145bc57195c6e87736d23fc20947743fa36774bdcf782a36f,970
bounding_box_dataset/tomato/train/early_blight/80936.jpg,early_blight,tomato,11299adde585eb82d1bf95a9e67421420d62ffb773332dcb4223b964290155e9,970
bounding_box_dataset/tomato/train/early_blight/80939.jpg,early_blight,tomato,b4f418d022ee300a5d26cef7f4e6c2284f28a8e4c77bdb3da91e76e5f8331277,972
clean_dataset/tomato_dataset/train/early_blight/80939.jpg,early_blight,tomato_dataset,17d5cc0d10d2e7ce260a41ad2f4752f0bacd7766b029fac298361513612067a0,972
clean_dataset/tomato_dataset/train/early_blight/80941.jpg,early_blight,tomato_dataset,d143cd1a02fbbe4451636821d9696e29f7dab01d6ba89a9e200125c3e754eee1,974
bounding_box_dataset/tomato/train/early_blight/80941.jpg,early_blight,tomato,ccec8c2d748fa6f1a76f62aba12c2213bd7aab9c997e4b845ec448787ad4f0fb,974
clean_dataset/tomato_dataset/train/early_blight/80947.jpg,early_blight,tomato_dataset,b5d34a21404857c492b898575f738e1ea82ce77d5f18181d747a3e9acc4f770e,979
bounding_box_dataset/tomato/train/early_blight/80947.jpg,early_blight,tomato,c0329795469d00f08b164e365688b5f197c94bc52ae3453db6765e03b0226ace,979
bounding_box_dataset/tomato/train/early_blight/80955.jpg,early_blight,tomato,796d023ca82cb0adb21f30fcb48378f442a28b4cd52623caf078c1da4fb096ff,983
clean_dataset/tomato_dataset/train/early_blight/80955.jpg,early_blight,tomato_dataset,19cb87d6811370b9382be4edf2f4343891833a6f0bfb1f1ba753f72aab98b603,983
bounding_box_dataset/tomato/train/early_blight/80957.jpg,early_blight,tomato,a6df152cce3e751d861a55b4d11c3aa913f9d715b27392ea6fcd2bae002e7492,985
clean_dataset/tomato_dataset/train/early_blight/80957.jpg,early_blight,tomato_dataset,ce2f7aad1b08acea46e1d8011408cc841a704527fc391645ede21fc89606c4e6,985
clean_dataset/tomato_dataset/train/early_blight/80958.jpg,early_blight,tomato_dataset,5a4a373f47151fc963ba3874b32c64d18f4320d4d94accd1f0903088f9269c03,986
bounding_box_dataset/tomato/train/early_blight/80958.jpg,early_blight,tomato,9cd27a65a9ebe16bb878c54dfa5ade0c41029f4fbccadac241796dd42eead9ca,986
bounding_box_dataset/tomato/train/early_blight/80960.jpg,early_blight,tomato,e0f9143a530df0041cf5083e098ade297ece90f4998caf869f7b7cc0b295ef54,988
clean_dataset/tomato_dataset/train/early_blight/80960.jpg,early_blight,tomato_dataset,b2cb51362e58f7fb0e6bf724032466219efaabb5d61609d3b92b67cfaf23da48,988
clean_dataset/tomato_dataset/train/early_blight/80961.jpg,early_blight,tomato_dataset,f46bb91035a81ca94b47e8ea0a1eeb2d04828baedcae80b2fcc99e5477088b41,989
bounding_box_dataset/tomato/train/early_blight/80961.jpg,early_blight,tomato,20a81d56df20f13a778a7e59c65ce34d0a9209c229a41166a68be2cb67dfeda7,989
bounding_box_dataset/tomato/train/early_blight/80963.jpg,early_blight,tomato,cac24f361bee9f99f132aec56f359c121370d39d1528475d28f6ad6cfc697948,991
clean_dataset/tomato_dataset/train/early_blight/80963.jpg,early_blight,tomato_dataset,dc2b8255b3cc8e675d3c82904360305d10a31aa96d5bffbfb2cfb7bbaa4b01ae,991
clean_dataset/tomato_dataset/train/early_blight/80965.jpg,early_blight,tomato_dataset,89295adecf910744e99481adae5ed7709158a2b08c608a476dc5f6e989bae2ce,993
bounding_box_dataset/tomato/train/early_blight/80965.jpg,early_blight,tomato,a5b1f84cf5266c246c55e1f5751c8d49ddde9f2fa483ccdcd78bb5e610a1d6ed,993
bounding_box_dataset/tomato/train/early_blight/80969.jpg,early_blight,tomato,651b0e8ca0029e2ce38a0bd8ce3865270c11cf43ee53bc136c414d0b2111e4b2,995
clean_dataset/tomato_dataset/train/early_blight/80969.jpg,early_blight,tomato_dataset,7ed3e7c1cfb64844bbc5f7f661c7be4c14da9ac78cead7b33dd79508cfd1d1dc,995
clean_dataset/tomato_dataset/train/early_blight/80973.jpg,early_blight,tomato_dataset,b8677d29d9f9003953d08c561e405d99207fa935df596c7f3cca1127ae6c4cbd,999
bounding_box_dataset/tomato/train/early_blight/80973.jpg,early_blight,tomato,83c369d1da4f103168bc8cc1fb64b3efdec09ae1873ce022e3c523a270fc1235,999
bounding_box_dataset/tomato/train/early_blight/80974.jpg,early_blight,tomato,3e0d4e2c62a5edb5749ef74f112bc2b248520a0943a00ebef9111ed77fb435d7,1000
clean_dataset/tomato_dataset/train/early_blight/80974.jpg,early_blight,tomato_dataset,2e4f29d34a70b90cb1e3c926e482799b3c79a7cff9cf8d731ae0861920d64aaf,1000
clean_dataset/tomato_dataset/train/early_blight/80975.jpg,early_blight,tomato_dataset,64009b23046bbc2065a003ead2c305567f4ffab8956e8868e2221b92b9262aaf,1001
bounding_box_dataset/tomato/train/early_blight/80975.jpg,early_blight,tomato,cdfefbb728c914b65a4a2997d3c9eece2d9f2fbeb0bb4fd79b7b61d1db1422c8,1001
bounding_box_dataset/tomato/train/early_blight/80977.jpg,early_blight,tomato,a1c48b7b8f422a3a469c2769af48a0c68743032dcf75ca429a7eb91c9a90d40a,1002
clean_dataset/tomato_dataset/train/early_blight/80977.jpg,early_blight,tomato_dataset,e910491ac713d77ea31b66c29d5da1db32e96dbcd9c7aca9b21733eff2464db2,1002
bounding_box_dataset/tomato/train/early_blight/80979.jpg,early_blight,tomato,c564e72d351e4854621d0a96994a1ed3b2453ce2205539700c623e1e8d92c20f,1004
clean_dataset/tomato_dataset/train/early_blight/80979.jpg,early_blight,tomato_dataset,0aa662e02157884e92f9c335022432d2fbb28d5e4a1ad6ac5090da0c2da21ee9,1004
clean_dataset/tomato_dataset/train/early_blight/80983.jpg,early_blight,tomato_dataset,8482ddd8e5b65532e6e256833ae4470a85465722190b19295dc4496c6d77163a,1006
bounding_box_dataset/tomato/train/early_blight/80983.jpg,early_blight,tomato,5a9f47e7d2e9704557ad66a0dffa241dffedff589c328c3147c1dc0382a02f54,1006
clean_dataset/tomato_dataset/train/early_blight/80984.jpg,early_blight,tomato_dataset,3011ba051450e3218fe698895c3d79f5706929372e682456a87cd17982abe6d4,1007
bounding_box_dataset/tomato/train/early_blight/80984.jpg,early_blight,tomato,a96c32a8600b6e77ca94e87b2294e066828d8366b52232c85fc9a315be2cc303,1007
clean_dataset/tomato_dataset/train/early_blight/80985.jpg,early_blight,tomato_dataset,a15ea2025ecb91f4b174f798b6da59c9ec26d3e818e26319b0bab30ec4743ebb,1008
bounding_box_dataset/tomato/train/early_blight/80985.jpg,early_blight,tomato,3f7e1848443fff6016107e0050923c2cf4c8dead606f1688737b2cf87f379cdd,1008
bounding_box_dataset/tomato/train/early_blight/80991.jpg,early_blight,tomato,8c6bcd58484aaf0c832b6fd397de4d753faaff3bacc8396cae71a8a8946e0eef,1011
clean_dataset/tomato_dataset/train/early_blight/80991.jpg,early_blight,tomato_dataset,f53ee08929c587f5d1ca19a23765d2498831750c5a442cdfef243ad186b1a693,1011
bounding_box_dataset/tomato/train/early_blight/80992.jpg,early_blight,tomato,82de3c44c5c0a13cb832fd4f6772a4638f66ab531b8537dd6b11f18f3ef9a343,1012
clean_dataset/tomato_dataset/train/early_blight/80992.jpg,early_blight,tomato_dataset,076871eaf3e43dffe1e8111f3c17b1c0ecb4ae84cc26dcac76c8a27174295f8b,1012
clean_dataset/tomato_dataset/train/early_blight/80994.jpg,early_blight,tomato_dataset,1134d41e98c8ab9d9c0538232c658c1fad8eae389ba4acd1fa80a36baff8b858,1014
bounding_box_dataset/tomato/train/early_blight/80994.jpg,early_blight,tomato,eff10c56d7d30f31b3d23d471f9eecda5889e849fd3e36827c1f0c0764797721,1014
bounding_box_dataset/tomato/train/early_blight/81000.jpg,early_blight,tomato,51948f253cb29461037b75f6dc1f6ef328af094f7f52bae57487ec9ec878ce03,1018
clean_dataset/tomato_dataset/train/early_blight/81000.jpg,early_blight,tomato_dataset,563acf62b45c5653557d91df042a6116eec90327cf8c1beafa8a835894634427,1018
bounding_box_dataset/tomato/train/early_blight/81005.jpg,early_blight,tomato,a73b0bbc317610c3781fd23e3850f2033c57d948ec969c2aaa841ae1b93febdb,1022
clean_dataset/tomato_dataset/train/early_blight/81005.jpg,early_blight,tomato_dataset,b3bab3b5010a3667c393b35c77958fb64c3d24baf8cd9ba25541071918da3d6e,1022
clean_dataset/tomato_dataset/train/early_blight/81016.jpg,early_blight,tomato_dataset,d3ac4d6e5807139cc9459a3a827d96b11cb4c94cd3c7d614cf03b81fed33fc91,1029
bounding_box_dataset/tomato/train/early_blight/81016.jpg,early_blight,tomato,bfa092a0d2fe6978e8e3c9feed24f12432f36087e15651f06a95f82813515337,1029
clean_dataset/tomato_dataset/train/early_blight/81017.jpg,early_blight,tomato_dataset,9ca4187d3bfcdfc90f3bc325e6d62005dd5cbb215ab7aff64f0b9149fe97a549,1030
bounding_box_dataset/tomato/train/early_blight/81017.jpg,early_blight,tomato,66492355e5e3f9ea7d2603ae8b777854e15e447e0de26ad4e53daffdb7921748,1030
clean_dataset/tomato_dataset/train/early_blight/81029.jpg,early_blight,tomato_dataset,c2e99af7302505c8b41d4a04ef5153eeb92714fdadf65011ec1d3ef7c0299983,1036
bounding_box_dataset/tomato/train/early_blight/81029.jpg,early_blight,tomato,28d1064eba97a1705f3bdd5cfdd27b2f83259f3b5da34d48dded508f82b0f677,1036
clean_dataset/tomato_dataset/train/early_blight/81030.jpg,early_blight,tomato_dataset,719a8f83c76d26f02a463a5189cda55a401fc53d91d233ff08b715056d0cd553,1037
bounding_box_dataset/tomato/train/early_blight/81030.jpg,early_blight,tomato,2f74530d7ad1ac22e823247c03212a75af0cd617ae6add5b4a3dbba09d306b88,1037
clean_dataset/tomato_dataset/train/early_blight/81031.jpg,early_blight,tomato_dataset,32bb171208665b31009a742e5d0df489e0c79b4b53b918ae2ffddf53a664bc6c,1038
bounding_box_dataset/tomato/train/early_blight/81031.jpg,early_blight,tomato,d2400709b91737d08b907986f323900e569a565652c65fb3b6ccd8cb3a277e7c,1038
bounding_box_dataset/tomato/train/early_blight/81038.jpg,early_blight,tomato,6d5db146090025910a17089faa0403f28d951c6fabb9c1fff0db25dc0880b8c6,1043
clean_dataset/tomato_dataset/train/early_blight/81038.jpg,early_blight,tomato_dataset,ecbb04e22c0f882c49a7261abbb8ec7378ea3d553ac95c45f446a3ebd723f05f,1043
clean_dataset/tomato_dataset/train/early_blight/81045.jpg,early_blight,tomato_dataset,aa7bc8447c5f27295f2636a92cb3ff4a143d550e14489907db3d753e33efefcd,1049
bounding_box_dataset/tomato/train/early_blight/81045.jpg,early_blight,tomato,68059ae0fb423619e312721fc9e8c6ff3cf3980bf103593e83b8a2e3be594e46,1049
bounding_box_dataset/tomato/train/early_blight/81049.jpg,early_blight,tomato,95ce2f852068175f9c6c8509936edbcf22e1efdf0b9b381f3b924de709293497,1051
clean_dataset/tomato_dataset/train/early_blight/81049.jpg,early_blight,tomato_dataset,430765afc7ba4325569b62e444dbc765ef2f66522aa6cde1d277cf4fd78cc868,1051
clean_dataset/tomato_dataset/train/early_blight/81050.jpg,early_blight,tomato_dataset,910b4cc4e7803215682fd2702eecfad266d9b31b62f1d6e52122497096f63c07,1052
bounding_box_dataset/tomato/train/early_blight/81050.jpg,early_blight,tomato,ba9a9e9fbf9265de905e7dec9eda227b70370f639e825cb6bfc658e7b1527e4e,1052
bounding_box_dataset/tomato/train/early_blight/81055.jpg,early_blight,tomato,024e528401f6a5040f1f7d7bd4895839ad2caf8d2cc6727a37ed0fe903d354a6,1055
clean_dataset/tomato_dataset/train/early_blight/81055.jpg,early_blight,tomato_dataset,611dcfc306f0366ab82fe0582099849d547f1cec478103149eaba4368c5ba439,1055
clean_dataset/tomato_dataset/train/early_blight/81056.jpg,early_blight,tomato_dataset,ee78c66ab5a8e0715f001be8c439e853e83deb0d86b335fd2336a5ab1c285301,1056
bounding_box_dataset/tomato/train/early_blight/81056.jpg,early_blight,tomato,a3ccc21a5e675fe9e9ff62010977ecc28dce765d6f8965a6cd625eb392c6bfe2,1056
bounding_box_dataset/tomato/train/early_blight/81058.jpg,early_blight,tomato,337b331809084b8b55f7c93a968895a3f0bf5f758eb960b3b7c4c21a8ef64984,1058
clean_dataset/tomato_dataset/train/early_blight/81058.jpg,early_blight,tomato_dataset,b8b74cf7e853bac9ef60183a30e77bf9d54a2fb8bd244d8931d781e5957d199e,1058
clean_dataset/tomato_dataset/train/early_blight/81061.jpg,early_blight,tomato_dataset,abe5342f884d478526c169305586f5f081a8be3cb245f25612925299b451d328,1061
bounding_box_dataset/tomato/train/early_blight/81061.jpg,early_blight,tomato,0f16282cee03dccb449349bc2f5aad8c01d666417bd5b7a89146a0d8a6ec5033,1061
bounding_box_dataset/tomato/train/early_blight/81065.jpg,early_blight,tomato,fc0bb64b75b33039b2ed3d6aee00972a57607b71cfad14d05b37a04624ef4959,1064
clean_dataset/tomato_dataset/train/early_blight/81065.jpg,early_blight,tomato_dataset,24183851581d81cce79b5badc5247aba410fb1cbdd51c3ae838dd3479b91b687,1064
clean_dataset/tomato_dataset/train/early_blight/81067.jpg,early_blight,tomato_dataset,56f298eda293dfe5f7dfa51a0f6898b67435ce4158d9086a6d9cf80b7d9c95f4,1065
bounding_box_dataset/tomato/train/early_blight/81067.jpg,early_blight,tomato,7b4a662a8d88caae2ef556e244520fcfdb3321024b4b75158bfdb58e73d93045,1065
bounding_box_dataset/tomato/train/early_blight/81069.jpg,early_blight,tomato,4fee46249e1ebc9d4b8785f5a0663a2c33c5cff30234e1fe7207c71abf76d469,1067
clean_dataset/tomato_dataset/train/early_blight/81069.jpg,early_blight,tomato_dataset,36c3b6b50127049f3274323f46e650ed3e40b9c1e3d40037243c3610db4001f4,1067
clean_dataset/tomato_dataset/train/early_blight/81070.jpg,early_blight,tomato_dataset,8bd5a638ed9545f5eef123e047224e6c8de16e95eea2d67f548b06d18da1866b,1068
bounding_box_dataset/tomato/train/early_blight/81070.jpg,early_blight,tomato,fa460e797e808247852702cfe7c32e73db0d63cb2d6cf6005ec2804d2473ebd9,1068
bounding_box_dataset/tomato/train/early_blight/81073.jpg,early_blight,tomato,9d436676d5193af1beac0e7168095de19ceaecf670637fcec7cc5d192726cd16,1071
clean_dataset/tomato_dataset/train/early_blight/81073.jpg,early_blight,tomato_dataset,7c353ffdc05745ef60456a3785941ff203ab744ed50ea0c99e6bc141cf262282,1071
clean_dataset/tomato_dataset/train/early_blight/81076.jpg,early_blight,tomato_dataset,08550f9fe5b6f36a91bf636414b5bdcbbf4b815e4606f87a92b1e57c70b3ead5,1074
bounding_box_dataset/tomato/train/early_blight/81076.jpg,early_blight,tomato,847b27abedb50e08eb647a229dd2e5ca5cbe9174cb0869c48aea08ac9760a370,1074
bounding_box_dataset/tomato/train/early_blight/81080.jpg,early_blight,tomato,95c317fb94a69071be131697899c142f7dc9e0f0f80a56cbca4efa15f30023d5,1076
clean_dataset/tomato_dataset/train/early_blight/81080.jpg,early_blight,tomato_dataset,cdade9238149b45a17a05222cbdba0b219591d18e41edec8d91e9660a6bc26b5,1076
clean_dataset/tomato_dataset/train/early_blight/81081.jpg,early_blight,tomato_dataset,f17d096dbddc45cbf6bf41fec246b3650c3e6a7f5c5d5dce08e4c12a27a36109,1077
bounding_box_dataset/tomato/train/early_blight/81081.jpg,early_blight,tomato,170e9287bd87a3c6a1c1267cdd6848778b5e0adee38e2f43917a2cc23c4ad5d7,1077
bounding_box_dataset/tomato/train/early_blight/81089.jpg,early_blight,tomato,4c4423c47cd2d27599f23cf51a99a24af8092b7791e02a6b1759cda9256e6cab,1083
clean_dataset/tomato_dataset/train/early_blight/81089.jpg,early_blight,tomato_dataset,03fa7513609f59e1960f3f4f63448f163453381f1697d2b7652b6003473492fa,1083
clean_dataset/tomato_dataset/train/early_blight/81093.jpg,early_blight,tomato_dataset,b2ab26442a45815e01b4203ca3fcd86d9fc1ae19e5db2fed382c5abcda290b22,1086
bounding_box_dataset/tomato/train/early_blight/81093.jpg,early_blight,tomato,06f26a35975f3b9d2cf4f22749062f8f66acf29bdd147b0827c2cb0cf7e873e7,1086
bounding_box_dataset/tomato/train/early_blight/81099.jpg,early_blight,tomato,f8ae5fe104f6c93a875b64cb4f3776a2c6e143736e43a124623463c4a116dd7c,1089
clean_dataset/tomato_dataset/train/early_blight/81099.jpg,early_blight,tomato_dataset,8b1d1cf694b878ec26450b4bdcfc8b02fddd9b2f159aa09061ac63d4c1ce0326,1089
clean_dataset/tomato_dataset/train/early_blight/81101.jpg,early_blight,tomato_dataset,7207df744c552bedb51590eaa977d537b35e3fe8a69f30ff9044f291d7abb2fb,1091
bounding_box_dataset/tomato/train/early_blight/81101.jpg,early_blight,tomato,9daf6c7cc0a1f27d7f68c14acff0d7a9364fc21abc7306730db5b80ae800661c,1091
bounding_box_dataset/tomato/train/early_blight/81108.jpg,early_blight,tomato,39b17b1f80527916f9b008a017fea4e7832c1ac53ad04d8716db389e3f473783,1096
clean_dataset/tomato_dataset/train/early_blight/81108.jpg,early_blight,tomato_dataset,aecabe1f505075fa84fce388acfb5325d33d0057034ef9fd929a198c187241e2,1096
clean_dataset/tomato_dataset/train/early_blight/81109.jpg,early_blight,tomato_dataset,17d80299cd2bcec98eacb9ecd3839866b9d834625eb1d54bbc8d09243724b1c2,1097
bounding_box_dataset/tomato/train/early_blight/81109.jpg,early_blight,tomato,361ad5cf33590b409a3dd1044f760fca1244e2b599d3e79b7d4e2216441dca68,1097
bounding_box_dataset/tomato/train/early_blight/81116.jpg,early_blight,tomato,40321efdc5f78f5bca0fe52c02e7d074baa574e3eda0ae293891ea04d21f6523,1099
clean_dataset/tomato_dataset/train/early_blight/81116.jpg,early_blight,tomato_dataset,91b9fe47b962ca4f0ee7e38593d779328566d1c9da8a4d97280b2309cd5b755e,1099
bounding_box_dataset/tomato/train/early_blight/81119.jpg,early_blight,tomato,659740cd19d0e2a93e479420198c333129c9dac3ed45c3fbdc279978943ed7b3,1101
clean_dataset/tomato_dataset/train/early_blight/81119.jpg,early_blight,tomato_dataset,15810e99d7e93762ef7dc4cd7a4848d3800a550a55cc0d487cc5e120e21bfa02,1101
bounding_box_dataset/tomato/train/early_blight/81122.jpg,early_blight,tomato,a9e2b1e6d3c1b4bd9e38064ad663f25de7ecf8cb357dc03269b8caeda7bab887,1103
clean_dataset/tomato_dataset/train/early_blight/81122.jpg,early_blight,tomato_dataset,23a9381d9fb2b7fcd534dd5c47492deeda1cd0c69c21ee520868818c2d2cfd93,1103
bounding_box_dataset/tomato/train/early_blight/81126.jpg,early_blight,tomato,92db33c9e728378993ba2514e50ccd9775b207add4edb5abc80e147b67e57b8c,1106
clean_dataset/tomato_dataset/train/early_blight/81126.jpg,early_blight,tomato_dataset,ddb3282a3e87b36f8c56b879a203692bd37bec460db48dcabc30a688606a903c,1106
bounding_box_dataset/tomato/train/early_blight/81127.jpg,early_blight,tomato,add7d92c9975719e1b28a9ec28b04052c30b0220e6560edf3583e34bf5594e70,1107
clean_dataset/tomato_dataset/train/early_blight/81127.jpg,early_blight,tomato_dataset,e065e7f41611aa0943c2df3598cc1aaeb834bae2409fcb49f7c164432ad30a42,1107
clean_dataset/tomato_dataset/train/early_blight/81129.jpg,early_blight,tomato_dataset,81ed6c692e4941852a25dc0cb2045164fabf374a7a2a906e2fcc2fecf2b7e50b,1108
bounding_box_dataset/tomato/train/early_blight/81129.jpg,early_blight,tomato,1cf0cddf40364af398d27d5719440fb9dfe3dbbe6a56f44c66ad4df152f181df,1108
bounding_box_dataset/tomato/train/early_blight/81130.jpg,early_blight,tomato,8ff4e4454480a8d009b311bacb57e190a1d335f8a6641d0b1a54a1986136f6e3,1109
clean_dataset/tomato_dataset/train/early_blight/81130.jpg,early_blight,tomato_dataset,9e5d207533b648c0cd9552153d6704688fb2da81748490b8715755ce18dca7b5,1109
bounding_box_dataset/tomato/train/early_blight/81136.jpg,early_blight,tomato,6842bac8d0f41f05971caeaa1acb09534cf5114551843a982eb9a2bd182b8d8a,1113
clean_dataset/tomato_dataset/train/early_blight/81136.jpg,early_blight,tomato_dataset,83f9f779c357f69cac6b659514d6d646d4fce17925bab0277e07d649d251705d,1113
clean_dataset/tomato_dataset/train/early_blight/81137.jpg,early_blight,tomato_dataset,a48c077736474868790de3e654edc38b5938a6bd88a9b51a3a3fc723a60cccae,1114
bounding_box_dataset/tomato/train/early_blight/81137.jpg,early_blight,tomato,e0c5859ae2751366d573415bec26c3b5746353fa35c741bd9e8f81a4b403a8b5,1114
clean_dataset/tomato_dataset/train/early_blight/81139.jpg,early_blight,tomato_dataset,de0b97fb0fdd5ab15c0ed7f2cdbff97eda65c546204da60975522b690fae834e,1116
bounding_box_dataset/tomato/train/early_blight/81139.jpg,early_blight,tomato,698ecb862318fc5533a39c3c8c58cb3e75bd29b1653f8efd9f43dd05f35c680c,1116
clean_dataset/tomato_dataset/train/early_blight/81140.jpg,early_blight,tomato_dataset,be9c0ef9df21479116b5eaf9c75e37bf8333fd597b4981599b44e0c838fcca27,1117
bounding_box_dataset/tomato/train/early_blight/81140.jpg,early_blight,tomato,e7bc0979a0da95989f2c5f1bc8dd46904264b83f482fa22b695113806d2019c4,1117
clean_dataset/tomato_dataset/train/early_blight/81144.jpg,early_blight,tomato_dataset,82f3e9718bde4347af889c3d20d7589751dffe2668e25e77820cf00f9acf7828,1119
bounding_box_dataset/tomato/train/early_blight/81144.jpg,early_blight,tomato,db26166293438f7f1acfe8b0a0f2a186f20135f3825e32dd01a67e4acbda951f,1119
bounding_box_dataset/tomato/train/early_blight/81145.jpg,early_blight,tomato,6a91ea3de6e9ae11fa7aa3e27660ee4747e60eeeb21c4ebbdd7821a46fca2a3e,1120
clean_dataset/tomato_dataset/train/early_blight/81145.jpg,early_blight,tomato_dataset,234ec562f295aa78ad2559354745d9815e54227e3d9ae4024933192f1e32b78e,1120
bounding_box_dataset/tomato/train/early_blight/81147.jpg,early_blight,tomato,27c3e99e188583cb035c18a3aff29a23da7ac64f5aed82dff03645c308a574e5,1121
clean_dataset/tomato_dataset/train/early_blight/81147.jpg,early_blight,tomato_dataset,722b77e96864afd1aa3912273643567815d37684f266e362148a4890dd5174e0,1121
clean_dataset/tomato_dataset/train/early_blight/81149.jpg,early_blight,tomato_dataset,4902a1de11a80e38fb34f4f8b31bff1aa90080ccb0a114e5d5d3f39c4ebcb0ac,1122
bounding_box_dataset/tomato/train/early_blight/81149.jpg,early_blight,tomato,0a06deba4b116bf39e75242fc7cb55905bed8dd6845c0934cd73e53c5dcc72f3,1122
clean_dataset/tomato_dataset/train/early_blight/81150.jpg,early_blight,tomato_dataset,98530b5f606429971b6b8dc02487fbf1a07154f0f66232456ddc10552c4e1cfb,1123
bounding_box_dataset/tomato/train/early_blight/81150.jpg,early_blight,tomato,5b7bcc98bd8e3b7caf6a327002a646381fbca92125baf82be3ba7b3e61b6aa0c,1123
clean_dataset/tomato_dataset/train/early_blight/81153.jpg,early_blight,tomato_dataset,ba54c4ecff8e6c0da50b32b6454439a3f95de321c633cf3127d433ad0b17a419,1124
bounding_box_dataset/tomato/train/early_blight/81153.jpg,early_blight,tomato,5cd150e5da7b117a10c1a2a3ae7e13a5e5f76aff79597c8527bcc6378c825ec3,1124
clean_dataset/tomato_dataset/train/early_blight/81157.jpg,early_blight,tomato_dataset,13cd0962eb995332a6eea9f21fae0aa4234f1dbb83d92454f0293debe9f01554,1128
bounding_box_dataset/tomato/train/early_blight/81157.jpg,early_blight,tomato,35b9e8f5963374a0818e0741ddf93e0aa480cb8954035d206cfb0513dad09061,1128
bounding_box_dataset/tomato/train/early_blight/81167.jpg,early_blight,tomato,39865959b23746ab1c847a3cdebcc7b469954760dc63c05c6cf8ec11a92cfd25,1133
clean_dataset/tomato_dataset/train/early_blight/81167.jpg,early_blight,tomato_dataset,6e4b44574dfb1c2a5fe3037a406d858392a23e5c8e639cf2d9ac5fc4c4845ced,1133
clean_dataset/tomato_dataset/train/early_blight/81168.jpg,early_blight,tomato_dataset,5810a40c0ff91e0477540e5076e0867495f65e2efd6bdb868b408bc8b2514539,1134
bounding_box_dataset/tomato/train/early_blight/81168.jpg,early_blight,tomato,4a7b70bb46b2d7c3272e8b8e8a179294cd34f503ff3873634a0e27517dd44124,1134
bounding_box_dataset/tomato/train/early_blight/81174.jpg,early_blight,tomato,f3de94e7dd0f7b6b8b334744a600566d5ffc309768ee71109f755dd919580569,1137
clean_dataset/tomato_dataset/train/early_blight/81174.jpg,early_blight,tomato_dataset,63670393fe4721fcb98c8180aff6d6f5da6fb911b0be45892dc070bcfc50fa2c,1137
clean_dataset/tomato_dataset/train/early_blight/81178.jpg,early_blight,tomato_dataset,f651006faa01555fba2b73b74dbfea1a020f78c8dda2492f370b56fe81f87dcf,1140
bounding_box_dataset/tomato/train/early_blight/81178.jpg,early_blight,tomato,310ce6023651f362a04c5301dac478d3921e8b9ff29b46e1904124654484c820,1140
bounding_box_dataset/tomato/train/early_blight/81179.jpg,early_blight,tomato,b2ea56ddd034da96097747de2d3a93e4c47c7777b2d4db7106efd599ca19b1b5,1141
clean_dataset/tomato_dataset/train/early_blight/81179.jpg,early_blight,tomato_dataset,9321c1054585f5d4133e6753939341c24f39d69e5845103bafdad56136910f82,1141
clean_dataset/tomato_dataset/train/early_blight/81183.jpg,early_blight,tomato_dataset,487f88bdd28c3c59237b28e160bc9610783fb47e842aff7e2aa0f41b478bd68c,1144
bounding_box_dataset/tomato/train/early_blight/81183.jpg,early_blight,tomato,a93c7783492e564dcdb1522b61dd2c78d70af12950a043a7c621a404773cb9c0,1144
bounding_box_dataset/tomato/train/early_blight/81188.jpg,early_blight,tomato,ad80facc9464d272dc7f6b44f27aee32b53ce2a8d6f1ca83d28532c82b15bdf2,1149
clean_dataset/tomato_dataset/train/early_blight/81188.jpg,early_blight,tomato_dataset,77d33aeaefe8f784367155150662e67ad124a881d7de3d170daca2d14fad5aa6,1149
clean_dataset/tomato_dataset/train/early_blight/81190.jpg,early_blight,tomato_dataset,6347f560ca1347f26d6f75412f7b445280a40db2a2688714086357558650eadb,1151
bounding_box_dataset/tomato/train/early_blight/81190.jpg,early_blight,tomato,0786e272be881825ad09c9442935374f31f17ab42bc975b69b12a8cb8395957e,1151
bounding_box_dataset/tomato/train/early_blight/81193.jpg,early_blight,tomato,0f5ef5180f51ddc34abef28a7cc278cc012627cd23f1d35334ee2db1ddd713bd,1154
clean_dataset/tomato_dataset/train/early_blight/81193.jpg,early_blight,tomato_dataset,f1e5a2047c0ecc8cfb59d795ff63f25951c7cd3391fb65d1c6cf3ec415700383,1154
clean_dataset/tomato_dataset/train/early_blight/81197.jpg,early_blight,tomato_dataset,2e1197375518fa268762b8774acaa9533d368cfe35013505798abd08df931622,1158
bounding_box_dataset/tomato/train/early_blight/81197.jpg,early_blight,tomato,bb3948328a446d1c85c07246e9170f21dc8e7783f578dc4dc806111a316732c8,1158
bounding_box_dataset/tomato/train/early_blight/81201.jpg,early_blight,tomato,8f70fa064d05407a09145303f9960dac815b80313fb761be2b6946b5fec1889c,1159
clean_dataset/tomato_dataset/train/early_blight/81201.jpg,early_blight,tomato_dataset,40a0fb7c3ccd262d57fd6b5c06dcbfce0769c777817d1ac139a8f5d6429e9f0b,1159
clean_dataset/tomato_dataset/train/early_blight/81203.jpg,early_blight,tomato_dataset,f5f4c5c36bd5af046e27b11a82520bf120c6d87f96cf014798e5c17a1fde5ba4,1161
bounding_box_dataset/tomato/train/early_blight/81203.jpg,early_blight,tomato,e524a3b6cb0071df7a9becca48118f2a49cfb8bc3c0834f85de3a82cd2093836,1161
bounding_box_dataset/tomato/train/early_blight/81207.jpg,early_blight,tomato,6e06309f90aab3fdfd40b9e1aacea775ea57860146476a6282529c973ac7745d,1164
clean_dataset/tomato_dataset/train/early_blight/81207.jpg,early_blight,tomato_dataset,b9a4f4c945141942429f652f6194a9b5dc4c53f8637fc08d9f917019d701042c,1164
clean_dataset/tomato_dataset/train/early_blight/81221.jpg,early_blight,tomato_dataset,1d14ba62e113d16da267461ff9a774f2b887c5cf75d2335da9025b97275cfac4,1174
bounding_box_dataset/tomato/train/early_blight/81221.jpg,early_blight,tomato,0a750fed9c0101062e7b85911ad6af198ff412384750f221bf3cb6ae7db8658e,1174
bounding_box_dataset/tomato/train/early_blight/81224.jpg,early_blight,tomato,2d361b76b9304817a57bbc75a42010130a1a70b701b2ce221ff4952befc7ee92,1176
clean_dataset/tomato_dataset/train/early_blight/81224.jpg,early_blight,tomato_dataset,4b559168e18458940e055fe9d8b3327db09bf9218183c45195ce1ea897ab9275,1176
clean_dataset/tomato_dataset/train/early_blight/81226.jpg,early_blight,tomato_dataset,1c81ceae32c662c36e9b2fa8b58142e757e7d9fa01ce525dbc2bb14af3083aa7,1177
bounding_box_dataset/tomato/train/early_blight/81226.jpg,early_blight,tomato,a5679941dfd8454cbcac6b55819f3e41b232b6b9e1a4719c775e61c8e083ffc8,1177
bounding_box_dataset/tomato/train/early_blight/81234.jpg,early_blight,tomato,9b1a40edc137201b3c0e480d963b090b25fd21a6c76d3f72b842700f650ce5b4,1184
clean_dataset/tomato_dataset/train/early_blight/81234.jpg,early_blight,tomato_dataset,a3193c4f46ad2f7f7edfccbf1a71a517e522c735d2b7851255b137797889011d,1184
clean_dataset/tomato_dataset/train/early_blight/81236.jpg,early_blight,tomato_dataset,13e4e3524fa7abc348819beb5e8bc7c31131d5d5b300fd2d8e01b1f9fae04e65,1185
bounding_box_dataset/tomato/train/early_blight/81236.jpg,early_blight,tomato,b781f41344ff1d580c47ea46248a457bebfddbebe9c44de135b4ce3f938ec3f4,1185
bounding_box_dataset/tomato/train/early_blight/81247.jpg,early_blight,tomato,b6e1553e8f132f2a57a345312f016c105f86974a95bf903bc9585d3d6ddf0bcb,1193
clean_dataset/tomato_dataset/train/early_blight/81247.jpg,early_blight,tomato_dataset,22c7ae119b9ea1d318d94438192ba4f8e0d7d791832642bb4b357703b28f5947,1193
clean_dataset/tomato_dataset/train/early_blight/81257.jpg,early_blight,tomato_dataset,6f0a4350f9b31ed519180ee71f1479527fff418736dbb19eb821759b0032161f,1201
bounding_box_dataset/tomato/train/early_blight/81257.jpg,early_blight,tomato,8582b1cab3dde6ca6a64bb1a053bd44eddac13833e1550e304913f77976c0415,1201
bounding_box_dataset/tomato/train/early_blight/81261.jpg,early_blight,tomato,bc7eab670c2325001435f0a536fc9e9ad96688e1c4c325c1fa9be0b3ceb94229,1205
clean_dataset/tomato_dataset/train/early_blight/81261.jpg,early_blight,tomato_dataset,7e4ade13088dc23fa26205a7d352084e4fa04fe5c907776c7f78bfcc245ba67a,1205
clean_dataset/tomato_dataset/train/early_blight/81268.jpg,early_blight,tomato_dataset,aab64977668520bcd4070765529f654630ce116d136cc1d48dfbc51164db9fdd,1209
bounding_box_dataset/tomato/train/early_blight/81268.jpg,early_blight,tomato,4fd82b93c0b77c76aa21561a57384d24af8807584aecfa8e8b42c8c9863076e9,1209
bounding_box_dataset/tomato/train/early_blight/81269.jpg,early_blight,tomato,745742d3f4a2192b84714c007245bafe2291e505bdecad0045669dcbc500d714,1210
clean_dataset/tomato_dataset/train/early_blight/81269.jpg,early_blight,tomato_dataset,89ba4b0f12db9363bf14ba22d729919d3e91ecc1f55cc9a0579063c903af9a64,1210
clean_dataset/tomato_dataset/train/early_blight/81270.jpg,early_blight,tomato_dataset,dfc0e13b98f464696cc1cfd18ca892a29a798250e54d02ed524250778345cf3f,1211
bounding_box_dataset/tomato/train/early_blight/81270.jpg,early_blight,tomato,c41a3a693f64ba07b1bba8326afd4af7f8a08d3e7d5277f21898f5c97b11b471,1211
bounding_box_dataset/tomato/train/early_blight/81272.jpg,early_blight,tomato,9a5c3942d0aec20898bfacfd2db083e56425c2d2dc68d304622ac2b58c49831a,1213
clean_dataset/tomato_dataset/train/early_blight/81272.jpg,early_blight,tomato_dataset,043676ac7cc67d70150df88c601d7c0d0b1a6f0c5713a715c36c39a07140d166,1213
clean_dataset/tomato_dataset/train/early_blight/81278.jpg,early_blight,tomato_dataset,974426ea00af38d6f2df958e199103deffa395b6b0a7eecd6ef58aed48b4535b,1216
bounding_box_dataset/tomato/train/early_blight/81278.jpg,early_blight,tomato,3e796023c0327f58e637aec8fbd779ca918a2f953c995bf0e365a797f1e8b068,1216
bounding_box_dataset/tomato/train/early_blight/81283.jpg,early_blight,tomato,36d1715af1a273e2343e4be4ef9b4afd21bb16f3931be3903839eb83da44ed52,1220
clean_dataset/tomato_dataset/train/early_blight/81283.jpg,early_blight,tomato_dataset,b8abc16458a23bac12a695b8a0176e7a1e06340f925bfbae1fc8abfb80310793,1220
bounding_box_dataset/tomato/train/early_blight/81286.jpg,early_blight,tomato,c63ec715513fd7916da2b66207f423b60f8862fe5f7341bc263cbad614db54f6,1223
clean_dataset/tomato_dataset/train/early_blight/81286.jpg,early_blight,tomato_dataset,ca968c36a6e20d01d0898eb87e5056c4d92746438e9273c6000861223ffabcbe,1223
clean_dataset/tomato_dataset/train/early_blight/81294.jpg,early_blight,tomato_dataset,2f382fd16037f2b1806045291e99a3e6e5f7531ab3fce57d0aeb9fcc8e67616b,1228
bounding_box_dataset/tomato/train/early_blight/81294.jpg,early_blight,tomato,50e5c0f0eca96ae519d293de563700ea16ebeb5c4a2a279ecf4b2ec0fd4580e1,1228
bounding_box_dataset/tomato/train/early_blight/81295.jpg,early_blight,tomato,6e34478af3526123c3fe970d815eb2d650d790e9483547585e28d7471ab0bac9,1229
clean_dataset/tomato_dataset/train/early_blight/81295.jpg,early_blight,tomato_dataset,6bb62f6b541eb27e0fdff98c8d69f91db207afbe954becbf8e057656ded6d930,1229
clean_dataset/tomato_dataset/train/early_blight/81298.jpg,early_blight,tomato_dataset,56ea9bbccdd4b691f84983a1ad7e3b0b11f23dda7c47ce274388ee7a34a09f20,1232
bounding_box_dataset/tomato/train/early_blight/81298.jpg,early_blight,tomato,baf7f25cd8f632e2ab801cd517bbd0f7a3b5411c7fe21b0a35bb499a79060828,1232
bounding_box_dataset/tomato/train/early_blight/81303.jpg,early_blight,tomato,70aa03a4fbc5b43437b085629d874d29dc886859047c22a68557397aaa80d421,1234
clean_dataset/tomato_dataset/train/early_blight/81303.jpg,early_blight,tomato_dataset,9ebff38c265ef7d7707b3e00259088da55e526e7c3dd4d94d738947c6f7d4c76,1234
bounding_box_dataset/tomato/train/early_blight/81307.jpg,early_blight,tomato,f3c3d8800e0d8a8e70fca8d3f257ec9bab2b62c425b045eaac390881102caedd,1236
clean_dataset/tomato_dataset/train/early_blight/81307.jpg,early_blight,tomato_dataset,b724228eb1e4e140aeb0d9cf64fb2e64ea4fa366fdbda66c01b4f5a8bcff8301,1236
clean_dataset/tomato_dataset/train/early_blight/81308.jpg,early_blight,tomato_dataset,6217df9a314be2efc1e34a3b0439615f48909b3748ba88b030974f07a9c62818,1237
bounding_box_dataset/tomato/train/early_blight/81308.jpg,early_blight,tomato,b3d530897409a729cae28d8c34034fa5fc90ae22b8bbf63af2696c63bf8e811d,1237
bounding_box_dataset/tomato/train/early_blight/81316.jpg,early_blight,tomato,9f032ade348122ac98d1c906a232887705bfefd88f3ba1502b5a8e18602bbfc1,1242
clean_dataset/tomato_dataset/train/early_blight/81316.jpg,early_blight,tomato_dataset,b87850378de3bea12b2c4e1faf0fe8c3b93d0b7cc56573b4eeceee6f5a919299,1242
clean_dataset/tomato_dataset/train/early_blight/81322.jpg,early_blight,tomato_dataset,1bc96518ccab2502b2d8c4402c0a1fc6119e9a49bb4da0a6cdf1050011464b99,1245
bounding_box_dataset/tomato/train/early_blight/81322.jpg,early_blight,tomato,3fac5d825a0902eba5171b4c4238f631668dcec386fb759bcf9b2b6237f8b0db,1245
bounding_box_dataset/tomato/train/early_blight/81324.jpg,early_blight,tomato,fa5ad3c6a3767a744a2778dd53fd33c9c9161afe371052d0fad2f55b11cc8642,1247
clean_dataset/tomato_dataset/train/early_blight/81324.jpg,early_blight,tomato_dataset,598d51a06be3a77717d27c1e3410675264ba0734b31e75cda4804fc763be283b,1247
clean_dataset/tomato_dataset/train/early_blight/81329.jpg,early_blight,tomato_dataset,6d5648c050c1202015798b8d5a9192b55a233e938e749f1991601760756e4573,1250
bounding_box_dataset/tomato/train/early_blight/81329.jpg,early_blight,tomato,be9a2bf6eb652422a1ed73fccf3d9bf032b263fd54ada2cf3172d548d2107cc8,1250
bounding_box_dataset/tomato/train/early_blight/81333.jpg,early_blight,tomato,c5e7a36feba5564e97fce8ee9efe967012a398ec6d569efe37cc21d40b741cc7,1253
clean_dataset/tomato_dataset/train/early_blight/81333.jpg,early_blight,tomato_dataset,f56fdee662d2dbcd2782041da0db0b6770d47018edd07f7403bd1ac13ca7e2c5,1253
clean_dataset/tomato_dataset/train/early_blight/81336.jpg,early_blight,tomato_dataset,de4cd4e9bb3d33471c7c7606d7d96319eaf3dbeb57f29af07eebab9ac2faddc2,1255
bounding_box_dataset/tomato/train/early_blight/81336.jpg,early_blight,tomato,d72c0bfc430709c1fd37ca0f48489b43e9df7b3d6da0bde754f7416749abb729,1255
clean_dataset/tomato_dataset/train/early_blight/81341.jpg,early_blight,tomato_dataset,5d6bdb1fb2a58e5219774123c24b4b78292c9f4f2902efb26594ab67dbf04b1e,1259
bounding_box_dataset/tomato/train/early_blight/81341.jpg,early_blight,tomato,bcd80ec338becb3b5eb3b906edb41b6755954d25eb9e7e0a4945931d8556d41e,1259
bounding_box_dataset/tomato/train/early_blight/81344.jpg,early_blight,tomato,b47058dffd38bcbe423146f600ab8d78fcf766e61d8a68182b37d8b820ab51c8,1260
clean_dataset/tomato_dataset/train/early_blight/81344.jpg,early_blight,tomato_dataset,e3342a3efafed163965c38079d42e399d56e6b0b0c47ec27df37919bce854bc0,1260
clean_dataset/tomato_dataset/train/early_blight/81351.jpg,early_blight,tomato_dataset,7197d836cf69d20b7a2a37bca446c9f78d98ec8318d0da39edf9286cefb18d88,1264
bounding_box_dataset/tomato/train/early_blight/81351.jpg,early_blight,tomato,672c2cdf0b6ca551f8cb1400f9519ac9ed9630bccb19062678b1ef29ea3e1320,1264
bounding_box_dataset/tomato/train/early_blight/81358.jpg,early_blight,tomato,41b12e64fb21feb42a2d53cd66ff56d669932972a5bf39d1672ff304f9311ce5,1268
clean_dataset/tomato_dataset/train/early_blight/81358.jpg,early_blight,tomato_dataset,ececebda937176bd9a367f1d890e83d395886b7633b1c08a69d3ea5bf5a68ca5,1268
clean_dataset/tomato_dataset/train/early_blight/81369.jpg,early_blight,tomato_dataset,443b7f3e11f9f1127f487ea9d5d00351a64b98abe6f229fadfac62c472059642,1272
bounding_box_dataset/tomato/train/early_blight/81369.jpg,early_blight,tomato,e2299cb3f7efb50c38c6c2a4b64ef46d19bf905fbb3f911d068be61fc29c2464,1272
clean_dataset/tomato_dataset/train/early_blight/81370.jpg,early_blight,tomato_dataset,7b6789c38c8018a14cdcf3941f397116e306da29af4bdb58704b4f8806e7f93e,1273
bounding_box_dataset/tomato/train/early_blight/81370.jpg,early_blight,tomato,61ab2ea2b7261ce9e68b690f1530491cdb05fb5c4c0ab5d489a35d7f39a8962b,1273
bounding_box_dataset/tomato/train/early_blight/81373.jpg,early_blight,tomato,ebf744a8c9ae6f86dac534839a5658bd38839a917bec3b2c3827f6a01116131e,1275
clean_dataset/tomato_dataset/train/early_blight/81373.jpg,early_blight,tomato_dataset,00225f452519a4d9cb8135ed026351c8017690d5f75c1e8f726e3f7115da14b8,1275
bounding_box_dataset/tomato/train/early_blight/81376.jpg,early_blight,tomato,f9983add5526a8ca286b837ab8555fa77dd8ed86d1040c585c53a58285475ace,1277
clean_dataset/tomato_dataset/train/early_blight/81376.jpg,early_blight,tomato_dataset,0744ed5a5fcb6cb45ce2c61e7a2a31f00fdab6c0df372d2497fd07e328a261ad,1277
clean_dataset/tomato_dataset/train/early_blight/81380.jpg,early_blight,tomato_dataset,9a460c6c828520ba2c093b9d4b4773277fbff83ae8a1f93ac38fa4330a8c9621,1281
bounding_box_dataset/tomato/train/early_blight/81380.jpg,early_blight,tomato,2020d753eb13c8f4f3aaf96a2db30cbf08c19d0755a6c6f1c00deb4272a21119,1281
bounding_box_dataset/tomato/train/early_blight/81383.jpg,early_blight,tomato,16e3cd97765298bdd2d657ccea0d0d618303e156f0cecb36ffa5532fc838ee36,1284
clean_dataset/tomato_dataset/train/early_blight/81383.jpg,early_blight,tomato_dataset,471319dfbeb099b66f06dd19cb43ead0444102fa683a4b871a612241e623d286,1284
clean_dataset/tomato_dataset/train/early_blight/81384.jpg,early_blight,tomato_dataset,854826c91f03e60f9ba1d179530646dce81eeb3ae4847929bf8fd219c1a0b892,1285
bounding_box_dataset/tomato/train/early_blight/81384.jpg,early_blight,tomato,18829bea7a0c787933b24ce48348c145fd1a8c853637833f3dabe272b51f68f5,1285
bounding_box_dataset/tomato/train/early_blight/81387.jpg,early_blight,tomato,78c69920cce05ad2f7094c2a9c126516a2965eb4dd72cf9513c2a5f3f261994d,1287
clean_dataset/tomato_dataset/train/early_blight/81387.jpg,early_blight,tomato_dataset,2d1b3d7445f6bcd8814689138ae4621cf711d25d52cb9a71f679c3c53a1222a1,1287
clean_dataset/tomato_dataset/train/early_blight/81390.jpg,early_blight,tomato_dataset,97d549ccaa889ce4bcc1118c0f6ebaadf853fb28a7c961bbd70b11bc7e954771,1289
bounding_box_dataset/tomato/train/early_blight/81390.jpg,early_blight,tomato,9e7a393c7142d4f352ac345e962106b3b54a7f2b60db8f7e49afd64cebbcdfea,1289
bounding_box_dataset/tomato/train/early_blight/81394.jpg,early_blight,tomato,03145683d2a18632ee7a9216e4da45e699449b3696a44855f8dee8779576aca6,1291
clean_dataset/tomato_dataset/train/early_blight/81394.jpg,early_blight,tomato_dataset,e080e910c66def65f398ed50d80135d2797b9a580ab9cb9f5b81cf09efb6f71d,1291
clean_dataset/tomato_dataset/train/early_blight/81408.jpg,early_blight,tomato_dataset,54c061ff56082248e490afeabfb26db669c6c11f9a05ebf7bba91275fb4ed005,1298
bounding_box_dataset/tomato/train/early_blight/81408.jpg,early_blight,tomato,11679e67f01b8860f3a09574e121cb4510a1ca7ae25024f2b8e304ba5e61ccb2,1298
bounding_box_dataset/tomato/train/early_blight/81411.jpg,early_blight,tomato,c9114515e22c90256f747d357780588e3faf05f890e953d7c2d7f5f8368abb19,1300
clean_dataset/tomato_dataset/train/early_blight/81411.jpg,early_blight,tomato_dataset,16decfb41eb23186b602d31b8c030b145858af1a85b70e581893f0ca89da0310,1300
clean_dataset/tomato_dataset/train/early_blight/81417.jpg,early_blight,tomato_dataset,beff37e0aaf05fb9324c26f39d00cca186a07065b0f77d61ef2222ebc28f3908,1304
bounding_box_dataset/tomato/train/early_blight/81417.jpg,early_blight,tomato,230d560863120aa7cbbb8c5e2f9489ac526fc99904b9c8a4d708523ac385ad02,1304
bounding_box_dataset/tomato/train/early_blight/81437.jpg,early_blight,tomato,dff013b6e192d0e22bdd116651def3e7dc7b2d68b358772a11a6ce1ab2a24a4a,1317
clean_dataset/tomato_dataset/train/early_blight/81437.jpg,early_blight,tomato_dataset,d6b4cd43503da5f3aa80ebe4075f156a1f585eedad35faaaf35821e4950fef04,1317
clean_dataset/tomato_dataset/train/early_blight/81440.jpg,early_blight,tomato_dataset,bd321ecdd769681069465a794a088fe37e6e430899a7b12927b53b0b520e3dcf,1319
bounding_box_dataset/tomato/train/early_blight/81440.jpg,early_blight,tomato,327698528ac1b02e72e6076caf3b608a88e886be682f024594edd2f801796739,1319
bounding_box_dataset/tomato/train/early_blight/81442.jpg,early_blight,tomato,fd7ca2ff88360180ba62b584e130ce9cfa8c86f55362fdad2696e0156188b65c,1321
clean_dataset/tomato_dataset/train/early_blight/81442.jpg,early_blight,tomato_dataset,02f49eebdf67357fd31bc56c32d2e17bb0f20b44e1d08b48fb85d1bf7fc95f02,1321
clean_dataset/tomato_dataset/train/early_blight/81446.jpg,early_blight,tomato_dataset,d4b0417abac12e250cea362c992f7a26d709ec802b630ab853389bcdb7ef9e2f,1323
bounding_box_dataset/tomato/train/early_blight/81446.jpg,early_blight,tomato,775d0367ef49c06a49e8a78090db6b7422389bc0da9094b8f3a7580c4f7a155d,1323
bounding_box_dataset/tomato/train/early_blight/81447.jpg,early_blight,tomato,b6c0bf17c6e67a95fcf51e5363923450fbd450ef5ea4df5f0215194dfd0bb350,1324
clean_dataset/tomato_dataset/train/early_blight/81447.jpg,early_blight,tomato_dataset,7f943ad664710fd6c2002e4e6c9f2bde59a6471b8e7d3cef0a81add299cd8365,1324
clean_dataset/tomato_dataset/train/early_blight/81449.jpg,early_blight,tomato_dataset,f61792150aa066021e1cdf70176eb9e20c0e70f820acc68236d26231d2bd9e70,1326
bounding_box_dataset/tomato/train/early_blight/81449.jpg,early_blight,tomato,b36816bfc8c3ddbb334fceaf01afab18aea7c9adf48e5b9affb32763e12fc18b,1326
bounding_box_dataset/tomato/train/early_blight/81455.jpg,early_blight,tomato,8b2f10ea93072516cd21f74da2b5232a3e2387f9cb525e3e09057834e678ace0,1330
clean_dataset/tomato_dataset/train/early_blight/81455.jpg,early_blight,tomato_dataset,06ff55c572d8a3984418f8252fadc154a97d88c700fc884c1654ed6e43f419d5,1330
clean_dataset/tomato_dataset/train/early_blight/81462.jpg,early_blight,tomato_dataset,29cc79265d59a5e0279c085454ec97b1ea67fb429b0a4ab630b6dc9ac96954aa,1335
bounding_box_dataset/tomato/train/early_blight/81462.jpg,early_blight,tomato,7f4c36bb73ecf3ba90caeb81747abf8453b4edd4d543458b8a973c9f5a42ce4e,1335
bounding_box_dataset/tomato/train/early_blight/81466.jpg,early_blight,tomato,381bca13a4c81ffafad4c64b184607fab88ffc3c67f78b1d0d197da87c2b2503,1339
clean_dataset/tomato_dataset/train/early_blight/81466.jpg,early_blight,tomato_dataset,45bd2016d061cf4c6e19ac72c0b48baf3585cee8546e13030d38c1b84c00cbca,1339
clean_dataset/tomato_dataset/train/early_blight/81468.jpg,early_blight,tomato_dataset,5beba0509dfbf01fdf7fb007305293e950c3a844b5c94c5979bf0125a3730b66,1341
bounding_box_dataset/tomato/train/early_blight/81468.jpg,early_blight,tomato,11a369f1256d942154e6f3684107e05923808d65aaa5b29bb910a99131a5cb4d,1341
bounding_box_dataset/tomato/train/early_blight/81469.jpg,early_blight,tomato,706137963839284142a6dea3c1b9d4cc62a34d2a8d8f82780ec82adf60db6326,1342
clean_dataset/tomato_dataset/train/early_blight/81469.jpg,early_blight,tomato_dataset,5205864dee4d33ea91813b42a32d3249b0dfbf20bc5f90340f0723aabfe5ea1a,1342
clean_dataset/tomato_dataset/train/early_blight/81471.jpg,early_blight,tomato_dataset,e0dd3ca973af2d49fed01f9ac7e2cd1cfd8ca4922d3ff2cb26a5e4ca14ebc2ef,1343
bounding_box_dataset/tomato/train/early_blight/81471.jpg,early_blight,tomato,baadff51f8a78e9e47bb24e55b8f62fa0fbcb545a9fe9967234faf01b9c45a72,1343
bounding_box_dataset/tomato/train/early_blight/81472.jpg,early_blight,tomato,1739a50cf552528209482b554d5ce2d6e540f4a4d2c985269d7d685fa1369e79,1344
clean_dataset/tomato_dataset/train/early_blight/81472.jpg,early_blight,tomato_dataset,e15b38194e11335d3ecf73e93038ad5c652874c20c7d534d0f190822f3f19f6a,1344
clean_dataset/tomato_dataset/train/early_blight/81476.jpg,early_blight,tomato_dataset,d70b1e2d868dae39ce67fcb930ef594365f3ee56de63b8dbdaf4c3bf86983a54,1348
bounding_box_dataset/tomato/train/early_blight/81476.jpg,early_blight,tomato,1d1262d4f97d009435362ca846aa17b0e5a8b3d7b79b2108ec7d051e71e19a33,1348
bounding_box_dataset/tomato/train/early_blight/81478.jpg,early_blight,tomato,75a8085b4826e5de783269fe116cbb4fb0e68341c7a1a0b190939996b1a4ec2e,1349
clean_dataset/tomato_dataset/train/early_blight/81478.jpg,early_blight,tomato_dataset,f362d0489b28a7a7f3a5fa9542472771a06d74ba2e75c21267446f03af867f4f,1349
clean_dataset/tomato_dataset/train/early_blight/81479.jpg,early_blight,tomato_dataset,3c66e78512e96c15bf3dcd826d2e8053132894b680dff21106ee2c813ac050fa,1350
bounding_box_dataset/tomato/train/early_blight/81479.jpg,early_blight,tomato,6ac64e0e241e8e9590897c0a996b074acfacb72e1b49f07855ef87ba012243f2,1350
bounding_box_dataset/tomato/train/early_blight/81481.jpg,early_blight,tomato,febe7a7ae2ebd5e8db20cf904eb416cea8538704b2a12ec086de3c512863bda1,1352
clean_dataset/tomato_dataset/train/early_blight/81481.jpg,early_blight,tomato_dataset,ed00bf3889deb685d856bc53c3573a161b69cfe7669ea850f0e0cf94620ec554,1352
clean_dataset/tomato_dataset/train/early_blight/81488.jpg,early_blight,tomato_dataset,006d3266ee68c9356ca8b9c45c1057c22310229ecf7efa13ed201adbf2f68f3d,1358
bounding_box_dataset/tomato/train/early_blight/81488.jpg,early_blight,tomato,eb60869b98832d0bc79ca7122c5ea729257542195bbc2b94988d8b820d69dc7b,1358
clean_dataset/tomato_dataset/train/early_blight/81491.jpg,early_blight,tomato_dataset,cb1cad4a47827d9ac664b6f6457a179e34db8b8332b4a4fb05b142cd2db620ed,1360
bounding_box_dataset/tomato/train/early_blight/81491.jpg,early_blight,tomato,50a5956c26a39b9e3a7003e61cdc3c759e44a979949008d19aca8f8b61268323,1360
bounding_box_dataset/tomato/train/early_blight/81494.jpg,early_blight,tomato,0679fbcdfebe55722f62aa3652db57154bb84507564704523f78dc2a9c2284c2,1362
clean_dataset/tomato_dataset/train/early_blight/81494.jpg,early_blight,tomato_dataset,db98e6792e6b920389be94d32289032022da361d4585ffaf1bcb27befc2c26c4,1362
bounding_box_dataset/tomato/train/early_blight/81506.jpg,early_blight,tomato,15204b1ac3a3c03dde94f293118f35db2278d115bd47d226183f00a7ec7421a9,1368
clean_dataset/tomato_dataset/train/early_blight/81506.jpg,early_blight,tomato_dataset,0be1fa2e12a1018dc07b3ef25542e95968b7fde98f7bf07c1860e33987c7bdf8,1368
clean_dataset/tomato_dataset/train/early_blight/81509.jpg,early_blight,tomato_dataset,29b701b3ac5203f529a751087de924de0dfa781d82beb58aa76742e8e86e149c,1370
bounding_box_dataset/tomato/train/early_blight/81509.jpg,early_blight,tomato,1d2a4a9f3f80975f11f29bb2114b713b2fde015ba9e03c98fb6e5b5af87c66f9,1370
bounding_box_dataset/tomato/train/healthy/94955.jpg,healthy,tomato,f694f8a5ab9e755577a2ce4593fd63e95cc52be37d0f24239e4ddc0dee35cbc0,1373
clean_dataset/tomato_dataset/train/healthy/94955.jpg,healthy,tomato_dataset,6c2c465291f527b2673c22f7340d5bb69cfb64c28c1aa15cf1bba173a7ecd19f,1373
clean_dataset/tomato_dataset/train/healthy/94959.jpg,healthy,tomato_dataset,688909867c3333c2cdf85ab0c0a82873bca57c8d84929e43b93b15a471a7817f,1376
bounding_box_dataset/tomato/train/healthy/94959.jpg,healthy,tomato,cda70974620e7d51834ace655a41f846d51cb13cb7a15a4d8115beb35f104e19,1376
clean_dataset/tomato_dataset/train/healthy/94974.jpg,healthy,tomato_dataset,9a4fce34d98a0012cf647addaec5ed8b7dd484f525c609cab41c681fa44a1576,1384
bounding_box_dataset/tomato/train/healthy/94974.jpg,healthy,tomato,025a50dd855c6ffa7cdb2241e127d95cecbecee892b64c02868e450a928e2d44,1384
clean_dataset/tomato_dataset/train/healthy/94977.jpg,healthy,tomato_dataset,7916b0694c6b80fa2f9991ef1bbefba31df744a37282016c283b61e393efbc67,1386
bounding_box_dataset/tomato/train/healthy/94977.jpg,healthy,tomato,7e16b22da792e2610635712cdd2203b655bba7592e628f60b79e4a6eec2d096c,1386
clean_dataset/tomato_dataset/train/healthy/94983.jpg,healthy,tomato_dataset,ad505c2c1fc080038b1e93f62778ac2f7f0b00d65c475ec2e95b06ac7d7fdf74,1391
bounding_box_dataset/tomato/train/healthy/94983.jpg,healthy,tomato,c07349c4d6f2cbd0a0106f7f5fa9d7a543168faebb42e5e87768abc35db922c0,1391
bounding_box_dataset/tomato/train/healthy/94991.jpg,healthy,tomato,56f26eddb384ebdac9feee55e66f8958072776cffff3ad3e9326a4db626a7b51,1395
clean_dataset/tomato_dataset/train/healthy/94991.jpg,healthy,tomato_dataset,b2ac6a05dfa82c1f84e12fbbd203d8008f0e93149e80d0ceae6b8031352f2d75,1395
clean_dataset/tomato_dataset/train/healthy/94994.jpg,healthy,tomato_dataset,13e7805a8b89c5016b858f63e94ddc854b51e2136cf9137bef97c689f14d1379,1397
bounding_box_dataset/tomato/train/healthy/94994.jpg,healthy,tomato,7252d98fae2375101d8c3c38fb18d1a6d6848ec7db38057574a171c20fd02b93,1397
bounding_box_dataset/tomato/train/healthy/94995.jpg,healthy,tomato,cb5d31754b55cef3c4bf275aa21223426f467b550f3c9b095ae3d932bf61e17b,1398
clean_dataset/tomato_dataset/train/healthy/94995.jpg,healthy,tomato_dataset,de18d95b2da061ac6116d2ff3b0935df9de3f2460fcba4b05f99212189c4f388,1398
clean_dataset/tomato_dataset/train/healthy/94997.jpg,healthy,tomato_dataset,5c1b6e87dbb21ed05e38ed19bf0b9445a8445569c8e2c521643650b7897c6744,1400
bounding_box_dataset/tomato/train/healthy/94997.jpg,healthy,tomato,21d461f42a065cadc9d4803f1f40a1958e8fb48076c2f3cbaf91df06f84db559,1400
bounding_box_dataset/tomato/train/healthy/94999.jpg,healthy,tomato,a7e98ad6efa8f760c07ceb8aa3893d87ca92b70ea7af17509189870209d52968,1402
clean_dataset/tomato_dataset/train/healthy/94999.jpg,healthy,tomato_dataset,a33ad99857ea83bef4699cfc4324b22d08d907ba1bf1de6dfa653b14f25c850d,1402
clean_dataset/tomato_dataset/train/healthy/95005.jpg,healthy,tomato_dataset,0827ed83ea81a7bd5c264a90b4e37c66312507fe3523a712c9fb8aa7fd033909,1403
bounding_box_dataset/tomato/train/healthy/95005.jpg,healthy,tomato,4db30a56d6ef1d4d85072581577d581fe62858ccf693a394c8fd384bbbe050fd,1403
bounding_box_dataset/tomato/train/healthy/95006.jpg,healthy,tomato,33a197cc4d80d10cd4393fad2efa863d5be2d23d901e5b9f6d7464e5d3711ece,1404
clean_dataset/tomato_dataset/train/healthy/95006.jpg,healthy,tomato_dataset,b861101c074032baf27bce558230e2819442fe22ab915f915162e46d0458505c,1404
clean_dataset/tomato_dataset/train/healthy/95010.jpg,healthy,tomato_dataset,5bf3c3826c5077f162237ab284751e895eede7b293e630dfb45948df8809e016,1408
bounding_box_dataset/tomato/train/healthy/95010.jpg,healthy,tomato,b3132f1d6b7ae9473b8dd2821890c31aca5f067acf6eec645cfd2468e584aaeb,1408
bounding_box_dataset/tomato/val/healthy/95420.jpg,healthy,tomato,176713c015e5111e62d1ed0b292c18dabde8fab3b27a6ea1be5d6202ef80603b,1408
bounding_box_dataset/tomato/train/healthy/95013.jpg,healthy,tomato,ebba0e61a51c374ee2657e6cb4412317b4a563b986af04d6d25e2aad80ca0fd6,1410
clean_dataset/tomato_dataset/train/healthy/95013.jpg,healthy,tomato_dataset,c61184558a08b94f42cf92d98c5b0fddb3a9b1fcf8e602c9757a182869c8c789,1410
clean_dataset/tomato_dataset/train/healthy/95016.jpg,healthy,tomato_dataset,a8e36ceeeda01f5a94c564224b0c0a7cc3d40948698c02602ff69cd8c971334c,1413
bounding_box_dataset/tomato/train/healthy/95016.jpg,healthy,tomato,07a5496615b6c39014c56a91a4e82423ba39d02608e574379f4c2e702ba4008e,1413
bounding_box_dataset/tomato/train/healthy/95017.jpg,healthy,tomato,c9015c995391b275ab65266630351172fd77854f4b40576605d93bbe5c1f9806,1414
clean_dataset/tomato_dataset/train/healthy/95017.jpg,healthy,tomato_dataset,c3b18c358eea87c0b2e6fca7c545df9f13cfef9bc331981c9ccaac1e5c0e30c3,1414
clean_dataset/tomato_dataset/train/healthy/95019.jpg,healthy,tomato_dataset,e03caafc25b2dca4877966603b32ca152043dff524bb044ae996d864b6964158,1416
bounding_box_dataset/tomato/train/healthy/95019.jpg,healthy,tomato,e5978622a64cd428f365524e742c19ae907611f893b3063aef8d93d1672fcbd0,1416
bounding_box_dataset/tomato/train/healthy/95023.jpg,healthy,tomato,783f47b23df365eca1be8fe9d24c675d313db37e9e777f9e44003c1c5afc40cb,1419
clean_dataset/tomato_dataset/train/healthy/95023.jpg,healthy,tomato_dataset,43e109da54ac50289e2b7e7b4a306e0db48942da3d1f0c3b9dcf13e93a17d12a,1419
clean_dataset/tomato_dataset/train/healthy/95026.jpg,healthy,tomato_dataset,9bc38ecc1c90d314f184931372028ef0f95f56de92e26213e2fa920f15c3e46e,1421
bounding_box_dataset/tomato/train/healthy/95026.jpg,healthy,tomato,466fcaa6046535765dd78e784fc1da30feabc7aaa889c91e4f9a5324c76775ff,1421
bounding_box_dataset/tomato/train/healthy/95031.jpg,healthy,tomato,112041e53bf2d46997f97cf78023c3af598eea68835f4332e90c79ddf083c158,1424
clean_dataset/tomato_dataset/train/healthy/95031.jpg,healthy,tomato_dataset,f97022d2dbace301a11286346ba507f379bbb752b06c2a1bd12175ca0eb10e27,1424
clean_dataset/tomato_dataset/train/healthy/95032.jpg,healthy,tomato_dataset,1f2ee9339680fe611efd6b053ccae396a519f311da7d13e343b92e5508a2ac1c,1425
bounding_box_dataset/tomato/train/healthy/95032.jpg,healthy,tomato,2f0f8cea3176b600c8c0e65804f482204d33c05c205a5e160d984b092d6e5512,1425
bounding_box_dataset/tomato/train/healthy/95033.jpg,healthy,tomato,21f0e0395f550259b39a57ece5c1478ed23efa25f225dd90fc010ee167304492,1426
clean_dataset/tomato_dataset/train/healthy/95033.jpg,healthy,tomato_dataset,38d0a7a4e34af39fb13636cf1b3f276e17c8317d10c8ccdba33aecc1c7576982,1426
clean_dataset/tomato_dataset/train/healthy/95043.jpg,healthy,tomato_dataset,760e8136a051d6973d38fcbe7dad65e162a2b31d8e998dac8f2c4a289953c56c,1433
bounding_box_dataset/tomato/train/healthy/95043.jpg,healthy,tomato,f52ffbed4840feb9925ddf32deadc2c483057e262aa2eee64dd7e5c66dfb830d,1433
bounding_box_dataset/tomato/train/healthy/95055.jpg,healthy,tomato,29ae7f54243a904a827ac2a025153e848ed8334465fba36f6e50fe16a90e1c51,1441
clean_dataset/tomato_dataset/train/healthy/95055.jpg,healthy,tomato_dataset,e7548a85ef8156f67067f337e081275e94342a015751544641cf3c00ed7398c1,1441
clean_dataset/tomato_dataset/train/healthy/95144.jpg,healthy,tomato_dataset,78378b4e7f10d591fb1dda0c40f11b3e538091d5a02fd14bfda3d1dc7967bbd0,1449
clean_dataset/tomato_dataset/train/healthy/95066.jpg,healthy,tomato_dataset,f0981219c9733d459a7c07fce4a6a93ae2a38f8a3b576ef2a14b44c6228f579d,1449
bounding_box_dataset/tomato/train/healthy/95075.jpg,healthy,tomato,24095ab92f3cd730fdc4f4a9ed67ab0456eaf23f54cdcfd7a53c2b422a015296,1453
clean_dataset/tomato_dataset/train/healthy/95075.jpg,healthy,tomato_dataset,d0b374bae08c89d59ec2a909c6b4027193260af0af7ed0324147c340ec99586f,1453
clean_dataset/tomato_dataset/train/healthy/95081.jpg,healthy,tomato_dataset,88922d8d2c339ba48bfc1645b24b0b66bc4fe872e43421f71e9439b3c6fbf60e,1458
bounding_box_dataset/tomato/train/healthy/95081.jpg,healthy,tomato,7bb2a2f0b5171c3121d006b6c96791739981cd2e9517e2988670f1b0587424a6,1458
bounding_box_dataset/tomato/train/healthy/95084.jpg,healthy,tomato,f37e656ce2d3de73af48549b3efc30eea88886f066b5beec9dc1161086776fc2,1460
clean_dataset/tomato_dataset/train/healthy/95084.jpg,healthy,tomato_dataset,25d697f48f516c577af195e35b2730038f486595fafe5b1a11ccaa9a003ffa72,1460
clean_dataset/tomato_dataset/train/healthy/95085.jpg,healthy,tomato_dataset,612f9e7465094a343d34bb71d4dad36866b5c8a563ab462000835149a1e74293,1461
bounding_box_dataset/tomato/train/healthy/95085.jpg,healthy,tomato,b06d45fa2c932cc0aa1a7de1a48f18c1c7f18c56639833b26990d19db1c945dd,1461
bounding_box_dataset/tomato/train/healthy/95090.jpg,healthy,tomato,fb73b1d55e7ff19049527a44fb8edc75d91026f48295576a0c678631926c49d7,1465
clean_dataset/tomato_dataset/train/healthy/95090.jpg,healthy,tomato_dataset,7719042cae7cceb6bd74fedca60c8b069370b3dc4fbdf2e7aa36d85924fa0674,1465
clean_dataset/tomato_dataset/train/healthy/95092.jpg,healthy,tomato_dataset,5ebd544523105e57e402d94e39482281f3bd738ce2924585d45284bdefbbbfeb,1467
bounding_box_dataset/tomato/train/healthy/95092.jpg,healthy,tomato,d6fe2ac1d7f7cd6f6b34e6130e7bc04acc546d37f6f8c74b76232eea97539bc5,1467
bounding_box_dataset/tomato/train/healthy/95107.jpg,healthy,tomato,e63d244349e88d04d7de816d96aecf48f77262b1b996e75126ae3d4645ed3582,1474
clean_dataset/tomato_dataset/train/healthy/95107.jpg,healthy,tomato_dataset,e4128ff0448ef867f784285394ea77c6787ba3b4509fe60f07c98e49841fe6c5,1474
clean_dataset/tomato_dataset/train/healthy/95109.jpg,healthy,tomato_dataset,c2deb94c6a9c7138c933da86b1ab34661ac2bbceb2e074d87c54a5fea77bc4e8,1476
bounding_box_dataset/tomato/train/healthy/95109.jpg,healthy,tomato,394a2ea9f9ad4eedc72d3d4c68afb4578305bec139789a855815c6c8b6ebb4ef,1476
bounding_box_dataset/tomato/train/healthy/95116.jpg,healthy,tomato,6180a4468ca9fa017dbeda454a33d10ddfbc372d954b4637ae2841ec50579254,1482
clean_dataset/tomato_dataset/train/healthy/95116.jpg,healthy,tomato_dataset,4a5d6627d16609a00f08b40cd5d96e7eb319dbb59f7bc6d82ab125b43357cf09,1482
bounding_box_dataset/tomato/train/healthy/95120.jpg,healthy,tomato,cd2aa5872835d31891005d5fb844f59245e0a032ec25d2b628ef431a2e64d7d8,1486
clean_dataset/tomato_dataset/train/healthy/95120.jpg,healthy,tomato_dataset,ed85b9ca8dc0cdf722cba2c5f554503a9d7b76a618b9c1cc58aecbd975fbc250,1486
clean_dataset/tomato_dataset/train/healthy/95126.jpg,healthy,tomato_dataset,130a124ba0d6a39d9df5fa5e17d374901ec43caeca8d69cfa4d6527e23623232,1491
bounding_box_dataset/tomato/train/healthy/95126.jpg,healthy,tomato,1cb12da32fea9cb987116f83c66cb7e319aa2e7c5351c0c71c146d045bd3ee48,1491
bounding_box_dataset/tomato/train/healthy/95128.jpg,healthy,tomato,64c1f24076e0c7b1fc067e79f5450b43620bcd19d5b4425098fec0600940c266,1493
clean_dataset/tomato_dataset/train/healthy/95128.jpg,healthy,tomato_dataset,0d877eefc9c2c6485ec7b0b08eeeb788c97d512f92aaf17f0ed19114d4a51622,1493
clean_dataset/tomato_dataset/train/healthy/95130.jpg,healthy,tomato_dataset,4ae1bebd66d295ef80cf25bafef10c39dc21297e92ac3fbca5ba1e30dc2f8407,1495
bounding_box_dataset/tomato/train/healthy/95130.jpg,healthy,tomato,a0818b9d199f8ef9462861198f66ea221d18aa9c57f68d388437dfe56b39981c,1495
clean_dataset/tomato_dataset/train/healthy/95138.jpg,healthy,tomato_dataset,cc777de32fe51c6c32d511099ceb71884cf6efc3f09fb4415db1746284c12f9a,1500
bounding_box_dataset/tomato/train/healthy/95138.jpg,healthy,tomato,94f4cc903ec63f97e19427a78b959c54371f4741ee8c87f301ab1a7d0813fac3,1500
bounding_box_dataset/tomato/train/healthy/95150.jpg,healthy,tomato,a1a8c5bd53027193d459a08f1e21e07805ec0d414489b7841527491d7aacc6e9,1505
clean_dataset/tomato_dataset/train/healthy/95150.jpg,healthy,tomato_dataset,ef5f0315cc9c482398f7b5b3c75feca495bf67a486b191383d4207400de79bf0,1505
bounding_box_dataset/tomato/train/healthy/95153.jpg,healthy,tomato,7861cd1d56334f3811a40076c2a1f0f2bf169aeb1aa9b755dc07a7162d12f90c,1508
clean_dataset/tomato_dataset/train/healthy/95153.jpg,healthy,tomato_dataset,bd17e7ec81131b7bf5cdf5f6f82632a4cf021ec742340fe196d715690ed083c0,1508
clean_dataset/tomato_dataset/train/healthy/95159.jpg,healthy,tomato_dataset,67e0cd77538af2ac0bee382e1312c15e13cf52a4ed3e6cc85bee346b42856586,1513
bounding_box_dataset/tomato/train/healthy/95159.jpg,healthy,tomato,b966e1a1fe0f1ab4678de7edc1bb17dfb3a2cf4c0fc85a6cec89bef0da789e39,1513
clean_dataset/tomato_dataset/train/healthy/95166.jpg,healthy,tomato_dataset,69c43170f72596da5d7ace67bea3c7ff04dc6b4cdbed723c19c566e2c07c12bc,1518
bounding_box_dataset/tomato/train/healthy/95166.jpg,healthy,tomato,20a1914baad27f026520028bd5339e557cd635e82e97fa206d0d8852ff3978dc,1518
bounding_box_dataset/tomato/train/healthy/95170.jpg,healthy,tomato,f60b7a1559d9d6f6c496304013b672836ae4be1d25ce04b855382c9c81fd98bb,1521
clean_dataset/tomato_dataset/train/healthy/95170.jpg,healthy,tomato_dataset,2afcc20e4666fdae367532260de62c39ce758aac7f9635852b535cd6bf9dcaee,1521
bounding_box_dataset/tomato/train/healthy/95174.jpg,healthy,tomato,9d159a53f71e9e657d1bed0de466b411b600ebcded6fe17e3259ebcdda22d985,1523
clean_dataset/tomato_dataset/train/healthy/95174.jpg,healthy,tomato_dataset,009bece35c697097c4f9ebdcd685c907c7abd1f108d24f763fc7f20bf8fb9eb4,1523
bounding_box_dataset/tomato/train/healthy/95189.jpg,healthy,tomato,c141f1469ed523e3b5cb7cf719914ca827a619fd90c5fda04953ef4c5cb0f2a9,1534
clean_dataset/tomato_dataset/train/healthy/95189.jpg,healthy,tomato_dataset,7237995f51069fc0e7fea7568246c9b820a63ad99398d223177b8a6b51a20576,1534
clean_dataset/tomato_dataset/train/healthy/95191.jpg,healthy,tomato_dataset,be74959872b32cb2128bbfb1cfd55caa82549a8c35879a371ad62ab64736b5c2,1536
bounding_box_dataset/tomato/train/healthy/95191.jpg,healthy,tomato,8a6d5d2ea7dd3d76b61cd33fab9c70150e5d1d5a9420a2024cdef63153ea2fe3,1536
clean_dataset/tomato_dataset/train/healthy/95196.jpg,healthy,tomato_dataset,c713bff3573afbd87ebcb2f960615e1033037e3ee61da57d76e4fecfb34e42b9,1540
bounding_box_dataset/tomato/train/healthy/95196.jpg,healthy,tomato,322e32ab195427e06fb8b42dc9f62fbb664082ef9f114e9a6d162abe5351d9ca,1540
bounding_box_dataset/tomato/train/healthy/95204.jpg,healthy,tomato,b960a2c7eae9d02fd1b91d30adbb3ce0615cc92a422f12735cc072be3951974a,1547
clean_dataset/tomato_dataset/train/healthy/95204.jpg,healthy,tomato_dataset,fd1586d999c76be15716ab3e715f1247f50735a63250610ba3fd7600f8c7715a,1547
bounding_box_dataset/tomato/train/healthy/95206.jpg,healthy,tomato,4e13b4b70c02976288434245cd25dc1ecf20af516f93c89418d8cd10db7578ef,1548
clean_dataset/tomato_dataset/train/healthy/95206.jpg,healthy,tomato_dataset,6d428ba3b25abeae8cb7d30580f72b5cef0666d2047b69f32f6873a14f958e80,1548
clean_dataset/tomato_dataset/train/healthy/95213.jpg,healthy,tomato_dataset,6816b2741c09e7d11d72012347851cbdd749a0d9d4e065ac16a164a4dcba67fe,1553
bounding_box_dataset/tomato/train/healthy/95213.jpg,healthy,tomato,5087760d9064accd524c45b06aa3a63a6d4885c339aab3a563fce1632de98cad,1553
bounding_box_dataset/tomato/train/healthy/95214.jpg,healthy,tomato,577717f6bfc3a31cd12e2561dbc938f7a37724de21c34c7d2759f59b85c79aa7,1554
clean_dataset/tomato_dataset/train/healthy/95214.jpg,healthy,tomato_dataset,2a979979c41b0df0444851912b9f0adb2dd352f9c61ed54acb00fcaa75e6e7db,1554
clean_dataset/tomato_dataset/train/healthy/95215.jpg,healthy,tomato_dataset,6a4aecd206f14a6653aada9d1ccf9b902e8b2646a54b0ae196690a735ba76a6d,1555
bounding_box_dataset/tomato/train/healthy/95215.jpg,healthy,tomato,20b65a42017f52f631146d2f5d1eb959472c3d869c10ca9f5c3157714db90923,1555
bounding_box_dataset/tomato/train/healthy/95223.jpg,healthy,tomato,cf3765fdaf4fc0eca77ebdd924aa6ff7bba039f434c2f3bf47e00d46b608f38a,1562
clean_dataset/tomato_dataset/train/healthy/95223.jpg,healthy,tomato_dataset,a3089e9d58f1b73a46fa59987811db3c0c0e8f1494569446f306a3c1ee7b9ac8,1562
clean_dataset/tomato_dataset/train/healthy/95224.jpg,healthy,tomato_dataset,b165fb4c34c0b6f1c41c31cf48157947dd68c8501676bd3360aac5b8b256ab68,1563
bounding_box_dataset/tomato/train/healthy/95224.jpg,healthy,tomato,105f4e2e62473c0b80eee3be75b686e4024b0f5aacde13f6a8d7bb1c878cd4da,1563
bounding_box_dataset/tomato/train/healthy/95225.jpg,healthy,tomato,83f0cb9f059ac46a3ab8225daa1dd31260fb2fb62dc699afc67fac010b8c30cc,1564
clean_dataset/tomato_dataset/train/healthy/95225.jpg,healthy,tomato_dataset,ff6c1a096a439ed6ce2ea45edec6281c5e1a61e816bcdbe566476c8813f29955,1564
clean_dataset/tomato_dataset/train/healthy/95229.jpg,healthy,tomato_dataset,0678b89ec834ff38c3aa8f91e1b8e3084644bf99dd7fcf306ddbccb3f802f13a,1567
bounding_box_dataset/tomato/train/healthy/95229.jpg,healthy,tomato,c0f40e3be6e843be9e6e71e0057121a2f65a035c08293b828f543851bde66ebb,1567
clean_dataset/tomato_dataset/train/healthy/95236.jpg,healthy,tomato_dataset,78adfeed8bf08593ae5a54b210c5fcbbd6a6ff4227eb148274fe1e5db0ff9252,1571
bounding_box_dataset/tomato/train/healthy/95236.jpg,healthy,tomato,70da97950426d19e9b52487cf9e07c4fa00f20e189003f6cfbc3fb44001d2b3d,1571
clean_dataset/tomato_dataset/train/healthy/95240.jpg,healthy,tomato_dataset,12e922871621c899a5d3743861708537a55db4a9d8ee6c6a6fe298d5fa865725,1575
bounding_box_dataset/tomato/train/healthy/95240.jpg,healthy,tomato,4de111d0b6520f1798418e32e2342ec62fad5181fe84714dbb1a171bd2b770f3,1575
bounding_box_dataset/tomato/train/healthy/95256.jpg,healthy,tomato,ea67348cc9d3b8da1a8cb550ce09e2e59ff3019b6be8164c35026ea138b52172,1583
clean_dataset/tomato_dataset/train/healthy/95256.jpg,healthy,tomato_dataset,77db3b83b8eee1263975a13dcef3c7ca4e484c519d94c25944efc8487562ae8f,1583
clean_dataset/tomato_dataset/train/healthy/95261.jpg,healthy,tomato_dataset,9adddf723c7af6888dc7250a24fea342009d9230d46a05ca298afa89e9382995,1585
bounding_box_dataset/tomato/train/healthy/95261.jpg,healthy,tomato,15f26b652749c2df5492ad7c1b466574582ba0e23d1325658f197b4e8a8b7b5c,1585
bounding_box_dataset/tomato/train/healthy/95288.jpg,healthy,tomato,9ccba173ce53525b6a4dcbc0919ef76b86b9c0671b4fd3481a28b473eb7d63b2,1605
clean_dataset/tomato_dataset/train/healthy/95288.jpg,healthy,tomato_dataset,ab581bafe8c87051b4e1e59a1ef049e937ffc0d4e1a6ddfd7e5d2fba8cabacab,1605
clean_dataset/tomato_dataset/train/healthy/95290.jpg,healthy,tomato_dataset,ac5da89cecd1ff784aded53418c6833f0227af80f624881851471f93622082c9,1607
bounding_box_dataset/tomato/train/healthy/95290.jpg,healthy,tomato,8eca0db9aebca2d65c20452c96aa71dc44af6a0406dcb069c44f22a4d210a010,1607
bounding_box_dataset/tomato/train/healthy/95300.jpg,healthy,tomato,21e4107a581c5db2740709dc754f43873c0785a0ff10d55fad6d042a10ca12ff,1612
clean_dataset/tomato_dataset/train/healthy/95300.jpg,healthy,tomato_dataset,a97dfa4248c1cfceb120f6dc6d942a511da1f9fdad94514268f1e37f3762ec86,1612
clean_dataset/tomato_dataset/train/healthy/95301.jpg,healthy,tomato_dataset,10defbfcb881cd0ceae7317cb6945f9f199d45a15fe4df2d1d2a5a777b964d80,1613
bounding_box_dataset/tomato/train/healthy/95301.jpg,healthy,tomato,34ebaea6d5bfe57c7b6533ebc52720102f12c7be0e14dbaa2d2b2e9a63bb320d,1613
bounding_box_dataset/tomato/train/healthy/95305.jpg,healthy,tomato,821a9de96f2ed3a1c0a0639607d22e81f0a10cafb5d6403d0614334304886bf2,1616
clean_dataset/tomato_dataset/train/healthy/95305.jpg,healthy,tomato_dataset,c1872dc3d54867b1f5cbacca7fcf42abc9dd1194c6e34e4a9eb4d15347eeb985,1616
clean_dataset/tomato_dataset/train/healthy/95319.jpg,healthy,tomato_dataset,6d5ae01d350c6115553c6df948ca6fe824cc140a28ae5d33c9c2bf0654149c8f,1626
bounding_box_dataset/tomato/train/healthy/95319.jpg,healthy,tomato,b8bd120298e4a8e0843b6b630d2e5f1c65828bd5dae851af24266a31c684af6c,1626
bounding_box_dataset/tomato/train/healthy/95322.jpg,healthy,tomato,16a8ac7b202856a2240b06c3214488db618684aa34832db71c6975b4ae89412b,1628
clean_dataset/tomato_dataset/train/healthy/95322.jpg,healthy,tomato_dataset,630ccfe3b1a56cc1629422b548219dbd3e91ef211eb05c2f2cacbd0051c216fa,1628
clean_dataset/tomato_dataset/train/healthy/95408.jpg,healthy,tomato_dataset,b6633598759cc52b9aa5a988865e8d64ed7de829fde9736ad2f4da6b32336a10,1631
clean_dataset/tomato_dataset/train/healthy/95327.jpg,healthy,tomato_dataset,8a505b9e591bf82e609a1811fe15d425b8b381597fa0e70863f809731df19067,1631
clean_dataset/tomato_dataset/train/healthy/95358.jpg,healthy,tomato_dataset,e9c38bd872f87d5d08dfe271d90ce35932c18caf066a17792de4b80f9beb614a,1651
bounding_box_dataset/tomato/train/healthy/95358.jpg,healthy,tomato,40cf8196b1d666c588c81204b2afcb569c944ef674e8bc645d47771722e8a718,1651
bounding_box_dataset/tomato/train/healthy/95364.jpg,healthy,tomato,48e2cee09b729c8e25c90bf128306095ccf6a8708d72e74a3acc5fa4a74a00d6,1654
clean_dataset/tomato_dataset/train/healthy/95364.jpg,healthy,tomato_dataset,8163f1549044dd3c63755fc06615b76a119c91f1aec7488fa5cb96e7718a650c,1654
clean_dataset/tomato_dataset/train/healthy/95378.jpg,healthy,tomato_dataset,e8555cd1b65d466bcdcd2a618d334d5f61b3b8e9aa916bac01f562cafbc368aa,1665
bounding_box_dataset/tomato/train/healthy/95378.jpg,healthy,tomato,8b56e7c9c35644231f182ecc0a97054fa463bcb23b520bb7198970eb739ebf29,1665
clean_dataset/tomato_dataset/train/healthy/95381.jpg,healthy,tomato_dataset,12d6baec5b89a3da39983eb714319d65f1c5b18047e3f31dfd8db7a508391697,1667
bounding_box_dataset/tomato/train/healthy/95381.jpg,healthy,tomato,2e2a250b52d49e2d8b0e206f09605ed444dd07abba7ac88bfa170da9dea4992f,1667
clean_dataset/tomato_dataset/train/healthy/95389.jpg,healthy,tomato_dataset,ddb600c2e61f6dacb66109d69eebbd08f0aa3edecd9bf3f76696c5ca628ca808,1674
bounding_box_dataset/tomato/train/healthy/95389.jpg,healthy,tomato,ffe764612bdbf0c330a095ca1455f7aca47b236048cdca2dd26c34f7c760591e,1674
bounding_box_dataset/tomato/train/healthy/95390.jpg,healthy,tomato,89a586cc7e831e12b8163f71ecc2416d0df92823f887beae16cdf0d27feac3de,1675
clean_dataset/tomato_dataset/train/healthy/95390.jpg,healthy,tomato_dataset,51782c67d2097d4d821ff4d0f7636d025a799efb20503b52779d8e0d5c2d58cd,1675
clean_dataset/tomato_dataset/train/healthy/95404.jpg,healthy,tomato_dataset,5f074958648d4316049f9b3466ac04609442e087a1869b731c3fa1347eacce35,1684
clean_dataset/tomato_dataset/train/healthy/96528.jpg,healthy,tomato_dataset,57034f1a21e94658f3f50cee0b3f2db0f0b30dcd7db0f7bd5cc9674f76abbe77,1684
clean_dataset/tomato_dataset/train/healthy/95406.jpg,healthy,tomato_dataset,2f33770bd8e98feb597cd1a691912d7692bc26e4547d5ab250e01ff7e17c3233,1686
bounding_box_dataset/tomato/train/healthy/95406.jpg,healthy,tomato,e1ef0a2aa5e0637c5761a232065bc84e15e2e54d349b01ea2ddd5d069f1c991b,1686
bounding_box_dataset/tomato/train/healthy/95414.jpg,healthy,tomato,20c96e8694521c7f04b65986eeb35a4a784a6886fa17854dcdea208517fb3068,1692
clean_dataset/tomato_dataset/train/healthy/95414.jpg,healthy,tomato_dataset,d49c7d3577fd1ebf507d4e63f9eb9c34e0d511805b3d9737bbe6f99763eba50b,1692
bounding_box_dataset/tomato/train/healthy/95416.jpg,healthy,tomato,7c93772b2a523855de76737b122f0bdc17f3565bd879a6f50819ba242ead398f,1694
clean_dataset/tomato_dataset/train/healthy/95416.jpg,healthy,tomato_dataset,5cb1a72cb5466411ef2b0fc10b2c60250bea2df21468be4b539aa11dfce4f804,1694
bounding_box_dataset/tomato/train/healthy/95419.jpg,healthy,tomato,7440ed5341e0299cc8c21f8b9cdc4558649fecabfcaad2845138d5e702fac75a,1696
clean_dataset/tomato_dataset/train/healthy/95419.jpg,healthy,tomato_dataset,057e3cbfdaeed0dad8abfcf7cd0df9f50fbdc9e3335847408e21d1c9b46b4073,1696
clean_dataset/tomato_dataset/train/healthy/95422.jpg,healthy,tomato_dataset,b8ee6467580114cae7132873d11498b7e228501292b4c587555ef3dc3057425d,1698
bounding_box_dataset/tomato/train/healthy/95422.jpg,healthy,tomato,032ff98ef805221d1a44738c8210242636432233ccf4b5f9dee2cab8aa2fe7df,1698
clean_dataset/tomato_dataset/train/healthy/95434.jpg,healthy,tomato_dataset,d1ddcfe75460f85563e26a43d5f546308149a1cb4a6d5b1bc69dfce7a250a518,1704
bounding_box_dataset/tomato/train/healthy/95434.jpg,healthy,tomato,74ce8e9d0295cbc671666e4527a9b5827972aa0d1a09f9cd71840b0a143dffbf,1704
bounding_box_dataset/tomato/train/healthy/95440.jpg,healthy,tomato,a5327bf2a5707a7f2dda8384753360ac0aa2c133af5c5501c8622a51ab210329,1708
clean_dataset/tomato_dataset/train/healthy/95440.jpg,healthy,tomato_dataset,dcd46aa147fa3e13fa279bfff623314fc9191b5d1c36e23eb4c0013e3c357e87,1708
bounding_box_dataset/tomato/train/healthy/95446.jpg,healthy,tomato,ae07158c17dde7736cb8c6a31d5589cc0eec20b50e01137ef52e28b6c6c963ec,1713
clean_dataset/tomato_dataset/train/healthy/95446.jpg,healthy,tomato_dataset,79883f6215530da8c3a7dfeb5de636e2cd7fb19d66656f0d243b3c63afc09bb0,1713
clean_dataset/tomato_dataset/train/healthy/95456.jpg,healthy,tomato_dataset,e108cfe2f130435efd0c8fbfaeec43584c6ffa5fe101cb588f126242020851ef,1718
bounding_box_dataset/tomato/train/healthy/95456.jpg,healthy,tomato,31d0fe514957f7cf8f07a148ef602a34fcdbb1ee4fbbfc5badfd059b7db786c6,1718
bounding_box_dataset/tomato/train/healthy/95462.jpg,healthy,tomato,8279e24069b0f66d6bf96d7bfb11c96cb9f569e6c5d1d8ca0f36d26da1952d26,1721
clean_dataset/tomato_dataset/train/healthy/95462.jpg,healthy,tomato_dataset,0c9c6558829f6ae23005b56bd440e1277df9cbbda367eaf661dba2be07aed824,1721
bounding_box_dataset/tomato/train/healthy/95463.jpg,healthy,tomato,19a33b7d2fe1feba41c5016c3c2ff6f7e67cf3a1ad6a5d90c452416d1e277b10,1722
clean_dataset/tomato_dataset/train/healthy/95463.jpg,healthy,tomato_dataset,205ac38f6f5f8063ab557dffe71ed763e4355caa0de96c8ce5e78c04f35ffcab,1722
clean_dataset/tomato_dataset/train/healthy/95468.jpg,healthy,tomato_dataset,9c9039b5148b730ab880c2ed326ce219cc50fad95bb0b1bec36dfcc4ebd74a00,1724
clean_dataset/tomato_dataset/train/healthy/95561.jpg,healthy,tomato_dataset,70dd130179dd7c4177cb817fed7ff119c64432983f23d5a296aef21808ace0df,1724
bounding_box_dataset/tomato/train/healthy/95473.jpg,healthy,tomato,6e327d6ce2459299df8202b6b57b24efdf281c545c24b31212acd554e5d8e64e,1727
clean_dataset/tomato_dataset/train/healthy/95473.jpg,healthy,tomato_dataset,4e4c0c2d362b4872817f02cce4765b77ea0e4df0dfb3a26161be292666b553b3,1727
bounding_box_dataset/tomato/train/healthy/95476.jpg,healthy,tomato,96afeb4d2ff138e51ad599857467465b367612e942aa95f8e6aae8b587b0c35b,1729
clean_dataset/tomato_dataset/train/healthy/95476.jpg,healthy,tomato_dataset,5551a0bc64db54f8befd9af18e5247a9c8f4e8549b64bfd4bb2dcc2fc85139d6,1729
clean_dataset/tomato_dataset/train/healthy/95477.jpg,healthy,tomato_dataset,38633437f722068d72a47fa869bd325315949bdb2dbdb3bb00d4e79f1b264ae7,1730
bounding_box_dataset/tomato/train/healthy/95477.jpg,healthy,tomato,9a3a3747de435420cd990e175447e105980763513109ad49d1dae3bb4b942347,1730
bounding_box_dataset/tomato/train/healthy/95483.jpg,healthy,tomato,99f63aa3e41e590e0456ceb85c92df2f2ef094212bf360e44931214b7d422c8c,1735
clean_dataset/tomato_dataset/train/healthy/95483.jpg,healthy,tomato_dataset,1fb66a32515edb14e8064a3804109e270641fc498f1ff002ef4c61a73f33bb3c,1735
bounding_box_dataset/tomato/train/healthy/95488.jpg,healthy,tomato,97ee66b3747f78f577424979835aada2de9c8fd67be5966f38fdf1de2beaea2e,1738
clean_dataset/tomato_dataset/train/healthy/95488.jpg,healthy,tomato_dataset,22214d693569c01089de2beba01059475e94ff67f4e786074b13216e3c5818ba,1738
clean_dataset/tomato_dataset/train/healthy/95493.jpg,healthy,tomato_dataset,143d333ec2996c4525f3efc2a56655d14fb8e8b54e0c0a74531d858545e86689,1740
bounding_box_dataset/tomato/train/healthy/95493.jpg,healthy,tomato,21f17a60a1664dd426566ca9a9b4bb5fae52b73b0b88d8463fca0c507bf7feae,1740
clean_dataset/tomato_dataset/train/healthy/95496.jpg,healthy,tomato_dataset,1facc4148451848c8ac7d3db14a02172e4ef13d39b7d50d2b68c299078cad957,1742
bounding_box_dataset/tomato/train/healthy/95496.jpg,healthy,tomato,c83fde19d4baa618a56556170e7493fc4ab518a9ebb9a6867755cf3ed6543ae0,1742
bounding_box_dataset/tomato/train/healthy/95506.jpg,healthy,tomato,0e37cfda822a1b3d671a6edbf13dcf1616ca45c88ff8298eedb29ba806178db3,1748
clean_dataset/tomato_dataset/train/healthy/95506.jpg,healthy,tomato_dataset,b24912faff53c019b21627fab8575f146fff3d4e1d3bc3e31a82142e6c342d86,1748
clean_dataset/tomato_dataset/train/healthy/95565.jpg,healthy,tomato_dataset,f1bf02dcd6d8b6f5db48c7c853b4914261b86bfc3a1f02bdee35759b34c28f3d,1756
clean_dataset/tomato_dataset/train/healthy/95515.jpg,healthy,tomato_dataset,84091716e3e4eb2986633a0ca1b34387ef3f395b36b854db80e520450b73e600,1756
bounding_box_dataset/tomato/train/healthy/95530.jpg,healthy,tomato,8b7389ab887a64215f1cf6e073da74135d7e95bdae220ae014f57d50bac6948a,1762
clean_dataset/tomato_dataset/train/healthy/95530.jpg,healthy,tomato_dataset,a3ef3a2ea9ff187fb4e21066a2c2a8ee2b9d4f2681e8b4dd536f4d5d2224b4a5,1762
clean_dataset/tomato_dataset/train/healthy/95531.jpg,healthy,tomato_dataset,631c3b6837e4a6d14b0ece39f8ad1ba9b989b63cfe6c7c4f2225d69d42c87639,1763
bounding_box_dataset/tomato/train/healthy/95531.jpg,healthy,tomato,a72a9432804c3f3d8f35712f81d1e3e3ae05dc59c3d9c071adb575c0014d6764,1763
bounding_box_dataset/tomato/train/healthy/95535.jpg,healthy,tomato,843008476456133d3365c8726c545aedd2119fe135a55931e6e8ccac686c4ad6,1765
clean_dataset/tomato_dataset/train/healthy/95535.jpg,healthy,tomato_dataset,3407de3fe447b3c083e021699bcb498beafbcc3f9d0c3a3e2b3af2dcd06ac13f,1765
bounding_box_dataset/tomato/train/healthy/95540.jpg,healthy,tomato,36dda236bfe7a479c18f820608650a433799e6cd98ed7f4ff891764d89ecd93f,1768
clean_dataset/tomato_dataset/train/healthy/95540.jpg,healthy,tomato_dataset,a5bb521c80b0e173da0b3673db1f0493b66242c987ea6d231048993e29823c73,1768
bounding_box_dataset/tomato/train/healthy/95543.jpg,healthy,tomato,976a7484bb5ce53a8bf7ab8e2981ae60b2e7631df80680851ce678cc6f42b154,1771
clean_dataset/tomato_dataset/train/healthy/95543.jpg,healthy,tomato_dataset,c037c1fbf99bbc0a0ffdd9cc70aedf02f051e0f21c0ec8f22a065a470a010ad5,1771
clean_dataset/tomato_dataset/train/healthy/95544.jpg,healthy,tomato_dataset,791ab5b415ae1ab0c9de3ddf1c607430b4ae97314600c2540262f1aa7c3c9d75,1772
bounding_box_dataset/tomato/train/healthy/95544.jpg,healthy,tomato,fd404f8a16767dc3613a8e0b351a84df30e818a6d77ed66426827e8a63273b54,1772
bounding_box_dataset/tomato/train/healthy/95549.jpg,healthy,tomato,3cefd3b87e9ddf3900e5b76b55ef738cd4931cf900574ec86be1657fd09b7a04,1775
clean_dataset/tomato_dataset/train/healthy/95549.jpg,healthy,tomato_dataset,c98e3eada36cad1208322f0e55d17ea283a05d315817622587ab39c9b467a763,1775
bounding_box_dataset/tomato/train/healthy/95554.jpg,healthy,tomato,f04e86c0edfec7cb3e6dae917c7acdf17d8fdfd10cbc5adb979228f07bdb5604,1778
clean_dataset/tomato_dataset/train/healthy/95554.jpg,healthy,tomato_dataset,a7f0867fcc0231e8e6458cc77d5b356d040169035eb8c6cdaf906ef38dae2828,1778
clean_dataset/tomato_dataset/train/healthy/95556.jpg,healthy,tomato_dataset,805e834e113c1fdc43081b26eef03936a9e687d56a8d190705df3dcb298326a4,1780
bounding_box_dataset/tomato/train/healthy/95556.jpg,healthy,tomato,08c5109b82026cdbd95d604d38a5e87fdf18374edb6f504d470669da5ce86f3c,1780
bounding_box_dataset/tomato/train/healthy/95562.jpg,healthy,tomato,2e5539e54812736ce97410de10a675ec81bd85aec6e7b821d165cb20c309d30a,1781
clean_dataset/tomato_dataset/train/healthy/95562.jpg,healthy,tomato_dataset,baec7677550fc354901230f08622d19a2d90efde4fc30d547d3fa418cac84bae,1781
clean_dataset/tomato_dataset/train/healthy/95577.jpg,healthy,tomato_dataset,84c2bfe3688184c802c52172e9078660fcd6f61941a907d774810c08e7624b0e,1791
bounding_box_dataset/tomato/train/healthy/95577.jpg,healthy,tomato,2739d2286b3783d0b7a7820ba97d41157abe059ee3f5ae7e078a044865ed1a93,1791
clean_dataset/tomato_dataset/train/healthy/95591.jpg,healthy,tomato_dataset,95ab5b95d4ed70c0c3de203a1ef19ada823887387ece0707ea166a140640c1eb,1802
bounding_box_dataset/tomato/train/healthy/95591.jpg,healthy,tomato,5dab4d1141999aa0fd698d3337148e0c029e82486dc5b121385dba87fc8184ad,1802
bounding_box_dataset/tomato/train/healthy/95592.jpg,healthy,tomato,bbb10b39c13a0e90f5aaac030dab58b0f6700505a9f3571fc42c1f940609bc2d,1803
clean_dataset/tomato_dataset/train/healthy/95592.jpg,healthy,tomato_dataset,5838bfa833b4d2e5eb6e93d107b8476d04e7af0ff9db9457120a2119de32fddd,1803
clean_dataset/tomato_dataset/train/healthy/95605.jpg,healthy,tomato_dataset,dd964f2b89d219ed93142dc3b6fb65e744d595b02d2c70f10a83008bde6da7d2,1808
bounding_box_dataset/tomato/train/healthy/95605.jpg,healthy,tomato,3cc0aa2d6070d4f9963b554a5abde9aec5a318da3a61cafb8719ed583bf5d245,1808
bounding_box_dataset/tomato/train/healthy/95610.jpg,healthy,tomato,d2da6f71f5abafc612216b99a8b4d524807d60932323f92a5543b6f6ffd02022,1812
clean_dataset/tomato_dataset/train/healthy/95610.jpg,healthy,tomato_dataset,17eca7f3c153776d668df1dac73fa51c4d0f4b28fd9ecc01979c898d6c5a4881,1812
clean_dataset/tomato_dataset/train/healthy/95613.jpg,healthy,tomato_dataset,e72896042f0299d32b9c70362a7ed1289ad887953afdc3c6cf45dc69164402d3,1814
bounding_box_dataset/tomato/train/healthy/95613.jpg,healthy,tomato,a555558282da24edbc82c5677270f89ee418bc417e88abc8c55de447a0122c50,1814
bounding_box_dataset/tomato/train/healthy/95617.jpg,healthy,tomato,6f7e910730a23e0a394c98df6f4a77d7c0223213c9ed25c3ae7a73874272a9e0,1817
clean_dataset/tomato_dataset/train/healthy/95617.jpg,healthy,tomato_dataset,99dac636c3dbdd3905e2fde4c165672c5ce7a1612a84ff53bf682610ef95780d,1817
clean_dataset/tomato_dataset/train/healthy/95618.jpg,healthy,tomato_dataset,dbe0d05d9c179df4ccb1af628b94cdecd98fcbf4c5589c73310d64f28df197ad,1818
bounding_box_dataset/tomato/train/healthy/95618.jpg,healthy,tomato,89464dcdac3d91e600452649c9f183b74810eb582432de0f33f5e731c5e8fa05,1818
bounding_box_dataset/tomato/train/healthy/95621.jpg,healthy,tomato,1377f7e7fe7caec8ff2586fcbe6aa9e2c99d9b06b9696c9d32a3f09d3747b08c,1820
clean_dataset/tomato_dataset/train/healthy/95621.jpg,healthy,tomato_dataset,587238c064f13d9291758cc9c04478eaaa57d6333960c983d8313c8d4f49dcd9,1820
clean_dataset/tomato_dataset/train/healthy/95625.jpg,healthy,tomato_dataset,d60d74626996c5722d1b7898867b40f0b97c71e24dce7d21d0e924df6dc14dbf,1822
bounding_box_dataset/tomato/train/healthy/95625.jpg,healthy,tomato,30590553ab24b12876e1b3bc8e3986fbd4dee419fa24355f075dc23d277a72f5,1822
bounding_box_dataset/tomato/train/healthy/95627.jpg,healthy,tomato,7b7c469a38b155dae3f5433a7070fe7ae4ae69f79ebec0a056cb1eb198e1f79c,1823
clean_dataset/tomato_dataset/train/healthy/95627.jpg,healthy,tomato_dataset,bb598c1c9e5ebfd621337d57a4f442b5ddcde276a8fe5b9c6fdb1370b5fab724,1823
bounding_box_dataset/tomato/train/healthy/95628.jpg,healthy,tomato,7fe9fea71831bd0f542ad02d58e7db725a5b3a36015cb3b39019e991f5bfdf49,1824
clean_dataset/tomato_dataset/train/healthy/95628.jpg,healthy,tomato_dataset,ce569f2028126661b4323024f143e3554553f6be4781520bae1349a0aa47b116,1824
clean_dataset/tomato_dataset/train/healthy/95636.jpg,healthy,tomato_dataset,546deb5b73eaef428bf22ec10eff7cd094a3f655742228d860a851da9f6618ad,1828
bounding_box_dataset/tomato/train/healthy/95636.jpg,healthy,tomato,2c7cfe4a43e288e10208004e0f62fa646fe5319072c92d0052761bb70c597117,1828
bounding_box_dataset/tomato/train/healthy/95638.jpg,healthy,tomato,46e0b6715de0c5bb5beefe88d0578cef0081732d1159c41b915b27682c63dc5d,1830
clean_dataset/tomato_dataset/train/healthy/95638.jpg,healthy,tomato_dataset,8aaac3731312987ebc10ab53f728e645e3d599bdf4400adcf5f1479143851c77,1830
clean_dataset/tomato_dataset/train/healthy/95643.jpg,healthy,tomato_dataset,bf73739efd5093e8a3716db94ce2037fa5f646543ead12d15f5aa413967e3177,1832
bounding_box_dataset/tomato/train/healthy/95643.jpg,healthy,tomato,6732468f02b6bc7d5d058ea1ab85738a66758b6a9fb8cfd70e606e6e70bf8ac5,1832
bounding_box_dataset/tomato/train/healthy/95644.jpg,healthy,tomato,73dcd4d09893c0a334374bc2b3c072c7b911dc7c80f78fa55628e63fd9dbd574,1833
clean_dataset/tomato_dataset/train/healthy/95644.jpg,healthy,tomato_dataset,d5b660c315d8db1367560ff5ece0bcc89a9a100d4d803fb1ca05d60c332c67f6,1833
clean_dataset/tomato_dataset/train/healthy/95663.jpg,healthy,tomato_dataset,32ad6fd512ba2bab22f015eb37578f413c23eff1239a854c33f6663d4b37db77,1848
bounding_box_dataset/tomato/train/healthy/95663.jpg,healthy,tomato,3f986ee030cb4467953ceee39553d53992cfc6f1c6ffe17e42dd485ed06643d7,1848
bounding_box_dataset/tomato/train/healthy/95667.jpg,healthy,tomato,d894a0126ccccd2d6c95e1ee41ccf0003a8d4f7dbf5c1f39e7a13ba87d65c940,1851
clean_dataset/tomato_dataset/train/healthy/95667.jpg,healthy,tomato_dataset,afced5242097ff53caa342a00bf9951416b75b86b7a981c0aca1115c9e25d7df,1851
clean_dataset/tomato_dataset/train/healthy/95668.jpg,healthy,tomato_dataset,cb5f1ec875fa51623465ace1c74b2c9e8ca82b0355a3fe5ed808f4a7f31be256,1852
bounding_box_dataset/tomato/train/healthy/95668.jpg,healthy,tomato,33f1c6dc0fab6103cd4084c4979dabc8435a0ad55863eb78f86ac9acc3488c86,1852
clean_dataset/tomato_dataset/train/healthy/95676.jpg,healthy,tomato_dataset,25f061cfcdf27e9b2dcbe0418e496b37247fc64350aaea7181a2b29014e517cb,1858
bounding_box_dataset/tomato/train/healthy/95676.jpg,healthy,tomato,bc6b2c8639df9dfc01984ab3a3536468a057b77c0271352b3d59cfa44ea46329,1858
bounding_box_dataset/tomato/train/healthy/95679.jpg,healthy,tomato,b46d6d1e51fc295e63c21a2fb2af4b7f3fd868407f3a64c19bd9a96a56c16b51,1861
clean_dataset/tomato_dataset/train/healthy/95679.jpg,healthy,tomato_dataset,daf208ab57d6e813297e69501e9bc2bf86bff6ad34325061eeca4c4fe5f049ee,1861
clean_dataset/tomato_dataset/train/healthy/95681.jpg,healthy,tomato_dataset,a00290f0211557e9b4c634fa38b7e16993cbc543fb33ee1042043bdc682f4bd1,1862
bounding_box_dataset/tomato/train/healthy/95681.jpg,healthy,tomato,7bde64b6f03b9b2689f121d605261a7395ee04bdfdd72525b0144d1a289103f2,1862
clean_dataset/tomato_dataset/train/healthy/95683.jpg,healthy,tomato_dataset,22f9b4788103c452802b2a00ebbd171d168b65d5fef7f31cf922e1ee3bfa29ad,1864
bounding_box_dataset/tomato/train/healthy/95683.jpg,healthy,tomato,4fe159e4905822760946c901d2e0143cae3669e12e3e19a11e0f072ab2a1af7d,1864
bounding_box_dataset/tomato/train/healthy/95693.jpg,healthy,tomato,41d8b7f953aa2c3c79f01bdb6c3a11f75722dd0457cc7ad774f5ee8ff777474d,1870
clean_dataset/tomato_dataset/train/healthy/95693.jpg,healthy,tomato_dataset,3eee0cf465a35ed21793ffc904c9b71330f747fd8479152100f4371bbc3d162b,1870
bounding_box_dataset/tomato/train/healthy/95694.jpg,healthy,tomato,f5b720fc4e382be9b77c371c7cf250db952845e3a8d68d42e75edc850b6c3c13,1871
clean_dataset/tomato_dataset/train/healthy/95694.jpg,healthy,tomato_dataset,6fc5eebdc529459f442a94b43ac3efb5f8fb90730f1146c8e00c02ccb9d1e578,1871
clean_dataset/tomato_dataset/train/healthy/95699.jpg,healthy,tomato_dataset,b0e33c7ac511b1caa7dfe814d35e76cd6a749a22d5e1a2e499fae5ef0e0ee8e9,1875
bounding_box_dataset/tomato/train/healthy/95699.jpg,healthy,tomato,d4ceffb0a4e290c8720d95f0cc9df0d2d116ad68769aa54f2cd5cef89c702a02,1875
clean_dataset/tomato_dataset/train/healthy/95713.jpg,healthy,tomato_dataset,45f410386fa50a6875195fffc370dcc5232edd2a41e91d00fb3b7c235cf6979b,1887
bounding_box_dataset/tomato/train/healthy/95713.jpg,healthy,tomato,76538474e7d80c5f9ca30cc583db89c367422790fd24cd60f6c07769d6e01504,1887
bounding_box_dataset/tomato/train/healthy/95724.jpg,healthy,tomato,4bdf574a6c72cb322c9e28c26ff8cce147766417a9b7e539c50cade1daeb2183,1895
clean_dataset/tomato_dataset/train/healthy/95724.jpg,healthy,tomato_dataset,dec3491b7948d3ac469c8a2742f00dc583bff3e435be4918ae690cdfa56fd168,1895
clean_dataset/tomato_dataset/train/healthy/95728.jpg,healthy,tomato_dataset,2e40d219ec14b3ab8f8e508674675023ad84b56efc26a83cac3d876d0feae6aa,1899
bounding_box_dataset/tomato/train/healthy/95728.jpg,healthy,tomato,170147f642a4075937ec70377fb6b242da6e1d2bf28202294f2087a0ec53d224,1899
bounding_box_dataset/tomato/train/healthy/95736.jpg,healthy,tomato,8b2b348d5c275943d8e53db7716a7516148591e31378d3e7d4c027f4674ed32b,1906
bounding_box_dataset/tomato/train/healthy/95898.jpg,healthy,tomato,26476e86a4616f6206a893ca7e7778d95c4631d8aba753075871c58b280730ae,1906
clean_dataset/tomato_dataset/train/healthy/95898.jpg,healthy,tomato_dataset,4d07e2e9c590184c3e43ae20816d9deda56d9fcaf54c5881106076e86362cee1,1906
clean_dataset/tomato_dataset/train/healthy/95736.jpg,healthy,tomato_dataset,709f01882a25d7ceb7873c406d23e5280f2b5518ebf684b7e806a3094de734e4,1906
bounding_box_dataset/tomato/train/healthy/95740.jpg,healthy,tomato,85d461b37c01acba110154ead429e0cab3c2cb43c3df532e8968f6c54e91a264,1908
clean_dataset/tomato_dataset/train/healthy/95740.jpg,healthy,tomato_dataset,b38017666594c59b654b03b497c13bfad29ebaaa30b267cf59c4c43e4734db50,1908
clean_dataset/tomato_dataset/train/healthy/95745.jpg,healthy,tomato_dataset,c2af8c20de861d1ecc0a77327cc408fb5f9a3a5e3aacd116f7d6a7c2433c4053,1912
bounding_box_dataset/tomato/train/healthy/95745.jpg,healthy,tomato,913d6d55f0c290e125decc4d440c9a93b6cc8ea943c1c8f53918c75a37fcbe1e,1912
bounding_box_dataset/tomato/train/healthy/95747.jpg,healthy,tomato,298c0e6319df1acdc3b43d5cc3f2bddbb00bceceb8c930cc3e9810a2d9f913dd,1913
clean_dataset/tomato_dataset/train/healthy/95747.jpg,healthy,tomato_dataset,841440d5df87bf5ca71eb6bc0019382fb9dc53337b88af18476bbb747ef7b467,1913
clean_dataset/tomato_dataset/train/healthy/95749.jpg,healthy,tomato_dataset,3a773b412a828a0f4e8269c45ddf80e015ad6c5736d5222eda1a2ea49186600c,1915
bounding_box_dataset/tomato/train/healthy/95749.jpg,healthy,tomato,e1123a1f0c0813f510a75714983316a290b2c4e825781310605dff909fb39f95,1915
clean_dataset/tomato_dataset/train/healthy/95755.jpg,healthy,tomato_dataset,aa69e0ada9381c79379dd402e19aafb1973857267efbed8578fcff70c262cad8,1921
bounding_box_dataset/tomato/train/healthy/95755.jpg,healthy,tomato,feb067303fa7621f3342be4c9de497e67227a78f9f63b46e8d9b855d264661cb,1921
bounding_box_dataset/tomato/train/healthy/95756.jpg,healthy,tomato,0ef5327b973b9011ee732b96d80bc223bd38187c29940d654b03771b96986f6d,1922
clean_dataset/tomato_dataset/train/healthy/95756.jpg,healthy,tomato_dataset,ea5a86cd373c034fbed203463d466ede877fd5a50ed56c9e83dda629ead45e77,1922
clean_dataset/tomato_dataset/train/healthy/95764.jpg,healthy,tomato_dataset,2441afbf254c3065ff7c3a60c98e0f54ec3defb3f181d746e21aebdfe0cc60e8,1929
bounding_box_dataset/tomato/train/healthy/95764.jpg,healthy,tomato,46724025c831d67f6626a57d4ed9823f8d0129ebc8dac743e6ba427c045854e7,1929
bounding_box_dataset/tomato/train/healthy/95770.jpg,healthy,tomato,8d414672d9f5dfbfd3b795b093c462d0ad5bfd88ea5b01a7d3e160ca068c41ee,1934
clean_dataset/tomato_dataset/train/healthy/95770.jpg,healthy,tomato_dataset,314ed6acb0463612059fceb510a0797d31f7111ee43db44c582c60f883582001,1934
clean_dataset/tomato_dataset/train/healthy/95774.jpg,healthy,tomato_dataset,ffeff546a9e141bb2df64078d1698a2fa8347413d69da9f2e36e7a996dde6591,1936
bounding_box_dataset/tomato/train/healthy/95774.jpg,healthy,tomato,587b708d4ee6e4254107dc9c3a48dd66e57a77d2090df9d6a4b443c951f0354b,1936
bounding_box_dataset/tomato/train/healthy/95778.jpg,healthy,tomato,b8a8b530b47b99afac0d7382c2f1e14665b8896ed63899c08ba23510f8f31ebf,1939
clean_dataset/tomato_dataset/train/healthy/95778.jpg,healthy,tomato_dataset,05a7bbce97aef572810702e8a13b3fc89aef89ee7fe7f75b7b5cb5c43d688e2e,1939
clean_dataset/tomato_dataset/train/healthy/95781.jpg,healthy,tomato_dataset,16c9af850c60a9e208fbcfbb25fcee36e50d398a7854582d6f237b5c8a74b5d1,1941
bounding_box_dataset/tomato/train/healthy/95781.jpg,healthy,tomato,f07348c46978d1911df55eafa2886eeaaff822472fcbd81cd1d890c28ef979cd,1941
bounding_box_dataset/tomato/train/healthy/95787.jpg,healthy,tomato,b1a24151fc52fa2df09f8308c3d5ff9a6bb9760466033c54b338ad099add803c,1946
clean_dataset/tomato_dataset/train/healthy/95787.jpg,healthy,tomato_dataset,15047bfc929fe87fe661a6d92467abbec979823951c8bf03ab5b84cf60f607e6,1946
clean_dataset/tomato_dataset/train/healthy/95789.jpg,healthy,tomato_dataset,386d43ed0fd46b1472c0afe3e662b373e96fb1fb511e3180eaa5a1a9853fab8c,1947
bounding_box_dataset/tomato/train/healthy/95789.jpg,healthy,tomato,6efce28a14d4de49adac96d3280917a6bdb455b87e6b57c81bd75c57585a51ad,1947
bounding_box_dataset/tomato/train/healthy/95790.jpg,healthy,tomato,6ca80e012f50690fa7ffc41bd6addf2ffdd3d5965f91615dcab232048ece017d,1948
clean_dataset/tomato_dataset/train/healthy/95790.jpg,healthy,tomato_dataset,f17cfe237c49d5eb377f4a989c86b9cd60e302acda301f6bb3ef2c51efc32fdb,1948
clean_dataset/tomato_dataset/train/healthy/95805.jpg,healthy,tomato_dataset,e6726f996165442e9a1e23dfea905b6b9970bda62b5901f56c8e6be1f06ae504,1957
bounding_box_dataset/tomato/train/healthy/95805.jpg,healthy,tomato,caffb1c05ba563af1e2bfe054f818ec353329859ee4bc2285467df8d7a5e6215,1957
bounding_box_dataset/tomato/train/healthy/95806.jpg,healthy,tomato,c71c931b32cd0a20a3dc857f4c879d2aef361cc185144f99aad318790ce9711a,1958
clean_dataset/tomato_dataset/train/healthy/95806.jpg,healthy,tomato_dataset,53f369000a89c1b55fb866685f750e78491a0db19fc9330a6d30b7b471a22556,1958
clean_dataset/tomato_dataset/train/healthy/95812.jpg,healthy,tomato_dataset,d723d40892de398bdea309d904f265f9d270bd0bc18c341284ab429a65d081e1,1960
bounding_box_dataset/tomato/train/healthy/95812.jpg,healthy,tomato,94f2379198c9c2e8edd4c0a24947bdf714d6ba45f70b84237ff3a9fe61b9203c,1960
bounding_box_dataset/tomato/train/healthy/95820.jpg,healthy,tomato,3834fd9feb8cbb2613667bcaeb89883ec6d9f3e8cd2a852dabb8da07298b2e49,1965
clean_dataset/tomato_dataset/train/healthy/95820.jpg,healthy,tomato_dataset,ae88cabb47d303cf801625f9b948ee758ed79bcd8a3810bbc095afadc2a57a43,1965
clean_dataset/tomato_dataset/train/healthy/95825.jpg,healthy,tomato_dataset,b7ed580cd5a6aad582dc9213ebe7afe234b088272290f7161cf2f069b31e2939,1970
bounding_box_dataset/tomato/train/healthy/95825.jpg,healthy,tomato,8b5665ab7ac880877ab756ad85c786e16d32c67bc99e4122b7fba7f25088056d,1970
bounding_box_dataset/tomato/train/healthy/95842.jpg,healthy,tomato,ad04ab3173ea1c5240a2bf14a9a79807f01ce4bf898f13ef25adf93fc96505fc,1981
clean_dataset/tomato_dataset/train/healthy/95842.jpg,healthy,tomato_dataset,d8c007119bdce0c3d54321d88e210f06146ab32e695d8827f5e0fecb39920724,1981
clean_dataset/tomato_dataset/train/healthy/95847.jpg,healthy,tomato_dataset,79724f78c3e10745741c019fed5aa4228caf0dbf61a933b7ec19b20313084b9d,1984
bounding_box_dataset/tomato/train/healthy/95847.jpg,healthy,tomato,a8ad9b0738e631d2bcff5b459c1e60d9a68b5a288d040a6e154ad6a47bf6a10c,1984
bounding_box_dataset/tomato/train/healthy/95849.jpg,healthy,tomato,0ed4be098bf9be0d82092b0886621669594fc34481a757fce34c5a41a8880cc9,1986
clean_dataset/tomato_dataset/train/healthy/95849.jpg,healthy,tomato_dataset,dec4c84fcfbf188d2e76d58b56164e2701a83add103bcab805fe3f2b71d637db,1986
clean_dataset/tomato_dataset/train/healthy/95851.jpg,healthy,tomato_dataset,8cd5df23fa0ab531f3d8e5c678b211a750b86ad007dcd3290f6fe21e829837ae,1987
bounding_box_dataset/tomato/train/healthy/95851.jpg,healthy,tomato,0d69087a484d8705a3d9ea8c348deeae2652b37c83cb36b06f01a8558d1ddac1,1987
bounding_box_dataset/tomato/train/healthy/95858.jpg,healthy,tomato,29609845d093dd9395698565dfab87cb2cee8bdba1a36f60043e60230cd80057,1993
clean_dataset/tomato_dataset/train/healthy/95858.jpg,healthy,tomato_dataset,5a557fac0ab047c3bf84738e8823835b6ddde7345e540ad6e411e9d26cf59009,1993
clean_dataset/tomato_dataset/train/healthy/95862.jpg,healthy,tomato_dataset,e77ce0db30de4e5b9fb44a7f275f2460a6df4c437e278cfd8c4241532574eaa9,1996
bounding_box_dataset/tomato/train/healthy/95862.jpg,healthy,tomato,409a461e6587f16c3066e7265357a656c23eeab031762e6df1afc1409751ed21,1996
bounding_box_dataset/tomato/train/healthy/95872.jpg,healthy,tomato,268b6417ea306ded5acfc0af2d2fdb3b9befa235b255eecf20f5d667b45a2b6d,2001
clean_dataset/tomato_dataset/train/healthy/95872.jpg,healthy,tomato_dataset,46a06c770e5b52a930291002cd95a56ea8fca00480532b99e7a105b9d3dabff8,2001
clean_dataset/tomato_dataset/train/healthy/95874.jpg,healthy,tomato_dataset,53ce647bfb48860a3252110b3cf621e99cd480ad93aa18c29508f282f9e511ed,2002
bounding_box_dataset/tomato/train/healthy/95874.jpg,healthy,tomato,79e47b0aa03af21d3d940a2225e8622f2f68efa55057f64ad0c3651bada4df50,2002
bounding_box_dataset/tomato/train/healthy/95882.jpg,healthy,tomato,c9c9ce28f748aab028f92ea677ce305a258fe15529cae940257b75c8958d78b1,2008
clean_dataset/tomato_dataset/train/healthy/95882.jpg,healthy,tomato_dataset,2fd672fc6824409f4851ea9331a5b9c153cd0b6129fa668fc20419d01c2a640f,2008
clean_dataset/tomato_dataset/train/healthy/95892.jpg,healthy,tomato_dataset,c6cb24cdc4c5fc1238425e86b392b80f810950020f7d5734e3ea9f3500fce6f6,2013
bounding_box_dataset/tomato/train/healthy/95892.jpg,healthy,tomato,58e23004ba66107010380cd268a918c5d0f4b4f47d8e4c5f5838d4888a0c85a0,2013
bounding_box_dataset/tomato/train/healthy/95899.jpg,healthy,tomato,3865c0c11987de46eeffe5ad3af3eacc6029072ef76ff9049b2e49c0f8869f7e,2018
clean_dataset/tomato_dataset/train/healthy/95899.jpg,healthy,tomato_dataset,9b3b4568d68e84cc010e712e8f74fe373e15b3bf3c499071e12de96b03abb29f,2018
bounding_box_dataset/tomato/train/healthy/95902.jpg,healthy,tomato,5ef39dfcbba9d4daf76bcc0aeb998dbe55e552a9ebaa79d9fe237412aeafab6e,2020
clean_dataset/tomato_dataset/train/healthy/95902.jpg,healthy,tomato_dataset,2bc1bff0e24a6fc4713d836648301d1390852559ca22d2da4a7e7fdb272ece4f,2020
clean_dataset/tomato_dataset/train/healthy/95903.jpg,healthy,tomato_dataset,36f64a8b91a760d504ed4b7d8807ff6eb4b961bef91860beba18e7848458662f,2021
bounding_box_dataset/tomato/train/healthy/95903.jpg,healthy,tomato,b2b04bcc55d1af60f3d7b4d1155389c9bdef572b7f673ad3063d5ba9ca6be7ba,2021
bounding_box_dataset/tomato/train/healthy/95906.jpg,healthy,tomato,c6e249e09d93305dc66a996498110872359f06a55ec699931e59e291212533d4,2024
clean_dataset/tomato_dataset/train/healthy/95906.jpg,healthy,tomato_dataset,e767d738b75bb1d8c54f4c1763dbcf30aa2a24677933891a2425b6cdf580447c,2024
clean_dataset/tomato_dataset/train/healthy/95907.jpg,healthy,tomato_dataset,42b4b7d30f693a0aa460a1f30a64b5c1be11061a6b112db474cf4bdf45c4be0e,2025
bounding_box_dataset/tomato/train/healthy/95907.jpg,healthy,tomato,e5ba6c80bdaecb412db4d60889b5a55472b71e71ef4a4602f374cf031b533543,2025
clean_dataset/tomato_dataset/test/healthy/95845.jpg,healthy,tomato_dataset,a29bd767d9ea2ffae1889abef25e8e6b61f9743f89f2b510791d3df754b9ab4e,2030
clean_dataset/tomato_dataset/train/healthy/95915.jpg,healthy,tomato_dataset,f22a413e409a9575a9fb23f369d7a55d1b76ef163854927b218e0e8b47e18aae,2030
clean_dataset/tomato_dataset/train/healthy/95918.jpg,healthy,tomato_dataset,80a4dbc24f39320221c478c536f66b572297f7e945c9da47b3fbaba8dedc3226,2032
bounding_box_dataset/tomato/train/healthy/95918.jpg,healthy,tomato,3e1bf941eaa301700b3400e7685e60a1bb232629f6a009cc239471f07e0be969,2032
bounding_box_dataset/tomato/train/healthy/95934.jpg,healthy,tomato,9fcc3f48759276ecc061ec2c786c43887c818c9c2acafba9721ee73f7cb1172d,2043
clean_dataset/tomato_dataset/train/healthy/95934.jpg,healthy,tomato_dataset,f6d3919f25db53616d0d88f84b533c509c099e67b5587e2a1b5424e53925f5ba,2043
clean_dataset/tomato_dataset/train/healthy/95936.jpg,healthy,tomato_dataset,9aaa771d04bc75101e5ce9004a932b9f5591c6603f9bf3a93977ac56c89fdaec,2044
bounding_box_dataset/tomato/train/healthy/95936.jpg,healthy,tomato,915b5eac6156b1009a9b9da06e000de3af7e6faf6dfad41b3cb348968e070959,2044
bounding_box_dataset/tomato/train/healthy/95944.jpg,healthy,tomato,31358abc8bd712087c8a3dc9000aabdb0c9f8a2ab67ff7403c831fc2efdbb3ba,2050
clean_dataset/tomato_dataset/train/healthy/95944.jpg,healthy,tomato_dataset,7737441a63e83e5a3675384d063f31fadf3d87d1bfbaa456df1d788763552eb0,2050
clean_dataset/tomato_dataset/train/healthy/95949.jpg,healthy,tomato_dataset,a2897bbdad6a0784b557117172f883392b26714df053dbab87fce4c25166bae6,2054
bounding_box_dataset/tomato/train/healthy/95949.jpg,healthy,tomato,78731c449c80ad96efc85dbee662fc409ff29c5fa0511f6b757269a60571def4,2054
bounding_box_dataset/tomato/train/healthy/95954.jpg,healthy,tomato,e380cfdcb1d2310f846fa4b92d303c4b211fc760e806a7755d3873d0f85fd93f,2058
clean_dataset/tomato_dataset/train/healthy/95954.jpg,healthy,tomato_dataset,6066372d8aecaa8238ec3733ffdccdad18e317c6170d81db69d09f11ca630644,2058
clean_dataset/tomato_dataset/train/healthy/95964.jpg,healthy,tomato_dataset,bd0a8dc21c64574d160bea4ff62cac96f59573ff85a7f4105b3f2af8b3727a06,2065
bounding_box_dataset/tomato/train/healthy/95964.jpg,healthy,tomato,0ff8a9118765a11c37dc3f3735906cea27c6befc238f826ae85c1ff106a9e6e9,2065
bounding_box_dataset/tomato/train/healthy/95971.jpg,healthy,tomato,e0237fc38802ea3ce2ec5bba2663585b0dd74aa82720980ffad73ddd827adeae,2071
clean_dataset/tomato_dataset/train/healthy/95971.jpg,healthy,tomato_dataset,b13b4049707ca061533a5f11d83fa320838ae994464fe67fcf736cd0b5edce9f,2071
clean_dataset/tomato_dataset/train/healthy/95984.jpg,healthy,tomato_dataset,2a52e23de32cf5d5216831acd26d9c9b024b161619beeb386fcc008b98aac939,2079
bounding_box_dataset/tomato/train/healthy/95984.jpg,healthy,tomato,cccaa3589f7c628005efa6244c8d625cbe2b648b5233060e3fe1fe122683fdeb,2079
bounding_box_dataset/tomato/train/healthy/95997.jpg,healthy,tomato,dc5dfa0d3e3f67b3c97465b3f541f3b19808b1190e85484d51aa4d94027d0393,2088
clean_dataset/tomato_dataset/train/healthy/95997.jpg,healthy,tomato_dataset,b5b967fd8108843b3c53b9c269723fc53c53a03bf5051fe19ae8683e339cd5c6,2088
clean_dataset/tomato_dataset/train/healthy/96000.jpg,healthy,tomato_dataset,9ea6fcefe0581cd4273c3c624c04f2e2a50b8a8db99ee5f9ac3db5533554c60e,2091
bounding_box_dataset/tomato/train/healthy/96000.jpg,healthy,tomato,a8fc699dc82ad19138ba0303aa6328ffed7f5bd7b8db4ebf53aac7dba1721132,2091
bounding_box_dataset/tomato/train/healthy/96004.jpg,healthy,tomato,ec949ebe2e2e20fe90f9d4afe85537bd0a5eada2b4d1832e431e9200e3480ea3,2093
clean_dataset/tomato_dataset/train/healthy/96004.jpg,healthy,tomato_dataset,7d5cbe1cf0d8f544da3ce0cd8be6f7bb63ebac9f5c1c97bcd01e9a3a513daad6,2093
clean_dataset/tomato_dataset/train/healthy/96014.jpg,healthy,tomato_dataset,68b122b3a6df6996727cfdd9ac5cd35a58f1bfed8e125192674525d4fd94b33c,2102
bounding_box_dataset/tomato/train/healthy/96014.jpg,healthy,tomato,424354aaa32889c0b6682376d0a934409455a4a41cf1d94a8f708b6be58350b9,2102
bounding_box_dataset/tomato/train/healthy/96020.jpg,healthy,tomato,b028897148cc59ce023179ff150d4772a8224aca872f0092d8e087742109240d,2106
clean_dataset/tomato_dataset/train/healthy/96020.jpg,healthy,tomato_dataset,33bee8a4a209a5d367282aa997de4c0db643ffe1017a28586f01f42f0db72086,2106
clean_dataset/tomato_dataset/train/healthy/96021.jpg,healthy,tomato_dataset,e5013cf7f96b506cd34505a3e0c93f10325998589b8728a2a02eaa5991a2569c,2107
bounding_box_dataset/tomato/train/healthy/96021.jpg,healthy,tomato,abc7279952057773fb8b94360f8b677baea1043411d8759dc84dc2067f917e28,2107
clean_dataset/tomato_dataset/train/healthy/96024.jpg,healthy,tomato_dataset,f20214e295150f2b7cbc098c0d5eb86b707775be83c9710ea5850fb7e74b2551,2109
bounding_box_dataset/tomato/train/healthy/96024.jpg,healthy,tomato,83a65ba286f1b1ddc97c09f384a3ef41196daff2e963eabf9ac9ea4c0b987326,2109
bounding_box_dataset/tomato/train/healthy/96031.jpg,healthy,tomato,6b184524b869735c38a02e94131c0d382af97672f4924d80448f24ebd6c2bcae,2114
clean_dataset/tomato_dataset/train/healthy/96031.jpg,healthy,tomato_dataset,9f260e218c8c825922ed00ad20de920cc046cc79e54d394ea539ba5f9cc65822,2114
clean_dataset/tomato_dataset/train/healthy/96034.jpg,healthy,tomato_dataset,e2d0dcf23f491019b3781b23c71c81e730ec9398dee9859d0decc87ca61cacb5,2115
bounding_box_dataset/tomato/train/healthy/96034.jpg,healthy,tomato,061276e953f9004deca5dfcfa8a8678d9e3cc020755d6dcce6788383d53e0691,2115
bounding_box_dataset/tomato/train/healthy/96045.jpg,healthy,tomato,ef7076420f2f22f679bd4aab33961704bf1dcf0fa965c8d18e9c7b6f69666240,2121
clean_dataset/tomato_dataset/train/healthy/96045.jpg,healthy,tomato_dataset,873e8f708fc4290dde501ac190b0ae148aeca98476d270cff65167d7af96d29e,2121
clean_dataset/tomato_dataset/train/healthy/96051.jpg,healthy,tomato_dataset,042b1620a3bbdecf07fc0d177e068cf8f0cb5c2b7e0b2d2e9780ba4cb9da72aa,2125
bounding_box_dataset/tomato/train/healthy/96051.jpg,healthy,tomato,3ee42a0334706818daffc106ad4bb34e2a5b80731c1d678ec3078a53fdf4e03d,2125
bounding_box_dataset/tomato/train/healthy/96052.jpg,healthy,tomato,1fd7117fed5b1364a375bdd041ac85a406d629e3eda841da2ef052d7cf0ea8f7,2126
clean_dataset/tomato_dataset/train/healthy/96052.jpg,healthy,tomato_dataset,f6395f0e9ecde1f3acc8cf551feffc75087a4564d0ddf936485d922ba5288a63,2126
bounding_box_dataset/tomato/train/healthy/96063.jpg,healthy,tomato,08e6f38c2188f6dd7d9bfe74f7273aa9dd5d8a02708cb50455fc7dce1ed03cee,2134
clean_dataset/tomato_dataset/train/healthy/96063.jpg,healthy,tomato_dataset,01b8fec9b863c10240e02d650f2e908852f2e6f405000901439665e841c19ef6,2134
clean_dataset/tomato_dataset/train/healthy/96066.jpg,healthy,tomato_dataset,0d55b6b0dbe1e602a0ac9bbfcba56720c5e8a14d320d1c4b1f503de7c8c16cd7,2136
bounding_box_dataset/tomato/train/healthy/96066.jpg,healthy,tomato,421d1870b7730acfcb85aab9f27c3a0af005bc1bc1291c1f86b1a33cd4e258f0,2136
bounding_box_dataset/tomato/train/healthy/96069.jpg,healthy,tomato,05c29e44de0e5f10dc3b098676b4c7253f86d621158b526998e0f80d4841e7a6,2138
clean_dataset/tomato_dataset/train/healthy/96069.jpg,healthy,tomato_dataset,7daddc72d796510d813a46c50c92dfd8c723ed481d4481663202906118786c24,2138
clean_dataset/tomato_dataset/train/healthy/96073.jpg,healthy,tomato_dataset,d9bb50fb0af9d727b80d09de2b298f6767dcbf7a4c680412a9145be580c1713d,2141
bounding_box_dataset/tomato/train/healthy/96073.jpg,healthy,tomato,e0b59c4dd4f73aa6e3f1a897b375a35d8697a219a20d48a3b9c69b87f0f58d02,2141
bounding_box_dataset/tomato/train/healthy/96076.jpg,healthy,tomato,e5e12507d686c7cfed6e0a7f2940234a5596c8ebfd1e802f55e9742d893ed866,2143
clean_dataset/tomato_dataset/train/healthy/96076.jpg,healthy,tomato_dataset,d9cbe87d2ba4ffe1016d369b9a4069d415814eca70d1dd478b415ffef3da4052,2143
clean_dataset/tomato_dataset/train/healthy/96077.jpg,healthy,tomato_dataset,5c3cede7ba0d467b71e03b647180ad1f43278238046970a9a17237b932f97892,2144
bounding_box_dataset/tomato/train/healthy/96077.jpg,healthy,tomato,b2930a5d9465539c3371d8aafdb70f2df09448bd557e25d070ef5196beb581df,2144
bounding_box_dataset/tomato/train/healthy/96078.jpg,healthy,tomato,d0780ad717dcba75a6f0943c5d155dff221de05dc2cbf05358ae56116495d71a,2145
clean_dataset/tomato_dataset/train/healthy/96078.jpg,healthy,tomato_dataset,2c1ed663c17d89e08ff1ababb11f02525cad214bc147cf348fe5ff75c944636b,2145
clean_dataset/tomato_dataset/train/healthy/96082.jpg,healthy,tomato_dataset,61bf9b949eb72291a17b175e50d05855ffb117a05953a47488bd0080b94dde35,2148
bounding_box_dataset/tomato/train/healthy/96082.jpg,healthy,tomato,ef144123d48ba5969b1edb899abe7c237db3ecfaddc55a313419952e095a4aa0,2148
bounding_box_dataset/tomato/train/healthy/96095.jpg,healthy,tomato,074a9109964229dfb3d9b66e4b0cc2ac5cf787e86b7d2926b495441a87932ca4,2155
clean_dataset/tomato_dataset/train/healthy/96095.jpg,healthy,tomato_dataset,13d6eee3c0ffc922b341e909ec0049085c43344fd4cfaed509916705f35e4fec,2155
clean_dataset/tomato_dataset/train/healthy/96096.jpg,healthy,tomato_dataset,2595ca903a4bbad9d2391b3fe1d969ff37af83a504cd92d1c841215bc954734a,2156
bounding_box_dataset/tomato/train/healthy/96096.jpg,healthy,tomato,19c36ba81c09382d07820f5ac2289502c7e8481684be7e49b6beee08290632fa,2156
bounding_box_dataset/tomato/train/healthy/96098.jpg,healthy,tomato,759b4f3a39de009f7afcd00378ba7d6ab70d8cbf22f3f5d7e8a7ad230d2dfccf,2157
clean_dataset/tomato_dataset/train/healthy/96098.jpg,healthy,tomato_dataset,65c3e6863ff043f428bead6f55b9aac5c3daccfc5eb38c8f8804d73d4ee863c6,2157
bounding_box_dataset/tomato/train/healthy/96106.jpg,healthy,tomato,1c9758a1099560d6222d8c275db2e7ace53a5c26be14f983149848a825965e95,2163
clean_dataset/tomato_dataset/train/healthy/96106.jpg,healthy,tomato_dataset,9f23ad14780b8d573d9b807f4819594c09ae04dd7a44b9a37ddc0ddbab797471,2163
clean_dataset/tomato_dataset/train/healthy/96111.jpg,healthy,tomato_dataset,385bac3b98769aa1ecf75aff0207a763f65cc0313f81e81f0660c81d4c085dfa,2167
bounding_box_dataset/tomato/train/healthy/96111.jpg,healthy,tomato,800d4ec11276f0986d104ace2c37e14bfd9e677aab6694d9d5e7e2de30c21f65,2167
clean_dataset/tomato_dataset/train/healthy/96113.jpg,healthy,tomato_dataset,e26d0f5c1a989da040d2bc69c0072739128d4e233a4c1cd5d67348a952485e7f,2169
bounding_box_dataset/tomato/train/healthy/96113.jpg,healthy,tomato,a2e06c73f74be222829a70520af6dac01215acc283c9659010e8f0aa14acd36a,2169
clean_dataset/tomato_dataset/train/healthy/96115.jpg,healthy,tomato_dataset,9f44293f4eee43c39dbb37982a811be467d549f9b8c31000dae6b5f661abcc79,2171
bounding_box_dataset/tomato/train/healthy/96115.jpg,healthy,tomato,36c19c7874568be889e82fa31651360295d051d9e0b7c97741f7c3142c95d2c4,2171
bounding_box_dataset/tomato/train/healthy/96117.jpg,healthy,tomato,89dbd31f283605eb56e7c8ea0a6dc5817a464d2ef983cac5b2577ec171824532,2172
clean_dataset/tomato_dataset/train/healthy/96117.jpg,healthy,tomato_dataset,a4c10279a59534bcd99d73251056998d3878d2776500f1c1ae4a9f6ac16c23a5,2172
clean_dataset/tomato_dataset/train/healthy/96122.jpg,healthy,tomato_dataset,4bc636519c256cdc6792621f580a6b46e561b49f8e0484c5942780ac98b5f54b,2175
bounding_box_dataset/tomato/train/healthy/96122.jpg,healthy,tomato,4e30adbd78195b7a17d63aac99ef8674375fad10ea015ed999601cc81cf0771a,2175
clean_dataset/tomato_dataset/train/healthy/96128.jpg,healthy,tomato_dataset,b56b30161b6b835bb6c6efed3f3be4467ab057db5779188917635e946338ab10,2180
bounding_box_dataset/tomato/train/healthy/96128.jpg,healthy,tomato,0cd6cdc992115477b33c00e3600589d56521f43bbdef33cb34bc864c01c03a03,2180
clean_dataset/tomato_dataset/train/healthy/96129.jpg,healthy,tomato_dataset,6cf99e87c6daf6ddef0842957d62ad6cd69216ac91d8539094940d571b8a6457,2181
bounding_box_dataset/tomato/train/healthy/96129.jpg,healthy,tomato,45fb5fa6c66cf4e403e6afaf855c41f8a2f65cbcf3550972ce2d902b5f6eb9b8,2181
clean_dataset/tomato_dataset/train/healthy/96133.jpg,healthy,tomato_dataset,b64cbe270f4453102d68953dd1a9ff45550208dbf04c64d44f46186afdef81a9,2184
bounding_box_dataset/tomato/train/healthy/96133.jpg,healthy,tomato,ddb6ec54e40f8536cf88040cf96891780678fc67eefc4c47932e89fdc3141591,2184
bounding_box_dataset/tomato/train/healthy/96135.jpg,healthy,tomato,0ee3e6d94fa9a9b1076e4b43e770e588ba7b02c6f102e04be7d434989abfab37,2186
clean_dataset/tomato_dataset/train/healthy/96135.jpg,healthy,tomato_dataset,a309e7cac75cd98750d3c8e281d826d480016c1f49624cc8548614f42bae9aac,2186
clean_dataset/tomato_dataset/train/healthy/96143.jpg,healthy,tomato_dataset,f877a735ee62bd7abfea5b6b41e7f89df1eb5e975d25abf8f031349d5a2b5494,2190
bounding_box_dataset/tomato/train/healthy/96143.jpg,healthy,tomato,8abfbed52580b7100e44fe9b855826dc73ac1c314405777ba55dc4c3bc45f81c,2190
clean_dataset/tomato_dataset/train/healthy/96145.jpg,healthy,tomato_dataset,d341ba371c802c49d8e997e1e795c92bfb91a1b6c65085539cc5373359be53ad,2192
bounding_box_dataset/tomato/train/healthy/96145.jpg,healthy,tomato,61908aa0b5d6bc6135a5a7140e1d17af6cc8e1f8edd7e7abc4cd52c848f591b0,2192
bounding_box_dataset/tomato/train/healthy/96157.jpg,healthy,tomato,d591b0604456f4070d2eba9f3441a5d894cd77831afacb02d4621241a3964b8c,2201
clean_dataset/tomato_dataset/train/healthy/96157.jpg,healthy,tomato_dataset,9e103cc6de14167bf35fda2686dcefff31b5326e9784d11c09b59fcfe3159b5f,2201
bounding_box_dataset/tomato/train/healthy/96166.jpg,healthy,tomato,11da3e98213172ffb56f80c57ba1fb3d645f8f0bbf7264f517d32728719fa3d0,2209
clean_dataset/tomato_dataset/train/healthy/96166.jpg,healthy,tomato_dataset,86dc662242144207504158de4bfc08a8f4c0bc37ae4e75ec04bb3f4d2589ae4b,2209
clean_dataset/tomato_dataset/train/healthy/96168.jpg,healthy,tomato_dataset,fafd6deb79b2edcc9b274e1011ebbd2141834f0ba9c465ddb5fb2bf42a11004a,2211
bounding_box_dataset/tomato/train/healthy/96168.jpg,healthy,tomato,94b0fe2c9e69e84239f10651f177f6e2a3618da7399a1cef3497fef08f07aaa2,2211
bounding_box_dataset/tomato/train/healthy/96172.jpg,healthy,tomato,685db95786549b12860ee0593613c511b5e3fe727d7c10d9acc4c8a8e813055b,2214
clean_dataset/tomato_dataset/train/healthy/96172.jpg,healthy,tomato_dataset,f1bca18e9e0e65400f2a2e2edca8e3e7a549b30d76fd60ac3755c29a7876e961,2214
clean_dataset/tomato_dataset/train/healthy/96179.jpg,healthy,tomato_dataset,39548164cb1274e738e74292ef689983be69263ac2cde88b5d3dcac12f585c11,2219
bounding_box_dataset/tomato/train/healthy/96179.jpg,healthy,tomato,83cb8f20d45b3ba45153cd200f803041fcd0d8f4e94c1e46a46db7b896baa446,2219
bounding_box_dataset/tomato/train/healthy/96195.jpg,healthy,tomato,37c841bbd47f1366d89872b5b8b08b12cbb9a6d0e754672f400d69cb0ab61ad2,2231
clean_dataset/tomato_dataset/train/healthy/96195.jpg,healthy,tomato_dataset,d072aa7c8de23b37b63bcbb2e9954ba98ed23da4c967e425d26b92447c56ff25,2231
clean_dataset/tomato_dataset/train/healthy/96211.jpg,healthy,tomato_dataset,63909ca0bc9393e92a1064398ec86a907af6ae8a746bec9a7fde27badfd8ab99,2242
bounding_box_dataset/tomato/train/healthy/96211.jpg,healthy,tomato,c1c14f631eb4cebbc73a93154e79868d2909d2e86d00afffa5c2feeeb79f737e,2242
clean_dataset/tomato_dataset/train/healthy/96216.jpg,healthy,tomato_dataset,a5b4bdeb6152eacd3130401e1ba65a70568e14416fd963447d52eb4e407e9193,2245
bounding_box_dataset/tomato/train/healthy/96216.jpg,healthy,tomato,a58b16d837906473f71a7a928b717617fcbd8cfdc70f08f03c7c8540d1535877,2245
clean_dataset/tomato_dataset/train/healthy/96221.jpg,healthy,tomato_dataset,9fdef443148d8f74641d8e53c96f3c6af28bd2451c3c488d32422ea0adbb83d8,2248
bounding_box_dataset/tomato/train/healthy/96221.jpg,healthy,tomato,36a45141277cadab3e1efb3274ce4f76306afeaff7368443b743034c01909f08,2248
clean_dataset/tomato_dataset/train/healthy/96224.jpg,healthy,tomato_dataset,d2ece28ea65ccf728d92c48bdeb8828b21f3382f4bf5b07fcf96069f9082fc75,2249
bounding_box_dataset/tomato/train/healthy/96224.jpg,healthy,tomato,283880382fc9cd82a10551f709c91c0200135a18ee5e487a0e1a09f9c92973e1,2249
clean_dataset/tomato_dataset/train/healthy/96230.jpg,healthy,tomato_dataset,f23aa3b0ade12b6f0861f9e2f6a82d325d0a698c93cead4264b406468f82162f,2253
bounding_box_dataset/tomato/train/healthy/96230.jpg,healthy,tomato,dbba1d23fc9a95b9e6527a0edb15832629d0f7270396d94bd27a788cb9f19714,2253
bounding_box_dataset/tomato/train/healthy/96237.jpg,healthy,tomato,515c67cd0bf3928e29eb20b56faecd6904fecf194828847c39bf992ca59d16f5,2258
clean_dataset/tomato_dataset/train/healthy/96237.jpg,healthy,tomato_dataset,e41c61f9c6a3eb913f99332375b863209a4469cb22279a6d171fa37d83d872a1,2258
bounding_box_dataset/tomato/train/healthy/96239.jpg,healthy,tomato,407552721062cdccd0cdb1f3b432289b2c14b72fc1bb60bd60a929746f10b2d3,2260
clean_dataset/tomato_dataset/train/healthy/96239.jpg,healthy,tomato_dataset,cb8f594aba89c5e391df788011351c4697f2aafde932bec0c7a7ba99cb46dbca,2260
clean_dataset/tomato_dataset/train/healthy/96243.jpg,healthy,tomato_dataset,ad221fee6dd266fcbe8ce7ec8e4cdad0779a1837281f55814948336249134214,2263
bounding_box_dataset/tomato/train/healthy/96243.jpg,healthy,tomato,63d2fcba39ede424bde4e57bf2a4132393bde0a49967170653b610f8b7b021fe,2263
clean_dataset/tomato_dataset/train/healthy/96246.jpg,healthy,tomato_dataset,e620d80ed37895a2ed8712aefe252d0e2e769bfda17300d2cb189d705632a668,2264
bounding_box_dataset/tomato/train/healthy/96246.jpg,healthy,tomato,e89bc823b7847313802cb1a23d44a04a0a4ab34cffd1c08200048cb0aa5cfe1a,2264
bounding_box_dataset/tomato/train/healthy/96257.jpg,healthy,tomato,11652559d20c5dc0a5f1bbd5cfa7bc052082c6df20a8cb789aa52c7ef2350dae,2271
clean_dataset/tomato_dataset/train/healthy/96257.jpg,healthy,tomato_dataset,7752d0ead731de5b6681e501ff4d44e4099b3936e08a9feb1532adb1d9b9f545,2271
clean_dataset/tomato_dataset/train/healthy/96258.jpg,healthy,tomato_dataset,624305179e147faa5945d7759fe1da4242b87363301e35c19a810b7367734638,2272
bounding_box_dataset/tomato/train/healthy/96258.jpg,healthy,tomato,37773c214e223083aa78975796d347402fa86141b055a3423ed2a52759a6dfe4,2272
clean_dataset/tomato_dataset/train/healthy/96266.jpg,healthy,tomato_dataset,5fccffc476e2d36a0608ff7e18c088c6290952da3e3bbd1916a6c7b8680907b1,2277
bounding_box_dataset/tomato/train/healthy/96266.jpg,healthy,tomato,f8f21ca35348b9b03b3904a63e00a4b968c4d88164cc991a83892c107ba53245,2277
bounding_box_dataset/tomato/train/healthy/96271.jpg,healthy,tomato,25192801e3f7c38cd6cec3aab27e3109283970dca675d2d70859da60b53fa154,2279
clean_dataset/tomato_dataset/train/healthy/96271.jpg,healthy,tomato_dataset,b463d7526540ae8e53d55fadd57b62c59b36b27513395bdc02d0c91e8c5f32ea,2279
bounding_box_dataset/tomato/train/healthy/96281.jpg,healthy,tomato,4aa8cc10c9572f1aa2f6595cd83577ba63c222bded0a4da767ba70a5c1895da4,2286
clean_dataset/tomato_dataset/train/healthy/96281.jpg,healthy,tomato_dataset,1b2822b4d605d6ab33231c358b765585a514d99f6debd18b4d5e1b37d5a9c6c8,2286
clean_dataset/tomato_dataset/train/healthy/96288.jpg,healthy,tomato_dataset,5c95ed1d8fc2c54c9a6e4fbd5c40bcb64e262888e57ec494688b49290707848e,2290
bounding_box_dataset/tomato/train/healthy/96288.jpg,healthy,tomato,a81f8802d1bde33a2490e87d89aac60eda995a58cf5a87d55426afdce249bdbe,2290
clean_dataset/tomato_dataset/train/healthy/96308.jpg,healthy,tomato_dataset,d9ed0fec382cba9e6069726ae32a71753e62a65f51029d876c2bf6418ff43d1d,2307
bounding_box_dataset/tomato/train/healthy/96308.jpg,healthy,tomato,f4298bd7febf03e2cb04c5d7bd128f19a1eb6b58ddb8ee8e82e389877d5d6a91,2307
bounding_box_dataset/tomato/train/healthy/96317.jpg,healthy,tomato,d2edd2f8aa201ab85514c9aa71a611061c2aab4f0d44877a36a12f6600d87725,2312
clean_dataset/tomato_dataset/train/healthy/96317.jpg,healthy,tomato_dataset,0df65af62b166531e2b50217967428193e6d2dc9c36b8a18fd6538ed43ee20e4,2312
clean_dataset/tomato_dataset/train/healthy/96330.jpg,healthy,tomato_dataset,a36952573ab434c4dbc1fd0d5c531307fbaec8b0a4f62df1499764c6f1d8060e,2317
bounding_box_dataset/tomato/train/healthy/96330.jpg,healthy,tomato,6481d08ad4e4a068e2a2521292486506150adb63e7206a296e7846e256ce6e5e,2317
bounding_box_dataset/tomato/train/healthy/96332.jpg,healthy,tomato,7f5e163dc44b02d8e91ac966ee82ac9faed03e78d067565e2174e853dfe6b119,2319
clean_dataset/tomato_dataset/train/healthy/96332.jpg,healthy,tomato_dataset,7f4999f348179998d57c844c17a3a2a23973e6dcf045c8ae4f4ae94edd823ab6,2319
clean_dataset/tomato_dataset/train/healthy/96336.jpg,healthy,tomato_dataset,a705ce84df64f1bce9d208a995d1cb474858b99f8d48941744df78c1f9fb71f2,2322
bounding_box_dataset/tomato/train/healthy/96336.jpg,healthy,tomato,54153349e9ebc5a07c47983ffafeacd8da92fab93166fe09efd3389bde1ba789,2322
bounding_box_dataset/tomato/train/healthy/96338.jpg,healthy,tomato,a5f80649132a86c803c08c7d9e69e3c97f16bad6fca9410f2bc42667fbb294f2,2323
clean_dataset/tomato_dataset/train/healthy/96338.jpg,healthy,tomato_dataset,feefb077d897010d79f620e10b7ffb091061104af2e0b1b4d046a5858f5fd4f8,2323
clean_dataset/tomato_dataset/train/healthy/96342.jpg,healthy,tomato_dataset,91ecd14627e0fa77671da40e7ebe312910672cbcf2d23f32e81e2d43e90d4c63,2326
bounding_box_dataset/tomato/train/healthy/96342.jpg,healthy,tomato,90c3557fe8f5701b057336ec33f6513a5c861877d52607a4675fce1a22797cf3,2326
bounding_box_dataset/tomato/train/healthy/96347.jpg,healthy,tomato,76edb1b7d1971032320d89ca1368cb79f5e3387b115ef9f67ff5473d65e3fa51,2329
clean_dataset/tomato_dataset/train/healthy/96347.jpg,healthy,tomato_dataset,5fb02a33a5ab07f7d560ab2fa7887c650fde3ab2da8e6c59956e9fe3878fb83f,2329
clean_dataset/tomato_dataset/train/healthy/96350.jpg,healthy,tomato_dataset,5b0f48db9d1ed543012a6f940665bc725d6df95aa8285458c043839b5602ebaa,2332
bounding_box_dataset/tomato/train/healthy/96350.jpg,healthy,tomato,6a581ccd533ecae8901a64abee354a0273da69d69280f8e433fa2b1712e48e26,2332
bounding_box_dataset/tomato/train/healthy/96354.jpg,healthy,tomato,1159d51b46b186930d77b0bf49fd513159b51664f478dae439b464b1028bef32,2336
clean_dataset/tomato_dataset/train/healthy/96354.jpg,healthy,tomato_dataset,c45cb9bb602bfae6580638f82ecddc237beeba2509e4c5b259e18b99d0656123,2336
clean_dataset/tomato_dataset/train/healthy/96357.jpg,healthy,tomato_dataset,56e6611ccd71a517da71d3c1caaadae56bd43fd6fa8133880b64608df899c306,2338
bounding_box_dataset/tomato/train/healthy/96357.jpg,healthy,tomato,073a0e901dcbb0b44a345dc594c140645a45345fe9023e62ff94cd3766a49cf5,2338
bounding_box_dataset/tomato/train/healthy/96362.jpg,healthy,tomato,5842bd6f5cdedc2190f1f4b15a247222b6796006879baf8572a3ea8e8fa3bbb2,2342
clean_dataset/tomato_dataset/train/healthy/96362.jpg,healthy,tomato_dataset,f7c1d92c2bac3f7278406f6c6a74695124fd07636aa616de619b30957e3ca4db,2342
bounding_box_dataset/tomato/train/healthy/96363.jpg,healthy,tomato,97a2bcc1d0a401749f404c9722154b63d5b719338feb4382701f59a9d3cf7c6f,2343
clean_dataset/tomato_dataset/train/healthy/96363.jpg,healthy,tomato_dataset,ff8d65681312e2f3549ff5a98a437838f26b101f3218c4996d61ee76d8b2aa99,2343
clean_dataset/tomato_dataset/train/healthy/96370.jpg,healthy,tomato_dataset,578676816808238bcce81e074b5203d5abdf3f6323b860da4a5d768362e2e7ab,2347
bounding_box_dataset/tomato/train/healthy/96370.jpg,healthy,tomato,a1aae575b29a36cf9aff9c566289e46813ef6d279c01ca2d228d322a855cbfa0,2347
clean_dataset/tomato_dataset/train/healthy/96388.jpg,healthy,tomato_dataset,71e60f2eb9386919fec46ca740a44aed8cad1a0689c7b21d12e0e0814d4fcd65,2359
bounding_box_dataset/tomato/train/healthy/96388.jpg,healthy,tomato,3d02abe6113ee4554b33acb1e62388a1d42669d4ee8effb6262f6a66e05abfa1,2359
bounding_box_dataset/tomato/train/healthy/96389.jpg,healthy,tomato,9dd803456ba5385a7246862228c2e7c3c18dec8af03b7e3f30a67df663b39d44,2360
clean_dataset/tomato_dataset/train/healthy/96389.jpg,healthy,tomato_dataset,d63a1cba43b1e0bfcdeb9fad4ec778545096272dfec2446863213ed15b73ff67,2360
clean_dataset/tomato_dataset/train/healthy/96397.jpg,healthy,tomato_dataset,aae2c1af81b327c5a08c85481c6cf74aaa92079bd99c750cd0bc704fb6f485d5,2366
bounding_box_dataset/tomato/train/healthy/96397.jpg,healthy,tomato,a8de1f8c158d42821af15bfcdd26eb0d77653ba4985e340bf94dba81d4d1dace,2366
clean_dataset/tomato_dataset/train/healthy/96402.jpg,healthy,tomato_dataset,87ba6f98eb0b9f763d968f6458653df9ac4e99c8cd83e3fbf1422140264ad66e,2370
bounding_box_dataset/tomato/train/healthy/96402.jpg,healthy,tomato,9f8cd944c16f21b81c8a7abb37fa07150d9478e1140407b2765ae1ebad5f1dfe,2370
bounding_box_dataset/tomato/train/healthy/96415.jpg,healthy,tomato,faba944131cc228214903572f7f6b00778ffa73be19b03cb200aa5737ba7c4cb,2379
clean_dataset/tomato_dataset/train/healthy/96415.jpg,healthy,tomato_dataset,e0e8d9e6457061ef856b9d88e77ca3ed7e6df9330035e0627676f8ff313851bd,2379
clean_dataset/tomato_dataset/train/healthy/96419.jpg,healthy,tomato_dataset,c0885471f4f97a68fa3adb25cc718548e40b89cc1d851ef0c54c7a2f2dfc6735,2381
bounding_box_dataset/tomato/train/healthy/96419.jpg,healthy,tomato,6d7bf0f9c0e6d63b05e238f66c0df2b0e7e285c3ec543f00ac6fda2429c3ebfc,2381
bounding_box_dataset/tomato/train/healthy/96425.jpg,healthy,tomato,feaa420e9f746b1c6b8c20ec47e6c37d17d729a5acbc62dc20f888fcf43d06a4,2387
clean_dataset/tomato_dataset/train/healthy/96425.jpg,healthy,tomato_dataset,651e438f32945dc65e6deb0248cfc136ce363c57dccea8ced0d3d2e8c98c2dd4,2387
clean_dataset/tomato_dataset/train/healthy/96434.jpg,healthy,tomato_dataset,78076f1b0b6262ba933bc328065e0dc2e0703afca09b99726de99ed5d522d895,2395
bounding_box_dataset/tomato/train/healthy/96434.jpg,healthy,tomato,2aedd9d50f60439e1e7f8c08000ef56c07045945329f695ff146d4814ebf7409,2395
bounding_box_dataset/tomato/train/healthy/96436.jpg,healthy,tomato,8066d569bc21292b81620cc621420f6027349e517c19237dd6b7708c15bb6507,2397
clean_dataset/tomato_dataset/train/healthy/96436.jpg,healthy,tomato_dataset,be518f1da12e70bce462672f23b945acedccbae8d9aa198098923935811ef87c,2397
clean_dataset/tomato_dataset/train/healthy/96437.jpg,healthy,tomato_dataset,f738ab6ce6738b56b49be19b9458b74034c0229f61ec37fc16627eca2566219d,2398
bounding_box_dataset/tomato/train/healthy/96437.jpg,healthy,tomato,73b4950626e17b99f3bf1c66ac6955904b4cec2bc0cec6ac9987ba72809f4fdc,2398
bounding_box_dataset/tomato/train/healthy/96454.jpg,healthy,tomato,e215ab4194013956f4e3cdaa5591c5d0251e53dffeacf353b42b0b5eb4b8c32b,2410
clean_dataset/tomato_dataset/train/healthy/96454.jpg,healthy,tomato_dataset,ff239d95e1a5d53e88d8e04781612b422c9fc9f71529f00343ceef81f62b33ce,2410
bounding_box_dataset/tomato/train/healthy/96460.jpg,healthy,tomato,23155d64c25facce3ba2b0be66783c8979ec5ae51f6e5d889a2a000ebb0de56b,2415
clean_dataset/tomato_dataset/train/healthy/96460.jpg,healthy,tomato_dataset,69d44c87fa92f3e01de0bb37a5aa93e213bbf6ead74c4b3ce4a3e772788d3ed7,2415
bounding_box_dataset/tomato/train/healthy/96465.jpg,healthy,tomato,b5afcf06df7d4c583c633518aee7a39833c9cd6969ea7d7d37af5ec475fc7906,2420
clean_dataset/tomato_dataset/train/healthy/96465.jpg,healthy,tomato_dataset,67a0501a2210529e7cc1cdc88746d1a5c80273012cefc4fe8de639a07020f3b9,2420
clean_dataset/tomato_dataset/train/healthy/96469.jpg,healthy,tomato_dataset,b0b2bce433d93fa22307caac2c038db3afff049c3da86eee8ec48e15dd724b12,2424
bounding_box_dataset/tomato/train/healthy/96469.jpg,healthy,tomato,4a9c3f0d29dc97f1d5d39d10d6e12557f46c268c64f0f0f83f82baa00bf78da3,2424
bounding_box_dataset/tomato/train/healthy/96471.jpg,healthy,tomato,e031042be66919926ce1a8dbc6ef584e02b326a1fc7c3e8ee876115147c1bfa5,2426
clean_dataset/tomato_dataset/train/healthy/96471.jpg,healthy,tomato_dataset,4dd96ce00d06a69981ef2f70d5cf3d25a360c8834cdb01f94562e0b4dd4c30c6,2426
clean_dataset/tomato_dataset/train/healthy/96475.jpg,healthy,tomato_dataset,70deda8142629f80bfcbdb926d5f51de801c8a0733d09892988780b566f9fa50,2429
bounding_box_dataset/tomato/train/healthy/96475.jpg,healthy,tomato,eeb67027a6bd55e8b2660ab494c7e6933fc2c647b1cabad31eaf33813877b43a,2429
bounding_box_dataset/tomato/train/healthy/96484.jpg,healthy,tomato,406c963a4c143ac17e29c380800b125cf0812757c77a0f9e8157af5c03d5f540,2434
clean_dataset/tomato_dataset/train/healthy/96484.jpg,healthy,tomato_dataset,22fc619ca1e14b182326399daa6cc265b351d301282176a1987729c96d91fe42,2434
clean_dataset/tomato_dataset/train/healthy/96491.jpg,healthy,tomato_dataset,80211c857b1e5d5f9b303d14e8870e1b74ceb63ec4f89992b9046fd63f9faa36,2441
bounding_box_dataset/tomato/train/healthy/96491.jpg,healthy,tomato,3b8e58f8e99ac5c8ba46274a191dd853039ef4c4c588e0597cd688b78fecd8ff,2441
clean_dataset/tomato_dataset/train/healthy/96492.jpg,healthy,tomato_dataset,d80147890ec5876c7bdf913de57be995246e7f1de972c67046ec1a1fb2a18201,2442
bounding_box_dataset/tomato/train/healthy/96492.jpg,healthy,tomato,915f42806154e806bf25748f851871e45351296e877e8b7bb8c5ebc6dc1b160a,2442
bounding_box_dataset/tomato/train/healthy/96496.jpg,healthy,tomato,58b4a7e61cee5f851ab66e58dfe83cab0fb6d2400fc053b943c2d579ba7d8bbe,2445
clean_dataset/tomato_dataset/train/healthy/96496.jpg,healthy,tomato_dataset,3e9b74edcc184b6bdc0df2b12d8419b67ab58591be29862be6b9fbf39e05a1f4,2445
clean_dataset/tomato_dataset/train/healthy/96498.jpg,healthy,tomato_dataset,9e64395c29e84cff93e839170d6fcadecf75f055a26e3982d1af30ac4e42c855,2447
bounding_box_dataset/tomato/train/healthy/96498.jpg,healthy,tomato,8d94c0bff872ed93a372dc2a005d55f88f24137da7e53aec6edcd1f6bcb0174f,2447
bounding_box_dataset/tomato/train/healthy/96499.jpg,healthy,tomato,5b2b4e1f1edaa1d92988cdcf16c0504966d6428bdc496399032f9c4e42e13df8,2448
clean_dataset/tomato_dataset/train/healthy/96499.jpg,healthy,tomato_dataset,5351fcebb5bab53a39fa1c461de14fe4560edbf5bf408d29e43053972eb670ff,2448
clean_dataset/tomato_dataset/train/healthy/96503.jpg,healthy,tomato_dataset,968f423849308aa182552867adf5613fe9757886874147ab753fb5ba9e4038c6,2451
bounding_box_dataset/tomato/train/healthy/96503.jpg,healthy,tomato,b2aa44a7246492211f66c1d1f2f90eb1d0c198bea0ea1d593b844df6d071877f,2451
clean_dataset/tomato_dataset/train/healthy/96512.jpg,healthy,tomato_dataset,98ceef6c8baca0d1b8c50d4db00323deeaee21932dc7543dfc24cf0bf154503c,2459
bounding_box_dataset/tomato/train/healthy/96512.jpg,healthy,tomato,d26ac774755bef0702304519b7bcb1dde0bf2c30ab3bd15584a0fb2950069979,2459
bounding_box_dataset/tomato/train/healthy/96517.jpg,healthy,tomato,5558bb5a428386337d37659bbc27bbbb7663100fb89c17c078e8d4e37237518f,2463
clean_dataset/tomato_dataset/train/healthy/96517.jpg,healthy,tomato_dataset,389583098003cdb32b1214afd397295b2d2dbec2423f2f06a19cff938f6e8f6e,2463
clean_dataset/tomato_dataset/train/healthy/96524.jpg,healthy,tomato_dataset,e5defc5652d40149f8d7c18db10fca9f1f3992035492c764d3909f3381df3e5d,2468
bounding_box_dataset/tomato/train/healthy/96524.jpg,healthy,tomato,fb71c2ea85f3cb52fff40f75c4069926d5305ecdfbbf8f662f0fe5f43c8af26c,2468
bounding_box_dataset/tomato/train/healthy/96531.jpg,healthy,tomato,f0784e0670ca5c3086f542ef49cdf542802d8b2072298b87abc4588c0478ff09,2472
clean_dataset/tomato_dataset/train/healthy/96531.jpg,healthy,tomato_dataset,24f683e9a56637327c792886e9ba968a2394a2a25952041a9b57fd071e79fcf0,2472
bounding_box_dataset/tomato/train/healthy/96532.jpg,healthy,tomato,b6ae9f7b63c32930406d3f785f8d676fad8ad6c30037dddf5f8fd7e6da1688ef,2473
clean_dataset/tomato_dataset/train/healthy/96532.jpg,healthy,tomato_dataset,6fb29ca4619b72107b149826d253a7dde6b49cb1bd81a53c7ae2ff2de4963bd7,2473
clean_dataset/tomato_dataset/train/late_blight/81511.jpg,late_blight,tomato_dataset,b3ae75a39cceddc76d5436a0e715b8c0f57a77b67330e282047f19b667f7104e,2482
bounding_box_dataset/tomato/train/late_blight/81511.jpg,late_blight,tomato,a56f00d26af3f8d4093733fe164980357a28aeb8e70183161c86a145effefdab,2482
clean_dataset/tomato_dataset/train/late_blight/81523.jpg,late_blight,tomato_dataset,a3c4a72d2a5f6b6aa96200e23a2f389851e18031da8816b3f85967a4c070d644,2487
bounding_box_dataset/tomato/train/late_blight/81523.jpg,late_blight,tomato,e25e13f5afc78f33d973ae80ab2aaa70221aa379bece6e28f718ac3bbe87fa88,2487
clean_dataset/tomato_dataset/train/late_blight/81527.jpg,late_blight,tomato_dataset,45fd3b1233012e060a9cb95319f0671ee238b2d41a5495f70068745addb98569,2488
bounding_box_dataset/tomato/train/late_blight/81527.jpg,late_blight,tomato,d737e02166b4c2daa172044f1a26716d1898463582456634d8876d5374fe370a,2488
clean_dataset/tomato_dataset/train/late_blight/81535.jpg,late_blight,tomato_dataset,9dbbf81ed48ce5d02794782c8e6ccea0b83bd75de1891b4eb3cf762738ee3f02,2492
bounding_box_dataset/tomato/train/late_blight/81535.jpg,late_blight,tomato,4c1905462edb88d093b4e849b0e32148f51061c4e9217252d29acc025d6ac34f,2492
bounding_box_dataset/tomato/train/late_blight/81546.jpg,late_blight,tomato,cf780a64b08809abbeb53aac36fe9df2f499cf8dd0cde90a15c2ecd83c437e34,2499
clean_dataset/tomato_dataset/train/late_blight/81546.jpg,late_blight,tomato_dataset,96df36950f7e1fa5cffee4070e2535316942f9fa8d43d58bafb0915bc950f141,2499
clean_dataset/tomato_dataset/train/late_blight/81548.jpg,late_blight,tomato_dataset,257035faef392961358699210cda0551fa0f92ff2e6b4f8d5ff24946de2042f7,2500
bounding_box_dataset/tomato/train/late_blight/81548.jpg,late_blight,tomato,9b74297a9e4cb72201c0b8e901c8f84cc4840059bb04c6588515350dd1087121,2500
bounding_box_dataset/tomato/train/late_blight/81558.jpg,late_blight,tomato,6ec029b5806a17203101f1e08d9c2e2902c01ffbc81d64fac87bfc5360aa0eb2,2508
clean_dataset/tomato_dataset/train/late_blight/81558.jpg,late_blight,tomato_dataset,b6a6b72ea199ef9c38574e1f0422fb6ee720deb0a76ee5e0a8972e5b2d086132,2508
clean_dataset/tomato_dataset/train/late_blight/81560.jpg,late_blight,tomato_dataset,8b87f51f763adbc3d8b086d41a0067a4215f803c7c4c838652eb0e6069f31c74,2509
bounding_box_dataset/tomato/train/late_blight/81560.jpg,late_blight,tomato,c3692a4823b0d69473f7da79bf738ab82e3b8733c25ab9664b63e55480266181,2509
bounding_box_dataset/tomato/train/late_blight/81563.jpg,late_blight,tomato,7afbdaa9f13a751c632f5d4790c83b45906dc955d82270548b01872680b3d335,2511
clean_dataset/tomato_dataset/train/late_blight/81563.jpg,late_blight,tomato_dataset,18ec82da7b0477b45abe576a7f1b46d236736c41b571ba707b8322cc088183c1,2511
clean_dataset/tomato_dataset/train/late_blight/81566.jpg,late_blight,tomato_dataset,5518a7e94251d30bafc427552bb0bdf9535954f96f0a7c6ac7ee6035533872ee,2514
bounding_box_dataset/tomato/train/late_blight/81566.jpg,late_blight,tomato,b38d64c23bdbc90b50228cb732df8c7a3ca6f5a45328515330edebb3cd2d594d,2514
bounding_box_dataset/tomato/train/late_blight/81569.jpg,late_blight,tomato,fbb4aaa0ef03eac23f8064db0da4324e4995ea3a6b21fae58c8cc9e6203a7e8d,2516
clean_dataset/tomato_dataset/train/late_blight/81569.jpg,late_blight,tomato_dataset,affa757c7168275ea07e1dea21e480c5a7f67e2e57e46b11c013bb8801182d37,2516
clean_dataset/tomato_dataset/train/late_blight/81579.jpg,late_blight,tomato_dataset,f1fe523182919152a6498c79a9501168b779b5c164c09da0e90cd7d5f6e42c1a,2522
bounding_box_dataset/tomato/train/late_blight/81579.jpg,late_blight,tomato,e0760664c11804a51d1525aaa0a66b2c4f926ade6359a30bd199fa435bf82cb7,2522
bounding_box_dataset/tomato/train/late_blight/81588.jpg,late_blight,tomato,48da8c5521d0ac659e617d4fb95b29506a4bd34588c74b7e23c11cb4bb812b10,2530
clean_dataset/tomato_dataset/train/late_blight/81588.jpg,late_blight,tomato_dataset,c734a777b755a51452b767ba7174e3ebff91bc1142f14235e2996ea472af03c5,2530
clean_dataset/tomato_dataset/train/late_blight/81591.jpg,late_blight,tomato_dataset,686b85c1377247e928548f10d3e224f5c544dc69a25ba503f66db082ed8c3667,2531
bounding_box_dataset/tomato/train/late_blight/81591.jpg,late_blight,tomato,22bd6a16b624e96f284d99ea9484b8733b0b17fbea3efabd7cdbab0d838604cf,2531
bounding_box_dataset/tomato/train/late_blight/81594.jpg,late_blight,tomato,e501d27e3d6a60f05a5e521eb2fe1275fd38ab57f569944e7eb1c440b9bd1796,2533
clean_dataset/tomato_dataset/train/late_blight/81594.jpg,late_blight,tomato_dataset,0f11ffeef41fee66aa6d211ac2f42f116129de33e3c2a958ee798e48751749d0,2533
clean_dataset/tomato_dataset/train/late_blight/81597.jpg,late_blight,tomato_dataset,fb4c05fdd5087f53fc426e271a85fd76e713903719c59213d87ef7d56c396ed1,2535
bounding_box_dataset/tomato/train/late_blight/81597.jpg,late_blight,tomato,ec161c5a49f3b8be508468504e675f9bf9f18ed6e60cc84266a2f24ef21db621,2535
bounding_box_dataset/tomato/train/late_blight/81599.jpg,late_blight,tomato,6b5934d54dabbcd6b5bfd23199c25fbc33e2a389049b735c25cecf9140e6c0c9,2537
clean_dataset/tomato_dataset/train/late_blight/81599.jpg,late_blight,tomato_dataset,25fdf8764607e69fa3de4a036c02b3182949d1d2950d522832ebea7bf2e81638,2537
clean_dataset/tomato_dataset/train/late_blight/81609.jpg,late_blight,tomato_dataset,5cfbe88bb96c393a119ae53603b56e1979ccf42672e5308fd260bf85108981e7,2545
bounding_box_dataset/tomato/train/late_blight/81609.jpg,late_blight,tomato,384235532099e6b7006a69a9fc97e0bebc356357288198433a91c56f14282f7a,2545
bounding_box_dataset/tomato/train/late_blight/81612.jpg,late_blight,tomato,86ad6aac717aa0cda6f14241d4d1090ea626a77333dbe7edbb73c2321829602e,2547
clean_dataset/tomato_dataset/train/late_blight/81612.jpg,late_blight,tomato_dataset,40e7b0deff5ae34164f463d318acefd01a583c977a7c3f12292c419f6dfd3e40,2547
clean_dataset/tomato_dataset/train/late_blight/81614.jpg,late_blight,tomato_dataset,d40827340c0a0ff56f7cd0daddabebe12fd21d4afe7d04b695fef4230d999408,2549
bounding_box_dataset/tomato/train/late_blight/81614.jpg,late_blight,tomato,5207e403488f11e01d22f372324e3e3140a549abeba421eb05f1533e073722e9,2549
bounding_box_dataset/tomato/train/late_blight/81617.jpg,late_blight,tomato,7b2421b485cbaf0d30a8cd389fe05c6b3ba11dd452b44e1f778b53ff48ac8de4,2552
clean_dataset/tomato_dataset/train/late_blight/81617.jpg,late_blight,tomato_dataset,1d77bb6a61f2f7fd25422e545135b1708898287555da8c59d86b6f864b84afd0,2552
clean_dataset/tomato_dataset/train/late_blight/81620.jpg,late_blight,tomato_dataset,acf62eba85b0d7189aa3c97a20bd55ff95daa9282e8701a4f93df16b3c713298,2554
bounding_box_dataset/tomato/train/late_blight/81620.jpg,late_blight,tomato,2f9f038fdc82eadae512a407da32da74d5d24cf4b9e15c6685ec609f3a765ea5,2554
bounding_box_dataset/tomato/train/late_blight/81633.jpg,late_blight,tomato,322401334fe6293df99409a035494a7f3491fe4ec819371300203746a0b42a08,2565
clean_dataset/tomato_dataset/train/late_blight/81633.jpg,late_blight,tomato_dataset,42f9c259acf908b89709e6686c48b3fdadc2c9f889b3b9c3aaefd53dc15a661e,2565
clean_dataset/tomato_dataset/train/late_blight/81639.jpg,late_blight,tomato_dataset,ebd551d01ec0a9b08be72c40573191b4db6fe17a6b3e6d87b7095c859d65d0fa,2569
bounding_box_dataset/tomato/train/late_blight/81639.jpg,late_blight,tomato,71d7bcb2b9678fe0d36cbb9955c13f145e901b0f02a6ed660cfa552dc8b8f183,2569
bounding_box_dataset/tomato/train/late_blight/81641.jpg,late_blight,tomato,6167c1845294e00705b3bbeb25bf96a3dac66691c38ebb5985ed6a80ad349c28,2571
clean_dataset/tomato_dataset/train/late_blight/81641.jpg,late_blight,tomato_dataset,e7efe895ed5a4b45d3ef45276a0d740dbe407cd98641d93dc4d2c7af4cd5c0bd,2571
clean_dataset/tomato_dataset/train/late_blight/81642.jpg,late_blight,tomato_dataset,88924bfa8e43db893342f04e4e235ff80989e0879925ef7adc885a5f6610fb96,2572
clean_dataset/tomato_dataset/test/late_blight/83050.jpg,late_blight,tomato_dataset,8dd2d03529bd82807b5d950544402a5454f79f9c710664e00916ee63f480754f,2572
bounding_box_dataset/tomato/train/late_blight/81642.jpg,late_blight,tomato,7c69d0f6f7e7763813b6faf9fab84d42773163b5f57c9d9dab1bacd4caebeb54,2572
clean_dataset/tomato_dataset/train/late_blight/81645.jpg,late_blight,tomato_dataset,86a51c2b2e05cb0f8fd06f8f74d74b98dc87beec40d991fb6287a2d5b9151820,2575
bounding_box_dataset/tomato/train/late_blight/81645.jpg,late_blight,tomato,fe8e1a8ae2f675ecf21297cb0f1bda84a6e36cf58c7f98c674c9b61e8093ae75,2575
clean_dataset/tomato_dataset/train/late_blight/81663.jpg,late_blight,tomato_dataset,2efb9db0b071e70b53ac4e2a2ed7952c00af55886baa0fece3fcb061c12f0f28,2588
bounding_box_dataset/tomato/train/late_blight/81663.jpg,late_blight,tomato,d05ea114dd210426faaae28e57ed367cea807b3f37077719a45f92540311facb,2588
bounding_box_dataset/tomato/train/late_blight/81666.jpg,late_blight,tomato,dc98778b5df13f37de48d984f08844ee6291b5c9db083dfcea8bad128c40aee4,2590
clean_dataset/tomato_dataset/train/late_blight/81666.jpg,late_blight,tomato_dataset,9513da0200f8caf28ddb77749816e62d83ba124a67cd4751c79714caa04442a4,2590
clean_dataset/tomato_dataset/train/late_blight/81669.jpg,late_blight,tomato_dataset,c06acaf2d5e209c68cb6e7b8256cd776812242b3eeca558e80024539f47609f9,2593
bounding_box_dataset/tomato/train/late_blight/81669.jpg,late_blight,tomato,e4cda662414ebd45c255b152bdefe54e24eac0a9428bd00a182f8166a33c3a0a,2593
bounding_box_dataset/tomato/train/late_blight/81679.jpg,late_blight,tomato,518048d0c36b1d01cd33244a2c0b20b0d3b17444b3f9ec38d75f769ba9a7383a,2600
clean_dataset/tomato_dataset/train/late_blight/81679.jpg,late_blight,tomato_dataset,c69dd06062ffb9717b8a498b43b542c132d0544789f20655f919f6f54e9a9116,2600
clean_dataset/tomato_dataset/train/late_blight/81681.jpg,late_blight,tomato_dataset,aaedc9bd3b07000cfced19b18b20677b1bca7b45a8f0d6de1fb349105e0ec75e,2602
bounding_box_dataset/tomato/train/late_blight/81681.jpg,late_blight,tomato,20279661f2b7c332a28d02aef04783d044a9123e797cdef42d3767d60cc7fd43,2602
bounding_box_dataset/tomato/train/late_blight/81683.jpg,late_blight,tomato,63403dae4b5dad78ee64243ae0d12ecc2f568c6e156754999efa4846e6f4e9ec,2604
clean_dataset/tomato_dataset/train/late_blight/81683.jpg,late_blight,tomato_dataset,bb0e16bece09acce65bdb046b491f8623260fdcae8b1c02cbaf12e4a428744ae,2604
clean_dataset/tomato_dataset/train/late_blight/81692.jpg,late_blight,tomato_dataset,deaf120e715c3c0ed176ea38e39e47dc4abef207d7e9af10577b3b413491ceec,2608
bounding_box_dataset/tomato/train/late_blight/81692.jpg,late_blight,tomato,8fa9889afb982a9549dc208789c38ecfaebd0ee021f52aaacfb07b458819486a,2608
bounding_box_dataset/tomato/train/late_blight/81726.jpg,late_blight,tomato,bb589512d80cd04286d19a2fc9ee86bd6e87807a6428ae5baf3254439a66be23,2628
clean_dataset/tomato_dataset/train/late_blight/81726.jpg,late_blight,tomato_dataset,00168771766840472725e14e3e39f1149c94e562e65f606ed5e5970b2e4bf010,2628
bounding_box_dataset/tomato/train/late_blight/81727.jpg,late_blight,tomato,5d822ac31acb1cb4931b2fdadadc2f7becffa223dbf9fbc3267e966a33378301,2629
clean_dataset/tomato_dataset/train/late_blight/81727.jpg,late_blight,tomato_dataset,87277ad48c24a71e0f401dbd4c301b04fb5cb808e414d56d73b416246dea125f,2629
clean_dataset/tomato_dataset/train/late_blight/81733.jpg,late_blight,tomato_dataset,9e8c68165c2e00f56059c85210fb98efb49061c7041a44eb15c517e839124f16,2633
bounding_box_dataset/tomato/train/late_blight/81733.jpg,late_blight,tomato,7a52678428dc92844a5e8ee9b980e0b6b8098e2d5b041629a039d9d9131479eb,2633
bounding_box_dataset/tomato/train/late_blight/81742.jpg,late_blight,tomato,be2c46923673e0a858a2cc27160a7c3ec028f8c0f8de5b2672be96dce2ded66d,2642
clean_dataset/tomato_dataset/train/late_blight/81742.jpg,late_blight,tomato_dataset,e72b8907df8fb82d8b88018dd21da57f0634df6ff15be7b31333414e2058932b,2642
clean_dataset/tomato_dataset/train/late_blight/81749.jpg,late_blight,tomato_dataset,5656d782b82b27bd85e1f306101ea1b5c240941abb10decb1f6a3957236cbb72,2647
bounding_box_dataset/tomato/train/late_blight/81749.jpg,late_blight,tomato,a25e25b45af8a7e7fdf85d9834601f22bcf25af384bb2ffe83950047793a77f8,2647
bounding_box_dataset/tomato/train/late_blight/81753.jpg,late_blight,tomato,41f842d6874e542571ea2be4314945f846bc5544103fa3b16eb56d172f528fbb,2650
clean_dataset/tomato_dataset/train/late_blight/81753.jpg,late_blight,tomato_dataset,d07aeb962a31615aa4cb352aa520bf44c1cd2c15797a59b8500524fd114fb4a7,2650
bounding_box_dataset/tomato/train/late_blight/81755.jpg,late_blight,tomato,63d8634ffc3072efb46cb90abf7fbf441f0520ca49dff1ec0a3d82d41ec152e3,2652
clean_dataset/tomato_dataset/train/late_blight/81755.jpg,late_blight,tomato_dataset,049d98e9773497454008a60a53848f7a8f02eb6197dc2602aa14bc6f40c2ff37,2652
clean_dataset/tomato_dataset/train/late_blight/81756.jpg,late_blight,tomato_dataset,7282ea91b37c7cc629e668965ed3e8dab36b5d5290681b38c8ae4b16c7de2a11,2653
bounding_box_dataset/tomato/train/late_blight/81756.jpg,late_blight,tomato,763f2ecd99af5ecd8c1b5b37b0ca3489bcbd8a8ce10261b9f9464994e08a5bde,2653
bounding_box_dataset/tomato/train/late_blight/81757.jpg,late_blight,tomato,badf6054310ff49369155726877cb0a60e723bbae2774fc4d317a6977b5e98f7,2654
clean_dataset/tomato_dataset/train/late_blight/81757.jpg,late_blight,tomato_dataset,25a2fc5db4dbbad7b2d920349f92d0fa1fcad4f623d133976a551251fd7e44e2,2654
bounding_box_dataset/tomato/train/late_blight/81758.jpg,late_blight,tomato,722a6d79b2c0f98fb077fb8a20ce8d387231f014476a74c6bbbb185195527ba3,2655
clean_dataset/tomato_dataset/train/late_blight/81758.jpg,late_blight,tomato_dataset,fe30d1522a7a4ad632f7219a372c69906cddf097e408c3773aefe7b29cd87485,2655
clean_dataset/tomato_dataset/train/late_blight/81760.jpg,late_blight,tomato_dataset,9643fecd0651d96d7532ea90e35f290780425000d3c506e84ff6e15c84c5f38b,2657
bounding_box_dataset/tomato/train/late_blight/81760.jpg,late_blight,tomato,6e383e1e0f8df160714e50b98906e56757f73da3371f9e91a06d3f97108fbd69,2657
bounding_box_dataset/tomato/train/late_blight/81761.jpg,late_blight,tomato,8d2834a5793dd2256020faf7e51e90930b93047e467e2e853e2ac9b921c2bd0c,2658
clean_dataset/tomato_dataset/train/late_blight/81761.jpg,late_blight,tomato_dataset,b34ebbe270eaabe712e950a163cc02a6377d8c6aec7be65f8c69ec6cd954e7c1,2658
clean_dataset/tomato_dataset/train/late_blight/81767.jpg,late_blight,tomato_dataset,01f55d0a026cd49fc8eb62124991395276893d9656f3d4971d312e5967f947ef,2661
bounding_box_dataset/tomato/train/late_blight/81767.jpg,late_blight,tomato,c2e7a9b3e05f8ff1c7d9e3066ea15c033134ca505328459963556e45c55da222,2661
bounding_box_dataset/tomato/train/late_blight/81769.jpg,late_blight,tomato,049a7441e4a633d70eef6a86086cd341ce13e076837f9477d16c0d352e960c13,2663
clean_dataset/tomato_dataset/train/late_blight/81769.jpg,late_blight,tomato_dataset,1e4a8d63424850e6617d36e8f6cac3a7e7770b187826055078593ebfc81ed87c,2663
clean_dataset/tomato_dataset/train/late_blight/81771.jpg,late_blight,tomato_dataset,09a3e96559a88eb504ba86f071ccaf3d619f58076ef7f57f5f84202e8652678d,2664
bounding_box_dataset/tomato/train/late_blight/81771.jpg,late_blight,tomato,1ff92724c329ac9332327ee9524f5b25b60a7c9de63aedb20841141d7ab216cc,2664
bounding_box_dataset/tomato/train/late_blight/81773.jpg,late_blight,tomato,ca0e08d489eda12e53cbb40107aa4fe281e8326f5483f993ee8ecb2ccedda5e1,2666
clean_dataset/tomato_dataset/train/late_blight/81773.jpg,late_blight,tomato_dataset,803bda58ee3ceb80c5d571a8c8ff6d18dbbfecebe30173540a61afdccbaeede7,2666
clean_dataset/tomato_dataset/train/late_blight/81774.jpg,late_blight,tomato_dataset,f099110c42c0aa96a24506bdc0e6744772f667d433ae7f2b901d02748983bc2c,2667
bounding_box_dataset/tomato/train/late_blight/81774.jpg,late_blight,tomato,f7dcfe37a663b85ef289a73ab6d2e6c970863eafdc370c2ef527f41128c91e7d,2667
bounding_box_dataset/tomato/train/late_blight/81775.jpg,late_blight,tomato,be12a367b27799f6a2e73ec1af30550e56a28e0901adabdc0e73efd5c1d8a399,2668
clean_dataset/tomato_dataset/train/late_blight/81775.jpg,late_blight,tomato_dataset,d4e198197603c5512b0b5e857f63a0c6527a48a600088f71869339427b236f38,2668
clean_dataset/tomato_dataset/train/late_blight/81779.jpg,late_blight,tomato_dataset,c208a750226c3a595546237293345cff6c172c55d5c05d9ddef85fb155fdf439,2672
bounding_box_dataset/tomato/train/late_blight/81779.jpg,late_blight,tomato,22536b16870d42d9de01e809f568a2f25f8d62cd185bdfa2ff8d36a906c5e32a,2672
bounding_box_dataset/tomato/train/late_blight/81780.jpg,late_blight,tomato,4b2ff874722869beee4f5bf6266ba10c6fa501fcc3f20f128bbcd35a2972fdd2,2673
clean_dataset/tomato_dataset/train/late_blight/81780.jpg,late_blight,tomato_dataset,ef6c47cebb1e5aa60a1f9c10f2e5e8adf01eb9c48522d0f30f0913bb752c8a86,2673
clean_dataset/tomato_dataset/train/late_blight/81781.jpg,late_blight,tomato_dataset,0d6bdeb1bbdfc66f00d84ed2bcf725893dd53a26ec4cbcb35debed2e62c97f68,2674
bounding_box_dataset/tomato/train/late_blight/81781.jpg,late_blight,tomato,0f7fd568970d5d690ff3a015f14b798bb73bef0cc4cf570f108578fcf361362f,2674
bounding_box_dataset/tomato/train/late_blight/81782.jpg,late_blight,tomato,a234f1f9016f0c022612a738bed6ef82858aa83ca207a321fe0e35eb9190adc0,2675
clean_dataset/tomato_dataset/train/late_blight/81782.jpg,late_blight,tomato_dataset,24cb69a5776e674bc58966ef116c57d9aeff4eb7ceeb3a58152a6567b00a6f15,2675
clean_dataset/tomato_dataset/train/late_blight/81786.jpg,late_blight,tomato_dataset,4f6ad380f90ae5f74537ef47a9904c24c204538306bcb15f20e1f5d870d6654e,2677
bounding_box_dataset/tomato/train/late_blight/81786.jpg,late_blight,tomato,bdbb9a27fa41f497385373d7a1f191c20f35d4c8c121c3d4573d98228b7b1809,2677
bounding_box_dataset/tomato/train/late_blight/81788.jpg,late_blight,tomato,b93f1d77476485b603b13bfc989e841c5441c624324af6b3a4c05e1440fa77d8,2679
clean_dataset/tomato_dataset/train/late_blight/81788.jpg,late_blight,tomato_dataset,38be7af56a3d4edba13b234faffe9a1697b3469e9f4c7eaf9e8bf4e29cf51deb,2679
clean_dataset/tomato_dataset/train/late_blight/81790.jpg,late_blight,tomato_dataset,8814a1227733024eee19532d5fa0b71d71800d1ba99b37d0041572c65d6b2bbb,2681
bounding_box_dataset/tomato/train/late_blight/81790.jpg,late_blight,tomato,c86a088fe2e885ade59df9c6241dd0fbf68c1244229fd15dbebd9f93c9fa464c,2681
bounding_box_dataset/tomato/train/late_blight/81796.jpg,late_blight,tomato,09064daca604e8446e51c81b2eeed20bf623b61250e2136455f46700787a6386,2686
clean_dataset/tomato_dataset/train/late_blight/81796.jpg,late_blight,tomato_dataset,29bbbcde28ad284fb3cd305faf36e9c6123cbfe87da3aaa8dd200f81b6ef0920,2686
clean_dataset/tomato_dataset/train/late_blight/81801.jpg,late_blight,tomato_dataset,2df6eaa82e0bec70d9f1ce90eeb303c29e681eab50da0537087798d4f10c026e,2688
bounding_box_dataset/tomato/train/late_blight/81801.jpg,late_blight,tomato,a1af03b106847f44083c75e9471f01b93d2b0c92d3332a4bac7c86031d7acd80,2688
bounding_box_dataset/tomato/train/late_blight/81811.jpg,late_blight,tomato,821d3f4ab8e736f236295c65f1655708e53471af4ed3eda413c08db70c33f3d9,2696
clean_dataset/tomato_dataset/train/late_blight/81811.jpg,late_blight,tomato_dataset,bf1ad4b9396c798c08ad71329aed72b2f2651fa56cbd043bbf129c3738db1742,2696
clean_dataset/tomato_dataset/train/late_blight/81816.jpg,late_blight,tomato_dataset,09825ec4ca8ea44b81360767280d7ef0c4c6d4c08f2f6e906b04b52d81e0ef18,2698
bounding_box_dataset/tomato/train/late_blight/81816.jpg,late_blight,tomato,9e6dd4137090ea72bc18364f6160d9bbefe1d86f00441f3b783db130ce149296,2698
bounding_box_dataset/tomato/train/late_blight/81818.jpg,late_blight,tomato,7ccb8f069553040d7061118c61b723d7bf95009a42ac6640935c8e9d2b50aabf,2699
clean_dataset/tomato_dataset/train/late_blight/81818.jpg,late_blight,tomato_dataset,d0d13313b5c82a8463e7f974b7b216cd9e0d42619a18c6f6d794023b5c5f239b,2699
clean_dataset/tomato_dataset/train/late_blight/81824.jpg,late_blight,tomato_dataset,a25365bec9771ce576c87f62aa2626b7a8eb62c36c99e2dc228920132efe2048,2703
bounding_box_dataset/tomato/train/late_blight/81824.jpg,late_blight,tomato,2bd8c15968002d77792881eafb552d141b1d31e4f496c2fa6e1144658d6e259c,2703
bounding_box_dataset/tomato/train/late_blight/81827.jpg,late_blight,tomato,5fec886bc5f88b744a33cdea30a19b64810b35e7046138d8940041adfd57c111,2706
clean_dataset/tomato_dataset/train/late_blight/81827.jpg,late_blight,tomato_dataset,1652595affbfde3213a68ff773153c1ef4e4a38bf947f35510f3b3b1dca29569,2706
clean_dataset/tomato_dataset/train/late_blight/81830.jpg,late_blight,tomato_dataset,d432f8ee30f758b4080426252cd51dddc59aab66224e2fb1748bc2c35f9ca60b,2709
bounding_box_dataset/tomato/train/late_blight/81830.jpg,late_blight,tomato,66386a78f3fd1d0e03bfd2ef8ed437453b4df4a71d3fd83fbdb9f061df537516,2709
clean_dataset/tomato_dataset/train/late_blight/81831.jpg,late_blight,tomato_dataset,6a650ea227b6e6d1d3d551f88a91c56d587f871ee146f116f336a2a64ea85143,2710
clean_dataset/tomato_dataset/train/late_blight/81843.jpg,late_blight,tomato_dataset,fd2713eee6d391fa8fd9980b39f0db630cee03ebfd5e9e33e6a0a1b583fb172c,2710
bounding_box_dataset/tomato/train/late_blight/81833.jpg,late_blight,tomato,b3f4a2f2fd2e9a561416df8688ef5e333560c2a905616d04e37d9f155a1d1ecd,2711
clean_dataset/tomato_dataset/train/late_blight/81833.jpg,late_blight,tomato_dataset,357307736a13b5136da76344836dc1ba2faee2fed6ec0dcf3e45d3a5c7900dc7,2711
clean_dataset/tomato_dataset/train/late_blight/81835.jpg,late_blight,tomato_dataset,efd914c94336d4224afabbe4374016a10a15ed54801397daae825a4d288b1ddb,2713
bounding_box_dataset/tomato/train/late_blight/81835.jpg,late_blight,tomato,ef0f02b9772c17f37c7cdc5ae0f523bd48f2a05c34264a210f94e6bfd3c1fffe,2713
bounding_box_dataset/tomato/train/late_blight/81837.jpg,late_blight,tomato,da10a98c5f3eebaf881a3992b0f6c0a1f86ac6c74c1076814c32145429f0f60b,2715
clean_dataset/tomato_dataset/train/late_blight/81837.jpg,late_blight,tomato_dataset,9db632265ed688f205c16f35ae1a1638933d4245c4eb37b38a65d496b3d02094,2715
clean_dataset/tomato_dataset/train/late_blight/81839.jpg,late_blight,tomato_dataset,fb67b1c5c01059eb4416f07240478cedfa14de5c2453bba23fdb7ddc778d1c9e,2716
bounding_box_dataset/tomato/train/late_blight/81839.jpg,late_blight,tomato,94fd6681791dba4133376c735440c834663487a2e18a24ef2b76ce4850401ebf,2716
bounding_box_dataset/tomato/train/late_blight/81854.jpg,late_blight,tomato,43ea035ec5531a527ffb1ba8602dbf3f5c1a3b1d5c380cdd6458872a59db6e30,2725
clean_dataset/tomato_dataset/train/late_blight/81854.jpg,late_blight,tomato_dataset,696f1454bfdf85d34ec0050157a857859a62832d43bd47ca94ee86a42edc425d,2725
clean_dataset/tomato_dataset/train/late_blight/81862.jpg,late_blight,tomato_dataset,740cc221791f847e0d8c3f20f8ce3b10aafb5d93557407e6528e4d9d3d21f1d0,2730
bounding_box_dataset/tomato/train/late_blight/81862.jpg,late_blight,tomato,59767fdbd43956ee04ab24f363452411977771e2fde30cdc1623bc0022b4e15e,2730
bounding_box_dataset/tomato/train/late_blight/81873.jpg,late_blight,tomato,11aa511b98afc4b8d5736edbf64d97cec54968947e7a06e8026dde12a10b295e,2737
clean_dataset/tomato_dataset/train/late_blight/81873.jpg,late_blight,tomato_dataset,c94a456c514cf7537529ad878ff4799770d0f77500540726d751164f2e18a84b,2737
clean_dataset/tomato_dataset/train/late_blight/81879.jpg,late_blight,tomato_dataset,a45fddf66f0bbe712adda8043d01be6f9b84d667503cdb4cd50ab19b28837944,2741
bounding_box_dataset/tomato/train/late_blight/81879.jpg,late_blight,tomato,f22d643d31738497b2d926d641fd7f7c87d5ea12656a6605a67d4fc04130aa16,2741
bounding_box_dataset/tomato/train/late_blight/81880.jpg,late_blight,tomato,3eb1a3d77fccaff0df75e661813e78183c2dfa262bdb30686d13ff995f8f6d8c,2742
clean_dataset/tomato_dataset/train/late_blight/81880.jpg,late_blight,tomato_dataset,839c1c1e2321b6eb55a4dcef73d05c43d1cd68f0ea29d7c1e31f0326630d4aa4,2742
bounding_box_dataset/tomato/train/late_blight/81884.jpg,late_blight,tomato,bca3dcb398590c4633d7deff123faa116626d37e520bf9a729fcefc07815b3ac,2746
clean_dataset/tomato_dataset/train/late_blight/81884.jpg,late_blight,tomato_dataset,ea1a438071ec5916337dcd643f2e2618ca208cdbd937981330437d910b2d2bb5,2746
clean_dataset/tomato_dataset/train/late_blight/81886.jpg,late_blight,tomato_dataset,71796c69ed8d722be42383b879743fc4be443278b549f095077513f074846760,2748
bounding_box_dataset/tomato/train/late_blight/81886.jpg,late_blight,tomato,68477fbc5cd26f4b8c73265271775dc0bb2f5d1c475a747d8d0979bafcc26ddf,2748
bounding_box_dataset/tomato/train/late_blight/81887.jpg,late_blight,tomato,40a86794e89c1e94f75337660fcc18bac0fbcb4ded2ef73041791d93d16135a6,2749
clean_dataset/tomato_dataset/train/late_blight/81887.jpg,late_blight,tomato_dataset,e013460ae292a9e7e7f008303b4c84cc2ca7d4952a7d9deb923ef58a355f834c,2749
clean_dataset/tomato_dataset/train/late_blight/81888.jpg,late_blight,tomato_dataset,03a359f5bbb7e2b2a5559a0f8942a2c7c316c483eb20e9c832f22ad2aaf653ee,2750
bounding_box_dataset/tomato/train/late_blight/81888.jpg,late_blight,tomato,091b1388ae5316990b2b2db9dfeecd60d3c8cd1efb7bb548e9a50a0fc782a2bb,2750
bounding_box_dataset/tomato/train/late_blight/81889.jpg,late_blight,tomato,49cb87d9adc9465fdbdc0a9a03f395eadbe8437cf782ae31552f89c49fc1255a,2751
clean_dataset/tomato_dataset/train/late_blight/81889.jpg,late_blight,tomato_dataset,446115d3b65a17dcaf8c0d0638a6965a44140bdfcc7d4c291dbd110b502c24d9,2751
bounding_box_dataset/tomato/train/late_blight/81899.jpg,late_blight,tomato,e6f03e43bd370af2e7c519b48dc6034ebc695335e178a04e7844c4f5990cc4b4,2759
clean_dataset/tomato_dataset/train/late_blight/81899.jpg,late_blight,tomato_dataset,e36e6a3de559ddd35823e26e06c6aed271fc1093f71744ae2fd1673ca3b34c9e,2759
bounding_box_dataset/tomato/train/late_blight/81913.jpg,late_blight,tomato,9696bf9371dfd1fd740b95446ad1efe391066034c165e7d09544417d8e64d325,2769
clean_dataset/tomato_dataset/train/late_blight/81913.jpg,late_blight,tomato_dataset,a7801ded7694986eaed28c9fc9eeae787b9833634ea736c8d15676fe396e009b,2769
bounding_box_dataset/tomato/train/late_blight/81922.jpg,late_blight,tomato,7f16c9c3d0ef4eec1afdc3652ad8d4cc64cec2c8fd7c9ec3e740b57224fd43d9,2776
clean_dataset/tomato_dataset/train/late_blight/81922.jpg,late_blight,tomato_dataset,0b11af8d1ad344fd8712a72414670167596d631c98f9b712c2b84868fd7f677a,2776
clean_dataset/tomato_dataset/train/late_blight/81924.jpg,late_blight,tomato_dataset,b0e5ebef57472ecbf41307755934cd8104c0fc34d0aeab6aa7fccd0f46d1e623,2777
bounding_box_dataset/tomato/train/late_blight/81924.jpg,late_blight,tomato,2b17dc9e7bb1cb166dab5a38514d4651fb1c597e4faf169c71f76d3d22556680,2777
clean_dataset/tomato_dataset/train/late_blight/81931.jpg,late_blight,tomato_dataset,40bb40b2d32350275ecc881f50d1a53bcc0a161ab6a3bbf5b6505e0742ace270,2779
bounding_box_dataset/tomato/train/late_blight/81931.jpg,late_blight,tomato,50b804affefc46ae23e64b5b83aeabfe9aacfca06000cd64dea048b831168589,2779
bounding_box_dataset/tomato/train/late_blight/81932.jpg,late_blight,tomato,770104c57e6e9aa4641e282c47d21afd2396fe5f67c37255d80a22dc397f28c6,2780
clean_dataset/tomato_dataset/train/late_blight/81932.jpg,late_blight,tomato_dataset,05be7726566daa89650ebe72002ed0876ee34ea639d518b0b62a55ff16b1548d,2780
bounding_box_dataset/tomato/train/late_blight/81934.jpg,late_blight,tomato,0f1592badd274786c83e621d945aa545e9d70a3e0e295f4c69791618a13fdfb0,2782
clean_dataset/tomato_dataset/train/late_blight/81934.jpg,late_blight,tomato_dataset,81d8f781c9674cd08c7cb29801bea28ea17cf1ae982c34d5e289351fa90c3b9f,2782
clean_dataset/tomato_dataset/train/late_blight/81944.jpg,late_blight,tomato_dataset,c0c77d713e4b7d273de4037e2ba452c1cf2b4d2fc63cb7f825c5cb6cafdbd344,2788
bounding_box_dataset/tomato/train/late_blight/81944.jpg,late_blight,tomato,3f5c6b116cb655746d6fda8187d48a1c0e7a0136de701d9f9784d50555fa5c89,2788
bounding_box_dataset/tomato/train/late_blight/81949.jpg,late_blight,tomato,ff57ba433cc72d0c7d01fa99f6b2cc7a26fe7ce2567b40109eb210f16cdf95b2,2791
clean_dataset/tomato_dataset/train/late_blight/81949.jpg,late_blight,tomato_dataset,d1a061eddb962f4159051b469364747a8d535f4bc134e00efb95a69dc55d91a7,2791
bounding_box_dataset/tomato/train/late_blight/81951.jpg,late_blight,tomato,449677908be21e3e92d818fb427ea191bbff8a0a78f480346571a7f6ecc9da6e,2793
clean_dataset/tomato_dataset/train/late_blight/81951.jpg,late_blight,tomato_dataset,77e28a35aabf78c4d0013c2a99e8e141fef2e3845217312c09872c04be472625,2793
clean_dataset/tomato_dataset/train/late_blight/81956.jpg,late_blight,tomato_dataset,8ce0967336b354982417ec7dabe45656a21042e08b33bbfd3aa5354f4666f8c2,2798
bounding_box_dataset/tomato/train/late_blight/81956.jpg,late_blight,tomato,70a5fc6a3857ec17f31b57b3686982793952cfc5470f1493e5985771c0bfb5ee,2798
bounding_box_dataset/tomato/train/late_blight/81959.jpg,late_blight,tomato,0154378ead796353e806a210adcc2cb6bc98c52f10f683995663fc12cbcef3d2,2800
clean_dataset/tomato_dataset/train/late_blight/81959.jpg,late_blight,tomato_dataset,50193fea0f4300ea148b369279d4a5863cc5189aae2e411fbfbb5510cace28f3,2800
clean_dataset/tomato_dataset/train/late_blight/81967.jpg,late_blight,tomato_dataset,b93772bfd49b99bd25e43bcdcdd1e3e5d8987b8e3446f658c5ece35ce300a5f0,2806
bounding_box_dataset/tomato/train/late_blight/81967.jpg,late_blight,tomato,c661127b8c0a9d6d78af64036099723f4a294bd52235a7e0586e06937ab0216d,2806
bounding_box_dataset/tomato/train/late_blight/81970.jpg,late_blight,tomato,32f81781d07ee7266ddc4dffe9f7405d9a75d7c62d1b9391ceff73789e52cbc7,2808
clean_dataset/tomato_dataset/train/late_blight/81970.jpg,late_blight,tomato_dataset,3872b6e763d0153ffaeed68bf1dcc9c6f9dbea05abecbe018b83a46197887aae,2808
clean_dataset/tomato_dataset/train/late_blight/81973.jpg,late_blight,tomato_dataset,b9218c17dde27c05e5720cfca00b077379e3ed08ee9fe66120531e08ad24643b,2809
bounding_box_dataset/tomato/train/late_blight/81973.jpg,late_blight,tomato,a0d9f7c1121720f31426c3a92a3c2b190b71e700693f384f3707a587cdc022c4,2809
clean_dataset/tomato_dataset/train/late_blight/81974.jpg,late_blight,tomato_dataset,1a03941971a3adfd5742e99da1984bde4ba7f7bd8e511be2c4335bde2bb91976,2810
bounding_box_dataset/tomato/train/late_blight/81974.jpg,late_blight,tomato,848c2bfba2f0668805eb2f397e0ed65dc719750cc1aa784cd22490f35d5c9d75,2810
clean_dataset/tomato_dataset/train/late_blight/82974.jpg,late_blight,tomato_dataset,c990fb46c923aadbaee85ada90f31796eb1f35772f373bbd3f73a4293608d12a,2811
clean_dataset/tomato_dataset/train/late_blight/81975.jpg,late_blight,tomato_dataset,6486a917cf50354abc22f65a53b50ca2b2d348af5d2afee2bd918e8d94061e9c,2811
bounding_box_dataset/tomato/train/late_blight/81984.jpg,late_blight,tomato,427a60d81cc2b61ee2ba1c9ee21b2b2b8d7f955fa369cfa25e68f00b6d987b68,2816
clean_dataset/tomato_dataset/train/late_blight/81984.jpg,late_blight,tomato_dataset,729ca45ef0d52869d0fafc03064e264850fb7cdd86bda0ff7c8d2b2df2001966,2816
clean_dataset/tomato_dataset/train/late_blight/81989.jpg,late_blight,tomato_dataset,4698da03253aa1734bab71b9184dadcdfc808092280a748520f2ed9134fc9756,2820
bounding_box_dataset/tomato/train/late_blight/81989.jpg,late_blight,tomato,b800cd425d56fcba176a7bb090ab8310969025b2d808e9b54bd6251ff1338005,2820
bounding_box_dataset/tomato/train/late_blight/81991.jpg,late_blight,tomato,20f2ffc7b8f07c7071186f67e9887e2ea6fa4e155461de7ead01b947285bfbc6,2822
clean_dataset/tomato_dataset/train/late_blight/81991.jpg,late_blight,tomato_dataset,10acc0c5965e1f8f59d3dc481b1a3cc510dd3396cf722fc160a5ed2b4b276501,2822
clean_dataset/tomato_dataset/train/late_blight/82000.jpg,late_blight,tomato_dataset,23c4150f8e59ff18e52a70a283ae67bd131d2702abe0416938cf7a8804ef2d4d,2827
bounding_box_dataset/tomato/train/late_blight/82000.jpg,late_blight,tomato,4eb10fd89052ccb83f7fa2db3d06470b0a4e0f9e132d3745475abd682e385040,2827
bounding_box_dataset/tomato/train/late_blight/82002.jpg,late_blight,tomato,a7591202b28e55cca98d07384892e000ca9e6bbb6b5d6fb93a3cd2e846cedd5a,2828
clean_dataset/tomato_dataset/train/late_blight/82002.jpg,late_blight,tomato_dataset,7ec664b74ff6fd2fb509bb22ab25ad6da41df91e5760046d87eb56326963b95f,2828
clean_dataset/tomato_dataset/train/late_blight/82024.jpg,late_blight,tomato_dataset,5c43cb9ed1c12f64da3617a51c940da583f851ae70947cd3dff8018f2d7ee671,2838
bounding_box_dataset/tomato/test/late_blight/82236.jpg,late_blight,tomato,966208d28ff9f18c2291b77ab92fa5a9e3a4e27c06524b1a89c2886c751e31dc,2838
bounding_box_dataset/tomato/train/late_blight/82027.jpg,late_blight,tomato,645020bdb7f29ac2f1d70b216dd76ee06b1330dede256452952a42337f29b435,2840
clean_dataset/tomato_dataset/train/late_blight/82027.jpg,late_blight,tomato_dataset,40a0f9e99bf8f56824616a24833b1c69fa6aca8ff5418c605e10b16bb0c99298,2840
clean_dataset/tomato_dataset/train/late_blight/82032.jpg,late_blight,tomato_dataset,f06ae99951d43970c242cf5f9377787df89d6e9cce7f34cbd7327288324f47c6,2843
bounding_box_dataset/tomato/train/late_blight/82032.jpg,late_blight,tomato,04a7f26475a7acb453af92393f5ad14174c31ca08f481025f29ae1ef96b9410e,2843
bounding_box_dataset/tomato/train/late_blight/82049.jpg,late_blight,tomato,9ba5756a6bfa58a4c63ba2fd9621713181a28f0a441591da32e3df945d62b0ed,2854
clean_dataset/tomato_dataset/train/late_blight/82049.jpg,late_blight,tomato_dataset,644f2d5773431a133eddc746a3c826835f992e377a7460b34a81f3819ac28849,2854
clean_dataset/tomato_dataset/train/late_blight/82057.jpg,late_blight,tomato_dataset,f8b00a1e351fd2dfd4428a924732b01d02bf51bdc4ba039243e64c19c3f356b3,2858
bounding_box_dataset/tomato/train/late_blight/82057.jpg,late_blight,tomato,a61ba8d82beac820aa5a45cbaefdf18a68366912c582bfee4ce57532ff149c78,2858
bounding_box_dataset/tomato/train/late_blight/82061.jpg,late_blight,tomato,c18c16b19beccaa3150b8215f07d0f8f0201cc15340f6a63215ed772edb072c4,2861
clean_dataset/tomato_dataset/train/late_blight/82061.jpg,late_blight,tomato_dataset,a5f202ac65861b27a108ef12054ff9f6a0ce3e0ce1349514653921e1e16320dd,2861
clean_dataset/tomato_dataset/train/late_blight/82063.jpg,late_blight,tomato_dataset,c5029e14e39c190ee1fca077a56817aed53d5fbe9d9d0062c432ba634a34cd47,2862
bounding_box_dataset/tomato/train/late_blight/82063.jpg,late_blight,tomato,7fedf468ff721cf652156690ca2eea026f9cb8270319ae9eb4e89e2248520515,2862
bounding_box_dataset/tomato/train/late_blight/82085.jpg,late_blight,tomato,522e548bf10f3090433d2b10aa1275ff9dfb9ff2344772c7bb029df6c35f7f6e,2873
clean_dataset/tomato_dataset/train/late_blight/82085.jpg,late_blight,tomato_dataset,420f559c85431efd57c3cd9334f142f37ee05e23675be504a5b8fb595362c762,2873
clean_dataset/tomato_dataset/train/late_blight/82086.jpg,late_blight,tomato_dataset,9c948557f86666f2030a27fb2e419fc113c3b9d013f8fa019683cfe58d295d53,2874
bounding_box_dataset/tomato/train/late_blight/82086.jpg,late_blight,tomato,338cc9e66a736055a9d168f098afbc8456254e026d8380eb7b37b4002e6468a8,2874
bounding_box_dataset/tomato/train/late_blight/82088.jpg,late_blight,tomato,a252292f4e33516418a38d982f8f15ae1e1fd96b5b0c2848602d4df87665ee80,2875
clean_dataset/tomato_dataset/train/late_blight/82088.jpg,late_blight,tomato_dataset,461389abde2c9d01624282a27f22a490af3c37b96521817ec7e160adb8d4b12b,2875
clean_dataset/tomato_dataset/train/late_blight/82090.jpg,late_blight,tomato_dataset,b85b1509bed23bdb86fbf9f36bf464a951d432588fe977c648b3b7d5ed708e97,2877
bounding_box_dataset/tomato/train/late_blight/82090.jpg,late_blight,tomato,aa957c57cf1bce8c0a36f5606be4438fa9ba31f9de8ec43a3ae7f6103235435d,2877
clean_dataset/tomato_dataset/train/late_blight/82092.jpg,late_blight,tomato_dataset,1c8abb2dfc87abee1a1e906f63ce02b56f6c1de3b234d754f6333364027c21f9,2879
bounding_box_dataset/tomato/train/late_blight/82092.jpg,late_blight,tomato,afcb2e4010fa8f8e47692b368a192f27e62750e9030046488ed227c7f34f51c0,2879
bounding_box_dataset/tomato/train/late_blight/82101.jpg,late_blight,tomato,ea620c22c06b7e2a26f0a309f8724cd70ff42d1319d3bc520b9e396b68e694de,2886
clean_dataset/tomato_dataset/train/late_blight/82101.jpg,late_blight,tomato_dataset,ba1ff6000ddd0ff78c30d3f3941d159a9356fda7a34045525868935ca324ddb7,2886
clean_dataset/tomato_dataset/train/late_blight/82108.jpg,late_blight,tomato_dataset,a1a6ef24ab90482b0608aed31ce32188049f10fdd93255acf06f4c14a29639b1,2891
bounding_box_dataset/tomato/train/late_blight/82108.jpg,late_blight,tomato,7b620f89ffc53571a103fd41933fa6d54afbc2cb60fb29271e189c8a64b27808,2891
bounding_box_dataset/tomato/train/late_blight/82114.jpg,late_blight,tomato,3ef8a2b2048b21bbb22e88d1c370e6dc77bf1511f62823ea62fca17eb50d03a5,2896
clean_dataset/tomato_dataset/train/late_blight/82114.jpg,late_blight,tomato_dataset,6e9ba98a51000041f18176c0d2c72b7a099bda5e941216be8b09e290946a4008,2896
clean_dataset/tomato_dataset/train/late_blight/82127.jpg,late_blight,tomato_dataset,2eb19f51f55b6de930e578691051a097f77ab5be7206ce31d0197283d8c96ae5,2904
bounding_box_dataset/tomato/train/late_blight/82127.jpg,late_blight,tomato,6c3638ab438e90a8a909a769e9742f955a1dcee50aaa93c20e28b05b754ed10d,2904
bounding_box_dataset/tomato/train/late_blight/82128.jpg,late_blight,tomato,1e040e36b626b795f00dba8ae0aec5bb5d160643b060cb532b8dc6839a0b7670,2905
clean_dataset/tomato_dataset/train/late_blight/82128.jpg,late_blight,tomato_dataset,7fd6c95308b98ac4f0f7db8ed84b2588638869d19095774982a31206f8fb0045,2905
clean_dataset/tomato_dataset/train/late_blight/82148.jpg,late_blight,tomato_dataset,9277d0b6d1e9e26b3319f0cea851347b2d3326501e22a6a9b730ffca422bac2a,2918
bounding_box_dataset/tomato/train/late_blight/82148.jpg,late_blight,tomato,ead2328075414caaecee09467dfb5f422a211824a8f9692fa1877f2cf971bd7f,2918
bounding_box_dataset/tomato/train/late_blight/82163.jpg,late_blight,tomato,bf87ffd8f68fab5062181460221e93abced3a46f9f97782b697dd7626fa88639,2926
clean_dataset/tomato_dataset/train/late_blight/82163.jpg,late_blight,tomato_dataset,a9f366cfbf51dfa01c608a7459d67af826d5f79eb3f705b5b9e9f8e6d4bde42f,2926
bounding_box_dataset/tomato/train/late_blight/82179.jpg,late_blight,tomato,59b33ae176719fd5f3691d446652e32bc1e8fa9e6aec6779873aaf5881fc3306,2934
clean_dataset/tomato_dataset/train/late_blight/82179.jpg,late_blight,tomato_dataset,750ad92b3f9b1312e8010ea5d2cdac6dd493109183ff716a214237f3c514c8fa,2934
clean_dataset/tomato_dataset/train/late_blight/82181.jpg,late_blight,tomato_dataset,bcda4a81e15e7a9000860983dcfa07c13da4ce6794d9717dd903fe31c142bb05,2936
bounding_box_dataset/tomato/train/late_blight/82181.jpg,late_blight,tomato,4ce188adbe48fd1183e2dec71138d562222afff26f3450778eb9f14b0f8bde41,2936
bounding_box_dataset/tomato/train/late_blight/82187.jpg,late_blight,tomato,9e447b9201f5a25977e10583582904d7461db8f2bc99ad999c9a23a4677b39b1,2938
clean_dataset/tomato_dataset/train/late_blight/82187.jpg,late_blight,tomato_dataset,1f76c805bac3c18d194723454e673c7efd0bd8eb6674db46f2cb4fa0566229fa,2938
clean_dataset/tomato_dataset/train/late_blight/82189.jpg,late_blight,tomato_dataset,09a46a91bdfb357965f7af7d0724fe52388d55069375d02e930c6cee54518396,2940
bounding_box_dataset/tomato/train/late_blight/82189.jpg,late_blight,tomato,ac0638f7822ab830b24c282dbfa0339eda9432fe3de2ed7dcb5f7c038c6ff7c6,2940
bounding_box_dataset/tomato/train/late_blight/82191.jpg,late_blight,tomato,206c9137d0d40fd2a213df292240a3114b04d12202cd2def7ff7d19a97a5a84b,2941
clean_dataset/tomato_dataset/train/late_blight/82191.jpg,late_blight,tomato_dataset,dac0ca323e0d16d13ba4debf8e6eb21cfe3d9da073c167c54c2210b0d8d613c1,2941
bounding_box_dataset/tomato/train/late_blight/82204.jpg,late_blight,tomato,1ea3dcbf4e39db28003f54bb3847363dcd880d3f1d8e58c20ed2105c920282a6,2951
clean_dataset/tomato_dataset/train/late_blight/82204.jpg,late_blight,tomato_dataset,2d4c3bbced8cd9a0adb348448ab70d98d2f7cdb6cab9a54269533b862ed4b22c,2951
clean_dataset/tomato_dataset/train/late_blight/82207.jpg,late_blight,tomato_dataset,fe7c934b2a8bd7b36f9ca50b92ce94c9272be869dc97fc6bce92df031e72f76b,2953
bounding_box_dataset/tomato/train/late_blight/82207.jpg,late_blight,tomato,57513b35f45f5539f21d4525b41ab8586913b7e125faab8c183b250075aac0ff,2953
clean_dataset/tomato_dataset/train/late_blight/82216.jpg,late_blight,tomato_dataset,cc690349e526a5fb637505d854d05b5bf345d6051fcaf92e2afef47bb0585553,2959
bounding_box_dataset/tomato/train/late_blight/82216.jpg,late_blight,tomato,da761986f2663bf554c3e96038d50886c9fb9899ff686c0b3871cb4a0844054a,2959
bounding_box_dataset/tomato/train/late_blight/82223.jpg,late_blight,tomato,bec743f1b125114a124cfd11f6e41b79a3597c5c4b5a722847e4a5b1db9b79b4,2963
clean_dataset/tomato_dataset/train/late_blight/82223.jpg,late_blight,tomato_dataset,b18993ff52c20daa710aa54750ab12a9074f4924fd9509e371ff8e4db21ea92f,2963
bounding_box_dataset/tomato/train/late_blight/82228.jpg,late_blight,tomato,209280f61051a8450fa65e5fc5e099bf83b88478218e2503278120d4411e43cb,2968
clean_dataset/tomato_dataset/train/late_blight/82228.jpg,late_blight,tomato_dataset,36b59173782dd4b0b6fce525a7b77872dc62db2c460eba98d37d3a971d8735a8,2968
bounding_box_dataset/tomato/train/late_blight/82230.jpg,late_blight,tomato,83ac611389a7031da2797b9fb36816100ccde5d28057a44d8fba0cc826e8dde6,2969
clean_dataset/tomato_dataset/train/late_blight/82230.jpg,late_blight,tomato_dataset,a85227ceb362bd6f06213ce40190a8211cc79b5ab4e3d604c962f1de3dd913e9,2969
bounding_box_dataset/tomato/train/late_blight/82244.jpg,late_blight,tomato,236ce541a4e30fa3018d1cdcf0468a630ec33f47cb94132906c8926bca3fa203,2976
clean_dataset/tomato_dataset/train/late_blight/82244.jpg,late_blight,tomato_dataset,ba59d3f9dd8e6d36b04b8801e94719f75db621555bd2181e8ca76975549506a2,2976
bounding_box_dataset/tomato/train/late_blight/82269.jpg,late_blight,tomato,c48d02f6a7b3434880b928876666976924ff3a5ebcf125dfbc94de56afb9fb49,2995
clean_dataset/tomato_dataset/train/late_blight/82269.jpg,late_blight,tomato_dataset,ad8f5d5deae3e6a74db162159c09c6f044bd6e061d498762f0b5866b2bd9b1d3,2995
clean_dataset/tomato_dataset/train/late_blight/82270.jpg,late_blight,tomato_dataset,50421e1e6665fbff586f30beef4fd29967b12a44265d59f29492c058a7668515,2996
bounding_box_dataset/tomato/train/late_blight/82270.jpg,late_blight,tomato,511a6bfbecda72df66affcb8f1ae131a8d1f407965ebc854aecc14aab8b0decd,2996
bounding_box_dataset/tomato/train/late_blight/82278.jpg,late_blight,tomato,5cdccbc9cbf0061b2cf822ae76a7afde4a5f274b3a3fc53bc93369eea6fad011,3003
clean_dataset/tomato_dataset/train/late_blight/82278.jpg,late_blight,tomato_dataset,4600dcad2087b62eadfde7e02f141ad86cf91369dbaeeb99de95aaa72ee8df2b,3003
bounding_box_dataset/tomato/train/late_blight/82282.jpg,late_blight,tomato,a2169b729d8b67e5e41e4b41cfa57af1c9dff35b7ece9236e8ea6b9f51b98b25,3007
clean_dataset/tomato_dataset/train/late_blight/82282.jpg,late_blight,tomato_dataset,292cbdfc914d32b06172a490daf9ed22637deb9c4554a114c00a67ba21e14cc0,3007
clean_dataset/tomato_dataset/train/late_blight/82299.jpg,late_blight,tomato_dataset,02c3da5ce83bebd81e73cb601a18f616cd1c47ca13ca3159e472e4b2ee81c199,3019
bounding_box_dataset/tomato/train/late_blight/82299.jpg,late_blight,tomato,ec0632581dc6bc9fda24f699c0a6e3a488c80fcda22425d6bfef3b86c5ae8e47,3019
bounding_box_dataset/tomato/train/late_blight/82306.jpg,late_blight,tomato,6f04d3b85fbf127edead48d7cc4d646673881fe1880da8518f7680739ccba43c,3022
clean_dataset/tomato_dataset/train/late_blight/82306.jpg,late_blight,tomato_dataset,85cb8625b8e88648cc2d0e5b3a04f52dd95861c1445213a8a47972d6cc4afedb,3022
clean_dataset/tomato_dataset/train/late_blight/82331.jpg,late_blight,tomato_dataset,b4b63384ab5e56366d83c54e842afab57861c2b435aa3b775b94703bd7d111b5,3041
bounding_box_dataset/tomato/train/late_blight/82331.jpg,late_blight,tomato,b095ef1b273c622246d0e6fdf1cb403c9b241f4ab05370453a5b22aec420fa15,3041
bounding_box_dataset/tomato/train/late_blight/82342.jpg,late_blight,tomato,027e1b4d056db449a246c37350330b869e0e0aec7749f168cb8d1388a9506eed,3047
clean_dataset/tomato_dataset/train/late_blight/82342.jpg,late_blight,tomato_dataset,52f48dd7a596e9529f9183f05bb5898229337031d1de71da95ef906701ea247e,3047
clean_dataset/tomato_dataset/train/late_blight/82345.jpg,late_blight,tomato_dataset,383f83cdc7de5d77fce6312e4645853233adb0c27a3b80d1c1acea11826a4f7f,3050
bounding_box_dataset/tomato/train/late_blight/82345.jpg,late_blight,tomato,c6e617df0d6de021f2ab5270f188d0d333b0755c57ee3769199ac74dfb4dc95c,3050
clean_dataset/tomato_dataset/train/late_blight/82353.jpg,late_blight,tomato_dataset,b01fb3c8887257337201e4cde101b40852cf0aa2582c7af1e1e77b2bde2bf0fa,3055
clean_dataset/tomato_dataset/train/late_blight/83298.jpg,late_blight,tomato_dataset,84fa510088c499f374f799b094d1917752640096525a2d555092c7ecd4d6c860,3055
clean_dataset/tomato_dataset/train/late_blight/82369.jpg,late_blight,tomato_dataset,df73be52a21dec33a94cabc3db55ac98bec043915cde19f12803d2417275375b,3064
bounding_box_dataset/tomato/train/late_blight/82369.jpg,late_blight,tomato,eda4994da96cdbebd08aaad0380bc4bd85ef3cdefeaff38eea394b6dad337bf1,3064
bounding_box_dataset/tomato/train/late_blight/82373.jpg,late_blight,tomato,2ae1f48fa01b33ba5760ce52ed9698746ca9c8623074580d4f9663d7fbfb5ac0,3067
clean_dataset/tomato_dataset/train/late_blight/82373.jpg,late_blight,tomato_dataset,49f223a85dc6f7584a21698b4f3698a2442aa4f395e512c5c16f2b5e863beab0,3067
clean_dataset/tomato_dataset/train/late_blight/82382.jpg,late_blight,tomato_dataset,c70e5a25b541be4234838110b724db1c2d01877fdf7858eae97684e66d8bea1f,3075
bounding_box_dataset/tomato/train/late_blight/82382.jpg,late_blight,tomato,89b82ab53ed1fb87dcf1a1827129a675d314b12c3ce7250503b0e68469323ef1,3075
bounding_box_dataset/tomato/train/late_blight/82383.jpg,late_blight,tomato,dd9a06dac45b0dc7dddb4f482956b87b04187b0f7727305f94c2c5bad398d0f6,3076
clean_dataset/tomato_dataset/train/late_blight/82383.jpg,late_blight,tomato_dataset,9149daa26e389f98d5f6adaa172bbba9aa712f480868af8e62ed8e4673490cb9,3076
clean_dataset/tomato_dataset/train/late_blight/82388.jpg,late_blight,tomato_dataset,b5d9fb38186fa86cb7df164ee2abdc81dfd0a70a62b4747ec2c6ef8b8949a591,3079
bounding_box_dataset/tomato/train/late_blight/82388.jpg,late_blight,tomato,1a6c8828db002294331eff6cda0e7e12f218f151ec6ec8cd622a1950fe12806e,3079
bounding_box_dataset/tomato/train/late_blight/82389.jpg,late_blight,tomato,75e189facabfbd4e2535d6473e68eeaa8ac2865935c8296f1cf6eb68df921b2d,3080
clean_dataset/tomato_dataset/train/late_blight/82389.jpg,late_blight,tomato_dataset,d927212c162e2edacbcaec7d43684de7d31ef55d93f40afff328406c748118eb,3080
clean_dataset/tomato_dataset/train/late_blight/82392.jpg,late_blight,tomato_dataset,99a94cc286576ddf17ac9387485f7ded3c7e6814f9d61109d5f1532022c0e507,3082
bounding_box_dataset/tomato/train/late_blight/82392.jpg,late_blight,tomato,56cfe9b31e83e5c70cacae849961e5514e61f9455aecd6c390a958877d33c70d,3082
clean_dataset/tomato_dataset/train/late_blight/83021.jpg,late_blight,tomato_dataset,b0b768cee08b65a4b3d7e970bdd1bc49b848120b3fc4c516b1ab1cf4be6854c0,3083
clean_dataset/tomato_dataset/train/late_blight/82394.jpg,late_blight,tomato_dataset,bb8b5852b7e0c4536f0defe37687c5d84d9c5817dabc581a68651726b1bc0ec3,3083
clean_dataset/tomato_dataset/train/late_blight/82917.jpg,late_blight,tomato_dataset,a0d8075261b942d299b114686cb9bd56be9dfd3aa374836e38318ba2fe4e87a9,3083
bounding_box_dataset/tomato/train/late_blight/82395.jpg,late_blight,tomato,7f2481c075700071bce34aa38d1983c2a895ed17ae195392b681d6383e1be0ce,3084
clean_dataset/tomato_dataset/train/late_blight/82395.jpg,late_blight,tomato_dataset,7e3a7e82803651cfa854487f6354c35625b6421fd101f8a994344e4459738b66,3084
clean_dataset/tomato_dataset/train/late_blight/82405.jpg,late_blight,tomato_dataset,8f2df3ae8bf46f4ad1e7464bf784de573e8424d14709e16cbefbf89da44ca647,3093
bounding_box_dataset/tomato/train/late_blight/82405.jpg,late_blight,tomato,269c1ca9389d39573b5255333e3113dd77c02e5390813702279b28539257dc4a,3093
bounding_box_dataset/tomato/train/late_blight/82411.jpg,late_blight,tomato,b9ca00c7fbede4d0d3f1e5252265099afc72ac160c16770f06aaf22ed2eb16c5,3097
clean_dataset/tomato_dataset/train/late_blight/82411.jpg,late_blight,tomato_dataset,b088d30b082425d7b18dd582eac572c9266fef402e7e469199059760061a2ffa,3097
bounding_box_dataset/tomato/train/late_blight/82421.jpg,late_blight,tomato,d92099d6198cb2c070d976f69fc9a7020cbf258b56000a3742f28c995c8f4b5c,3103
clean_dataset/tomato_dataset/train/late_blight/82421.jpg,late_blight,tomato_dataset,494a16911fee404a79390899d903ddcfdc4db963b291fd28a489fbfe6657d0f9,3103
clean_dataset/tomato_dataset/train/late_blight/82428.jpg,late_blight,tomato_dataset,920c1c472139a90573f53a8ea1997bd0c78f84dc8cfd5851cb6c8f836ea5185e,3108
bounding_box_dataset/tomato/train/late_blight/82428.jpg,late_blight,tomato,af76e46ee21965ba96c98ee3b7b15b8ea4f38c87c4e01ae3f2244e09f75571bc,3108
bounding_box_dataset/tomato/train/late_blight/82436.jpg,late_blight,tomato,fc77b53781a0baa1a53bd3e9fb5b75bd0a45105d8a5e02c041f920c4051d5c26,3114
clean_dataset/tomato_dataset/train/late_blight/82436.jpg,late_blight,tomato_dataset,533e37d745d5a122e175d076c2e73bbea1f26a5e3a063b665fe4687dea00f3c9,3114
bounding_box_dataset/tomato/train/late_blight/82438.jpg,late_blight,tomato,4f0dfc9a7885fa3c2c203a2491286d103abfc803c90b3aa0673d7e5d072eb2fa,3115
clean_dataset/tomato_dataset/train/late_blight/82438.jpg,late_blight,tomato_dataset,45bc28f2d97db00454ea31b72884f9d002132400bceb03cd95b0314b818c425b,3115
clean_dataset/tomato_dataset/train/late_blight/82439.jpg,late_blight,tomato_dataset,a8b827a6ee6d4eac30f16f2fea9c7c48e7dc41b7323c906a2951e17b24abb65b,3116
bounding_box_dataset/tomato/train/late_blight/82439.jpg,late_blight,tomato,d2683745774326cc793d92b40a22950719e2994030b9e7f3687b18c03ef027b4,3116
bounding_box_dataset/tomato/train/late_blight/82443.jpg,late_blight,tomato,034a96c13ec77157513f8a5dc1a25627d807b0e629425593d292d3c1507b542e,3118
clean_dataset/tomato_dataset/train/late_blight/82443.jpg,late_blight,tomato_dataset,2c3aaa1334bcdd3d2471968bb2e161f61c9e3d6a63472ada1460ff78b38af918,3118
clean_dataset/tomato_dataset/train/late_blight/82446.jpg,late_blight,tomato_dataset,a44973ef8a07f2220a4bcb43400d5cc949fd6dff812648ede6125a8dde0ba8fc,3121
bounding_box_dataset/tomato/train/late_blight/82446.jpg,late_blight,tomato,4fa6f69dc8d70889f0538cc92d0af3977c43edf2dadb38aca15ad8729a36d34a,3121
bounding_box_dataset/tomato/train/late_blight/82448.jpg,late_blight,tomato,ee237247e38cee2fdc68c803f4f6d0d61725d24be9c876f0ad6e40ada322474e,3122
clean_dataset/tomato_dataset/train/late_blight/82448.jpg,late_blight,tomato_dataset,9d55cb545138ff5d5c4fa70ea685b1687c11221f7ac14c23bbcc2587b44c99af,3122
clean_dataset/tomato_dataset/train/late_blight/82450.jpg,late_blight,tomato_dataset,bddc3c9dd6ae0b9140832a82ef37c70b236f3fbcd9361084a1222e3bc47ea78c,3123
bounding_box_dataset/tomato/train/late_blight/82450.jpg,late_blight,tomato,e3b8c8a9f493b711ac5364b772c9ea3ee117d0545428560e8a6dfe18e717e7b6,3123
bounding_box_dataset/tomato/train/late_blight/82455.jpg,late_blight,tomato,f5dee324ef0c3fa446059b4a0ffddd432b2fbe2ff74185ad8c08e3a1acf9a872,3126
clean_dataset/tomato_dataset/train/late_blight/82455.jpg,late_blight,tomato_dataset,3ce71813eaffa6edfde49efe08d50b047710b4b08a18cafaeb9d094b8673c26a,3126
clean_dataset/tomato_dataset/train/late_blight/82463.jpg,late_blight,tomato_dataset,1c14e7dc0955e58aea3ae9c4d73b2c12ad1ebe683ee0301947aa233a3357326b,3128
bounding_box_dataset/tomato/train/late_blight/82463.jpg,late_blight,tomato,61634b299a95993fe1bcdf430230d361a441fc64104f51fad6ca22c7785ed05d,3128
bounding_box_dataset/tomato/train/late_blight/82466.jpg,late_blight,tomato,0a9c9c8b9baa3a69e57fc179f15af2494b59ccc3ab022952137369e7ca670774,3131
clean_dataset/tomato_dataset/train/late_blight/82466.jpg,late_blight,tomato_dataset,48186bdd1da0139bd1522db1534c1115a348c44fc9b31456adb5920d790bbba7,3131
clean_dataset/tomato_dataset/train/late_blight/82490.jpg,late_blight,tomato_dataset,a0d8db03d9a01705690d3df6d329f9dc9a85da4e9ee6f8674043093838f83dd3,3147
bounding_box_dataset/tomato/train/late_blight/82490.jpg,late_blight,tomato,b9f7aa9e7e46ae77320b4f00b369643f1e28eee0b07a8aa99e97fb6d5343e6c2,3147
bounding_box_dataset/tomato/train/late_blight/82492.jpg,late_blight,tomato,63830583de102349e9814f51cf458a3a1703456072786ef3a24e30811d69b27c,3148
clean_dataset/tomato_dataset/train/late_blight/82492.jpg,late_blight,tomato_dataset,7854317ad856c611854054c73bffd92068b0944c0d65e0fc07b348af16bb8722,3148
clean_dataset/tomato_dataset/train/late_blight/82493.jpg,late_blight,tomato_dataset,b56b32dd2d5d6803d05579aefab76652b9e75d47a189f577691032205898d928,3149
bounding_box_dataset/tomato/train/late_blight/82493.jpg,late_blight,tomato,09ecbde239a3f025a64e54edc4184f1c76b6dea4d26f008c347c7f947377ea6e,3149
clean_dataset/tomato_dataset/train/late_blight/82503.jpg,late_blight,tomato_dataset,1483e7d1f17826037e11804b01db31bd8b6b6240fad4fab5dfcc1e982b53e9ca,3158
bounding_box_dataset/tomato/train/late_blight/82503.jpg,late_blight,tomato,93448d39e964795508bec4a5472aac795eeab01b178ffe34d00dde96763aea98,3158
clean_dataset/tomato_dataset/train/late_blight/82659.jpg,late_blight,tomato_dataset,7ae6ae197526b2c18e29a41f64e8b8881a4e6e3b1850d3ff607953ee47a3307b,3160
clean_dataset/tomato_dataset/train/late_blight/82505.jpg,late_blight,tomato_dataset,5efade2cd8f2c89ac3ec49dd8cc18e8f5fe2ded8d21d4fa4f104f883f3c05fe9,3160
bounding_box_dataset/tomato/train/late_blight/82510.jpg,late_blight,tomato,92f93bd057824f298ab5e648e20df2335cf6dcc0b1106b87e9878f5182f06e02,3163
clean_dataset/tomato_dataset/train/late_blight/82510.jpg,late_blight,tomato_dataset,40fe02cd7d5320049968dedd1dbe234cf23a365414fb1876c7d0c2f4939cb1f6,3163
clean_dataset/tomato_dataset/train/late_blight/82513.jpg,late_blight,tomato_dataset,3e79e25af2df184288fcecd32a94a724c888d406dedc966169aac59d9b37a28b,3165
bounding_box_dataset/tomato/train/late_blight/82513.jpg,late_blight,tomato,aeac6c5011b22d465f6187012a08c7f156b8ee75f90dc53da365f497720df886,3165
clean_dataset/tomato_dataset/train/late_blight/82515.jpg,late_blight,tomato_dataset,08e6720e2efb02c073f94195546ca0d8d1fc31727ddb4d4bf77454920bf4ad8c,3167
bounding_box_dataset/tomato/train/late_blight/82515.jpg,late_blight,tomato,a24b44883e4a6c4007bd52d36a3f38125c68cf75eb9ac44ecbf33ad9f6906ed4,3167
bounding_box_dataset/tomato/train/late_blight/82517.jpg,late_blight,tomato,b9db81068a02aba9acea2ad3d18e328257b4f1201fadf15bf3d328a4dac8e7a7,3169
clean_dataset/tomato_dataset/train/late_blight/82517.jpg,late_blight,tomato_dataset,b60a6a7d821a705511cfd9f846a75a820064363b29d447068f8ea17725b219c2,3169
clean_dataset/tomato_dataset/train/late_blight/82518.jpg,late_blight,tomato_dataset,52442fd9d91dcf46532f2bcfe15639035c34a99c5ff4fe8c78c783db6c1542bc,3170
bounding_box_dataset/tomato/train/late_blight/82518.jpg,late_blight,tomato,da8525cf99d4b49ec3da9e1a94563c914db7f782d286da32838ceace3629b5d2,3170
bounding_box_dataset/tomato/train/late_blight/82520.jpg,late_blight,tomato,5fcc1ef21c7f428eeb28818dc3faa02134d6c0e6e484145d966955f94cbe1eae,3172
clean_dataset/tomato_dataset/train/late_blight/82520.jpg,late_blight,tomato_dataset,cbdabc2a0605367a7cf44f6ef6774b1f56d12bff1e552550a23ecaf92c1074a5,3172
clean_dataset/tomato_dataset/train/late_blight/82525.jpg,late_blight,tomato_dataset,9726c72aa53095fcc35fa000598ddf1811628fce2f8433379c98a8faa5353166,3174
bounding_box_dataset/tomato/train/late_blight/82525.jpg,late_blight,tomato,d4a601d7bf8d43d1a4f7be893db9d5b7099f20f73dae8503f9c312f87c133285,3174
bounding_box_dataset/tomato/train/late_blight/82528.jpg,late_blight,tomato,84c477248851108df824edbb39da2da0171ef335985be1c0d1c5155a90160d79,3177
clean_dataset/tomato_dataset/train/late_blight/82528.jpg,late_blight,tomato_dataset,1e2cf8afaf1dabbd5ecb21f3b73bf9bbeaebf86853280eab76e7d667b64d3e8b,3177
clean_dataset/tomato_dataset/train/late_blight/82542.jpg,late_blight,tomato_dataset,4942eb23db8326c3dedba991b379285ccfee0682c7a229e7af12988cb7ab4ea2,3190
bounding_box_dataset/tomato/train/late_blight/82542.jpg,late_blight,tomato,629ada707b4b458442c695c196ca653b54e5e5f636c42adbc2857ac932750eb5,3190
clean_dataset/tomato_dataset/train/late_blight/82546.jpg,late_blight,tomato_dataset,72ff801465a6d08c53c7f2d13f7084fb07bd030b82eb83e7536f86d6ac34247c,3194
bounding_box_dataset/tomato/train/late_blight/82546.jpg,late_blight,tomato,72d2f515f60b7fc33fc4cd8ea0e8218670acdb7e94784833a2c6c1a3cc022de8,3194
bounding_box_dataset/tomato/train/late_blight/82551.jpg,late_blight,tomato,8a3c84ee3aa7abe8b4fd41b00a7f1ad5def1e501afefedc170f06704507f142e,3196
clean_dataset/tomato_dataset/train/late_blight/82551.jpg,late_blight,tomato_dataset,7afce5f45ed6efdcb77ae6191dc2457a8ed839708e062d1a7567295c7c65d7fe,3196
bounding_box_dataset/tomato/train/late_blight/82554.jpg,late_blight,tomato,613728c9da7b0475686e73515eec5fa1907fcb7e97e96ea0b3850eedefb2de0a,3199
clean_dataset/tomato_dataset/train/late_blight/82554.jpg,late_blight,tomato_dataset,59bd0123b1103cf4ff4357fc6c7e2ae043be9d2e938171d15a3c7a38fcc973a7,3199
clean_dataset/tomato_dataset/train/late_blight/82559.jpg,late_blight,tomato_dataset,80d95ebea32d72ed86b06e1d70113a7da2f864bc93f0394bd248dfa5f7467500,3204
bounding_box_dataset/tomato/train/late_blight/82559.jpg,late_blight,tomato,5d46613080a7cfdd93cce30479ee3bd7609bc6f31730f86a907df3977a02471c,3204
bounding_box_dataset/tomato/train/late_blight/82561.jpg,late_blight,tomato,fd172f7c2e778bbfb5a8887993bc65781e6531696f393cd5e01f7d535b78dbbd,3206
clean_dataset/tomato_dataset/train/late_blight/82561.jpg,late_blight,tomato_dataset,748f81c4a751339f1876111331b2e09a7f964a325340c303c5e9472adffbd9cb,3206
clean_dataset/tomato_dataset/train/late_blight/82577.jpg,late_blight,tomato_dataset,3eef4ac14b7ff381cab091c7a24b98a353765cf8be69d1019e7f08a94502bd1e,3217
bounding_box_dataset/tomato/train/late_blight/82577.jpg,late_blight,tomato,06bdc7a2f82b37b4771a94e9251180287e4355229e94b9e40884ed2c7f39d80c,3217
clean_dataset/tomato_dataset/train/late_blight/82586.jpg,late_blight,tomato_dataset,2379b1aa8be5f766e2fa713e2e1346f3cc4b161bc0af824e4e6b9218e19f5ff5,3222
bounding_box_dataset/tomato/train/late_blight/82586.jpg,late_blight,tomato,cefb65b3210f4af3dbff55c58e19c0823bde00bc87068a2d4943e6984b594e89,3222
clean_dataset/tomato_dataset/train/late_blight/82589.jpg,late_blight,tomato_dataset,52d86195c7a65fb81415db33814ce1557d9c12f8806a83ec8b729df1a4ff7b92,3224
bounding_box_dataset/tomato/train/late_blight/82589.jpg,late_blight,tomato,0eef955b46fc9c08ce35599cf92cc34f0bdf24464b3729d900a2a7ff67ff7e5a,3224
bounding_box_dataset/tomato/train/late_blight/82600.jpg,late_blight,tomato,4c2ba3ef1e435aad1a1be19f475d5fc8f29faa7e08b2d777e02b5b65b16cb980,3232
clean_dataset/tomato_dataset/train/late_blight/82600.jpg,late_blight,tomato_dataset,06fdb48b9124dc496cd8115b3e55540fa8632216b2b715851d63dfccb7bd5bd8,3232
clean_dataset/tomato_dataset/train/late_blight/82604.jpg,late_blight,tomato_dataset,a25f4a8a9e62175b585a35b9ce4de869a8567e6539ce7c650d199c1867448e15,3236
bounding_box_dataset/tomato/train/late_blight/82604.jpg,late_blight,tomato,2a0491e8d6121fac3f297f1e654388df5d9815a6944f7f44302ea7e27ce9e3ab,3236
clean_dataset/tomato_dataset/train/late_blight/82605.jpg,late_blight,tomato_dataset,81e28a09a67c06f1b198e1f772a695a8a4c3325980d73669fa7b078b4c90be73,3237
bounding_box_dataset/tomato/train/late_blight/82605.jpg,late_blight,tomato,6a9eb56c283c330b2185e2ef4d35397d50a96d4e1469bca17bd7e77674902841,3237
bounding_box_dataset/tomato/train/late_blight/82608.jpg,late_blight,tomato,c3d05c0870a123d413a87b6d998d943376049522c4e5fd7282537b23849f8038,3239
clean_dataset/tomato_dataset/train/late_blight/82608.jpg,late_blight,tomato_dataset,860c1f2b6567ed5c4a794c6331e6e57fabb4210f79a8a113f17459360babc5e6,3239
clean_dataset/tomato_dataset/train/late_blight/82614.jpg,late_blight,tomato_dataset,1b6b46f7431f5dba55b597457bf4419fd13b157c1445b2d1d7acdd706b71f77d,3244
bounding_box_dataset/tomato/train/late_blight/82614.jpg,late_blight,tomato,3c8bd090c49733fdb78b4ae8c8da216bf6f4a523fbd968899c814c077b766206,3244
clean_dataset/tomato_dataset/train/late_blight/83320.jpg,late_blight,tomato_dataset,1ca079f47a777430e663ac1b4efecbcd6a80968011d0b0786a63547a450bea0a,3246
clean_dataset/tomato_dataset/train/late_blight/82616.jpg,late_blight,tomato_dataset,7a3bf94bb204af484472c63a25136e6593dd5550c4a97ff409d62491450b862d,3246
bounding_box_dataset/tomato/train/late_blight/82620.jpg,late_blight,tomato,99f77aa31279fdc8684895b347e7930c3d57ee4ec96c3f8f19724da82edf1bea,3250
clean_dataset/tomato_dataset/train/late_blight/82620.jpg,late_blight,tomato_dataset,13238e07d9988e85f3c60724c5a47037466b08e63f27206b9a4ef3bcbb58e57d,3250
clean_dataset/tomato_dataset/train/late_blight/82631.jpg,late_blight,tomato_dataset,785b43be5d00b36f32f59b8368bdae472fc50e59eda290a99c672df59029876e,3258
bounding_box_dataset/tomato/train/late_blight/82631.jpg,late_blight,tomato,b7537af20cf865fcebc9d525851ee55b416cda3412b22e8842a2879cf758ab49,3258
bounding_box_dataset/tomato/train/late_blight/82632.jpg,late_blight,tomato,f9e54b6f140023350b0002baa27aca7917d49688f5a9c7ceb34bfd0aaacddb8f,3259
clean_dataset/tomato_dataset/train/late_blight/82632.jpg,late_blight,tomato_dataset,43244a88729e06006feb17b2f09ccc6c0394cce0c099d6583e048d54553187ec,3259
clean_dataset/tomato_dataset/train/late_blight/82634.jpg,late_blight,tomato_dataset,6acddf0bb5f722b648015510cf8e1f1c6e8aaf55732caa3a5e940a6db57e938c,3261
bounding_box_dataset/tomato/train/late_blight/82634.jpg,late_blight,tomato,acec29f8110902b82a795e9d6a9e685fdaa9c707505cd7bd15f00dee62fe037a,3261
bounding_box_dataset/tomato/train/late_blight/82639.jpg,late_blight,tomato,d37e0a9957773c50ee0de7aba8f6a7ba8f61804d0d910d2b47c7ae47d92d5e07,3265
clean_dataset/tomato_dataset/train/late_blight/82639.jpg,late_blight,tomato_dataset,ec32add9aafffc90cb0761f2d57fde448caba73c0e6f5ea3423471ad752590f8,3265
bounding_box_dataset/tomato/train/late_blight/82641.jpg,late_blight,tomato,87d14f6f6ec313ef0ee720171d9d8415b34b052c1212b6adb0f472f30de2e91b,3266
clean_dataset/tomato_dataset/train/late_blight/82641.jpg,late_blight,tomato_dataset,1b3cc763e86c338b587410374160f3c8035a621a7ea3bd3f8adaac43b7a51341,3266
clean_dataset/tomato_dataset/train/late_blight/82645.jpg,late_blight,tomato_dataset,3a23dd6bb9199d923b79d032bc291c31ddc3964b29f9886dd6b3ba8efd4c625f,3268
bounding_box_dataset/tomato/train/late_blight/82645.jpg,late_blight,tomato,d2f08f2f7e94d2630032f08a613998db4de8fe3a5f3f923c573f47b9174f2b10,3268
clean_dataset/tomato_dataset/train/late_blight/82655.jpg,late_blight,tomato_dataset,c5aa3f4eb462f6994f01f4edd5d61b4dd2baee4100a007d2147bfd060496cbf0,3274
bounding_box_dataset/tomato/train/late_blight/82655.jpg,late_blight,tomato,802d0b083550472f27da8015bbcace2090ac88011f6ce96fb4a2ed6131f4c057,3274
bounding_box_dataset/tomato/train/late_blight/82665.jpg,late_blight,tomato,5d75b30052becf9fae2b62fcba42e3d4a1086f9d5d3801674335ecc4003b0ccf,3282
clean_dataset/tomato_dataset/train/late_blight/82665.jpg,late_blight,tomato_dataset,4a3b49fcd8a5f968677da9262814f1a9f71fc38467799133dfa6c3676211800f,3282
clean_dataset/tomato_dataset/train/late_blight/82670.jpg,late_blight,tomato_dataset,502623e0ad5bff2480bad7047f30523d2d5f49f15a42317c6986f667cf4b9cd3,3285
bounding_box_dataset/tomato/train/late_blight/82670.jpg,late_blight,tomato,e1a46fd9cc405dffd1d12c508fd50015376b6248fe19729cca88b17513984c81,3285
bounding_box_dataset/tomato/train/late_blight/82678.jpg,late_blight,tomato,311b37e736873cfb6aaeab3273a43104f23d08d1310becef43f8d84aa0d94103,3289
clean_dataset/tomato_dataset/train/late_blight/82678.jpg,late_blight,tomato_dataset,8540184bf477930553567a54711884e3208913dd769b5bc87e279f155197f7fd,3289
clean_dataset/tomato_dataset/train/late_blight/82680.jpg,late_blight,tomato_dataset,9f01c6f536b1e88fc72f2ab1e516e105b43f8550022482e64c197571ec3fbb2f,3291
bounding_box_dataset/tomato/train/late_blight/82680.jpg,late_blight,tomato,8e5a3eace43f7d884adbd951abd5a91bdcdcbe720fe1210d9dd5d767bfca2172,3291
clean_dataset/tomato_dataset/train/late_blight/82681.jpg,late_blight,tomato_dataset,1c440784b212445ceac13abe25bc80749a7c208e8b5ef5404d483ee666824029,3292
bounding_box_dataset/tomato/train/late_blight/82681.jpg,late_blight,tomato,ce2ce72111db23eb45fe0f520a5a5740d27e6607eac3c4fee216da574d07342b,3292
bounding_box_dataset/tomato/train/late_blight/82688.jpg,late_blight,tomato,b47ce337896732f464be5b962b10cd0969162342de25c644d2ff93b6e34e7448,3296
clean_dataset/tomato_dataset/train/late_blight/82688.jpg,late_blight,tomato_dataset,05427d92f1525a5363cfc0bddbae61cb38eb0e00b6164d3f08761351258ab92f,3296
clean_dataset/tomato_dataset/train/late_blight/82712.jpg,late_blight,tomato_dataset,8252316fe140763207e203e86f91bb7c15771f3cd43d050d8f536fd0e5a05c72,3314
bounding_box_dataset/tomato/train/late_blight/82712.jpg,late_blight,tomato,47d39001002a9956c4e62dd912c4cd6b32ca09b03d87aede782a54b51ed81006,3314
bounding_box_dataset/tomato/train/late_blight/82713.jpg,late_blight,tomato,da5600a12008ddf6e00b8f63553eb198bf22a361a64444caab408f762b92ec9f,3315
clean_dataset/tomato_dataset/train/late_blight/82713.jpg,late_blight,tomato_dataset,7b157eb05614656be03133c590dd693baf3b80a72d3ca8a12b314575ff729e44,3315
clean_dataset/tomato_dataset/train/late_blight/82720.jpg,late_blight,tomato_dataset,fce4fce0454df6e384c41e7bf2d7d40e114e68413c08cb1e5ba73ab2c7a55b21,3316
bounding_box_dataset/tomato/train/late_blight/82720.jpg,late_blight,tomato,c85be196d3a56466b11c79ece3fd7df6e0caa4d8d098ecac0013131eddd4dd40,3316
clean_dataset/tomato_dataset/train/late_blight/82722.jpg,late_blight,tomato_dataset,44e4e0b4fbeef8a1187dca31abdaeace322371f021f0816296ae6666ae5defcf,3318
bounding_box_dataset/tomato/train/late_blight/82722.jpg,late_blight,tomato,3799f08ef165ccb8d630d25fe9e93b862aa58ec4c5af9853871dd9e86b80495c,3318
bounding_box_dataset/tomato/train/late_blight/82725.jpg,late_blight,tomato,0812d5034a6197d9ef9d84809653b110efaf2630253d7e60ae4a206f7726c0d6,3320
clean_dataset/tomato_dataset/train/late_blight/82725.jpg,late_blight,tomato_dataset,f5219edb5c2be7270c6188e3f156afecfbd6b55d615d9fbbdbedba4fe83a543b,3320
clean_dataset/tomato_dataset/train/late_blight/82726.jpg,late_blight,tomato_dataset,995f8b09daf72d5da6c8cf227b0504de072216ce5481f5bc979cfbff355096ea,3321
bounding_box_dataset/tomato/train/late_blight/82726.jpg,late_blight,tomato,ed4b005dcddd6eebdfb0f4e0bbc75c4da722dfe2335d18109b7c4e85fee14ad5,3321
bounding_box_dataset/tomato/train/late_blight/82727.jpg,late_blight,tomato,150dfb786581d61a6831b17d39821b01467f7ac37eb4404250fde9255ee02979,3322
clean_dataset/tomato_dataset/train/late_blight/82727.jpg,late_blight,tomato_dataset,e089766dc3920e6f76b264b8dcafc6f36f58a96bed148001291c45db0e573b5b,3322
clean_dataset/tomato_dataset/train/late_blight/82734.jpg,late_blight,tomato_dataset,78baa194cf7296005ef61acddf1e5718cc85de8db3235a84d5fbfa4099fbe13d,3329
bounding_box_dataset/tomato/train/late_blight/82734.jpg,late_blight,tomato,f8f84da889e64e59aff733a125f6157df98ca587f072f0328a5962335cb8b454,3329
bounding_box_dataset/tomato/train/late_blight/82735.jpg,late_blight,tomato,5ccaeadc4e96be70b1ca1d8592d0a8e23c8f7c43593651f17aa6dcda9fff06e1,3330
clean_dataset/tomato_dataset/train/late_blight/82735.jpg,late_blight,tomato_dataset,cfe02ba577c61b861216920c1e57594ab10bb97f6afab8c044bdf9aebaf6abe5,3330
clean_dataset/tomato_dataset/train/late_blight/82737.jpg,late_blight,tomato_dataset,c51c83d75d4f38080c65aa93f35a18b6d318f164271ebb2caa050eafa9e6a777,3331
bounding_box_dataset/tomato/train/late_blight/82737.jpg,late_blight,tomato,ad463a5e70db61692c192498980812c7234a5693f1a9c07992fa1a1109518461,3331
bounding_box_dataset/tomato/train/late_blight/82746.jpg,late_blight,tomato,9a08df2f7ebe4c4976c722ce07fe442edd763af2c4ff879791c5363571eb0320,3337
clean_dataset/tomato_dataset/train/late_blight/82746.jpg,late_blight,tomato_dataset,488aa388be2e2b3421dcce2649bf6231b524eb10bcb4bd4e50451bcfa76b1874,3337
clean_dataset/tomato_dataset/train/late_blight/82755.jpg,late_blight,tomato_dataset,1ae3f73e403b67c36f70b216a0759b2eecc440a4ba475216e5a2d462a86f95b5,3344
bounding_box_dataset/tomato/train/late_blight/82755.jpg,late_blight,tomato,ff28743bf8f96c17031fdf9f633b5b63efc41ab9f4e6754759bacab14b26235e,3344
bounding_box_dataset/tomato/train/late_blight/82756.jpg,late_blight,tomato,6ee7e9e902f37e8cbe34b61b4bfe243f056152f8149a9157f730101226be3a87,3345
clean_dataset/tomato_dataset/train/late_blight/82756.jpg,late_blight,tomato_dataset,3cd8f7bc9d6b81a64d40f0342f4713ed165f51918305917e43f239bb10e6bcf7,3345
clean_dataset/tomato_dataset/train/late_blight/82759.jpg,late_blight,tomato_dataset,9bc9a62f930f717c61cc237d9fa7258f3079128cee63ecac3f21f68680049518,3348
bounding_box_dataset/tomato/train/late_blight/82759.jpg,late_blight,tomato,1e02c3e2fb665fac1cd33817da4f3a6b7eab476278a3845e87748650b50cbf12,3348
bounding_box_dataset/tomato/train/late_blight/82761.jpg,late_blight,tomato,993714ee7df4969ad88ba194123bb30ded32d0b88cdd78e2234710735b29c3b6,3350
clean_dataset/tomato_dataset/train/late_blight/82761.jpg,late_blight,tomato_dataset,e7f21b7b1dae84614d5696ccc3e2085d2c9d20777a4a98e4fb13cce9a6f9b9cb,3350
clean_dataset/tomato_dataset/train/late_blight/82765.jpg,late_blight,tomato_dataset,355033260a32ad32b8d3b229ac9b84e5fa4b738c2a8294960dfcda489485e00f,3353
bounding_box_dataset/tomato/train/late_blight/82765.jpg,late_blight,tomato,6674871a690968c9e9f55085549e1a870234a46eed18d2b00e2a2c53d97330b3,3353
bounding_box_dataset/tomato/train/late_blight/82776.jpg,late_blight,tomato,759e8e4e5a248d75ccab492ef921325fe5415c82fe6d4e4b62c446f4ee2952d3,3363
clean_dataset/tomato_dataset/train/late_blight/82776.jpg,late_blight,tomato_dataset,49800a9d422a4a2283ec764808a08e30b3fbfb17317215d022c328cc1fcb9c3d,3363
clean_dataset/tomato_dataset/train/late_blight/82781.jpg,late_blight,tomato_dataset,e409dd058caab794bfa537f4648485e589aa32f21146e98240c10f0129e54d62,3367
bounding_box_dataset/tomato/train/late_blight/82781.jpg,late_blight,tomato,c8a7f69761a0ab4c14932e39a699524337741101bc0981599bcfea67f6394709,3367
bounding_box_dataset/tomato/train/late_blight/82782.jpg,late_blight,tomato,03423e51bc9b5ffc27be4b37cbafffa604dfa9f7b842831620524bcbcca8da74,3368
clean_dataset/tomato_dataset/train/late_blight/82782.jpg,late_blight,tomato_dataset,eff34341b092d61ddcdac9fde5b2e3b46ffe601b12db2d63b0e5530d4264c355,3368
clean_dataset/tomato_dataset/train/late_blight/82783.jpg,late_blight,tomato_dataset,0268334c5582f33ed708e9e1331c9162074b12003aaa78c660d48cc761909452,3369
bounding_box_dataset/tomato/train/late_blight/82783.jpg,late_blight,tomato,65507c9e2b441b5d3cab31674ea8140460b868f0554dda005a178180eff7082b,3369
bounding_box_dataset/tomato/train/late_blight/82787.jpg,late_blight,tomato,319fe14239ecff5275ecee6f510c6d69ae386965b2cc4d8672b84610bb954530,3372
clean_dataset/tomato_dataset/train/late_blight/82787.jpg,late_blight,tomato_dataset,4a05593d7b9b1952fce9dfb14bcd1f9605a1d68f454ab7c23f1e66bc3f940543,3372
clean_dataset/tomato_dataset/train/late_blight/82799.jpg,late_blight,tomato_dataset,066f339351627d8bb254a89359df13a8047c6fe47c97d676f69ee57211c49ae7,3382
bounding_box_dataset/tomato/train/late_blight/82799.jpg,late_blight,tomato,4ee04c0f570011193b5c90bdd54752bc1eb343b7c9665056145d790e026b4401,3382
bounding_box_dataset/tomato/train/late_blight/82812.jpg,late_blight,tomato,36ec54ee249c4c177891dce62f0c3f10e63ba687d9f0dbefbe66f40397cb6453,3391
clean_dataset/tomato_dataset/train/late_blight/82812.jpg,late_blight,tomato_dataset,2d0e5bd6f81c8c1cc876c19559d9401ef67594b714ac7f0503bc72b40d69d42d,3391
clean_dataset/tomato_dataset/train/late_blight/82843.jpg,late_blight,tomato_dataset,b4bd58eba2973dc2645d42502e376242b433de00a9ec45cad45fa64d1c8305d8,3413
bounding_box_dataset/tomato/train/late_blight/82843.jpg,late_blight,tomato,5716ee54798df4d0c8e3257dcec6892e4821f57eb038a2834ccb159515cebc43,3413
bounding_box_dataset/tomato/train/late_blight/82850.jpg,late_blight,tomato,11df6af4af7fb688861a6a88cfcd8a60dd31497178d016dcd98607b1cf437cc1,3417
clean_dataset/tomato_dataset/train/late_blight/82850.jpg,late_blight,tomato_dataset,5936e0b805c9ee16adff78b450b5492367faf42aa277f95749261fac1c1091dc,3417
clean_dataset/tomato_dataset/train/late_blight/82863.jpg,late_blight,tomato_dataset,38fd905b9567e9bd72daacdbaf3a7bae98e130f59c36f9e33e5e34c2c5d46190,3425
bounding_box_dataset/tomato/train/late_blight/82863.jpg,late_blight,tomato,517d0b0d913de28a20d58c9bdbfc9a545a8ec564ee2367646dcfdd305dc00c53,3425
bounding_box_dataset/tomato/train/late_blight/82867.jpg,late_blight,tomato,f39448d9bf2ad954946c9369950bf35001db5bb7ccef1d606f3da43f20bece5e,3427
clean_dataset/tomato_dataset/train/late_blight/82867.jpg,late_blight,tomato_dataset,96b036165e00f19010db7f6ddec82c7a0c603b0ece0f771bc8f695d6777cd600,3427
clean_dataset/tomato_dataset/train/late_blight/82870.jpg,late_blight,tomato_dataset,b1a91a7a99272504198eb9fa1e116902a726dd8dfa84c849593f9ecddad100c2,3430
bounding_box_dataset/tomato/train/late_blight/82870.jpg,late_blight,tomato,948f9e25e23fd84ffc08e6a48d52ceb645292757fc63f4fb6c294af609c4157e,3430
bounding_box_dataset/tomato/train/late_blight/82876.jpg,late_blight,tomato,5c58d5f53fbfd936e40148f43e58bbeb3548c2349346fbbcecbd7ddc55a1e7c6,3434
clean_dataset/tomato_dataset/train/late_blight/82876.jpg,late_blight,tomato_dataset,c2e534dc4998d6f7293e12ac5f0baaa9b3c69cf8c72114e60afa11740123de7c,3434
clean_dataset/tomato_dataset/train/late_blight/82878.jpg,late_blight,tomato_dataset,9a8a023f18ade6727f761b0abb81b9d93009aa2332acdf56956743087f379229,3435
bounding_box_dataset/tomato/train/late_blight/82878.jpg,late_blight,tomato,bb8defab3da37a000f494252033db3957a8abbdaac55797925fc3f3a3b696c88,3435
clean_dataset/tomato_dataset/train/late_blight/82882.jpg,late_blight,tomato_dataset,11a1e6503bf9563d685f7f824d617fdb1db01fb1e77b8fe25fb0494b9df970a1,3437
bounding_box_dataset/tomato/train/late_blight/82882.jpg,late_blight,tomato,560e938a2916d7520786178ca85b7d7df8305cdf3ba6c4ea45b6a8515cb861dc,3437
clean_dataset/tomato_dataset/train/late_blight/82885.jpg,late_blight,tomato_dataset,6593b11f14fdabf614c3c6f713270116bd5da3ada3806750ff23c455769c38d3,3439
bounding_box_dataset/tomato/train/late_blight/82885.jpg,late_blight,tomato,b2a2c24b65613af2213b97d18bb2aa18c435581b9f1a3c6495bec26e1cf2e333,3439
clean_dataset/tomato_dataset/train/late_blight/82891.jpg,late_blight,tomato_dataset,872d590cce0859b642bdc8d2c27dc24932015987d30d054001c32b6160af0007,3441
bounding_box_dataset/tomato/train/late_blight/82891.jpg,late_blight,tomato,8a902b2ee27250b9051a35efd97b0a2b7f0e416fbb4d007cca3b6e0855b4884c,3441
clean_dataset/tomato_dataset/train/late_blight/82894.jpg,late_blight,tomato_dataset,259c60242fb04ec0cbb98c653335d169c0790787460705698296500acd3912c6,3443
bounding_box_dataset/tomato/train/late_blight/82894.jpg,late_blight,tomato,d42c8f8d0093864a3160d98ca77be4b73f7002011bead6dc570f466f0ee74ae3,3443
bounding_box_dataset/tomato/train/late_blight/82914.jpg,late_blight,tomato,74c792520a01eb045793b2781bdcc5e57c567c1c529ad36e44da7c47e056cd9e,3457
clean_dataset/tomato_dataset/train/late_blight/82914.jpg,late_blight,tomato_dataset,c4416620e3ff56419d5da82b36d99a22798d7ea93649b0ac8303f143bc9dc6fe,3457
clean_dataset/tomato_dataset/train/late_blight/82918.jpg,late_blight,tomato_dataset,7ee094a46c23f80b8d0f9f03c7ad3c5e06a05d473dd2663ab3c8ef4a8e377169,3460
bounding_box_dataset/tomato/train/late_blight/82918.jpg,late_blight,tomato,7e3f967d7c12e04b970527c8120d31533f0e5f9da2245e17b75fc9b0484b292d,3460
bounding_box_dataset/tomato/train/late_blight/82921.jpg,late_blight,tomato,b24fe707e8cf703c2c84e999f3ef172bd83a6bdec51c455596d5e3b0140d3cc7,3462
clean_dataset/tomato_dataset/train/late_blight/82921.jpg,late_blight,tomato_dataset,860532bd6b623b7d6ad5cca4c21c5bea65e8c412793ddb3a3024d047c441388d,3462
clean_dataset/tomato_dataset/train/late_blight/82924.jpg,late_blight,tomato_dataset,8e56e8e268310dd7740e3af1b63f0be8b06313f76b643c776345c271cca69def,3464
bounding_box_dataset/tomato/train/late_blight/82924.jpg,late_blight,tomato,bd9d8db61ebcc1cc299d3b669389a04641e9e9c0b91d2e8d8ae6a2b163ffd929,3464
bounding_box_dataset/tomato/train/late_blight/82925.jpg,late_blight,tomato,893fcbe7e2e5fd1f04bba38e4e5a7efad8eec0ac333fc6b34c57f1873f72bf4d,3465
clean_dataset/tomato_dataset/train/late_blight/82925.jpg,late_blight,tomato_dataset,e226bf8dd507798ff84d98deba908d7cd03a3de4dd29b9132a6976647b9e96be,3465
clean_dataset/tomato_dataset/train/late_blight/82931.jpg,late_blight,tomato_dataset,683528fbf37bc47432dfa1846fc7357f7e712dbf4dd961f3fd8d845c58676a55,3469
bounding_box_dataset/tomato/train/late_blight/82931.jpg,late_blight,tomato,f460eacfde524d541422a17e51eb6518e0634355425651547ba6ce29ab09b8b2,3469
bounding_box_dataset/tomato/train/late_blight/82940.jpg,late_blight,tomato,2d9c0f31b42f831ca24ef352447ee94c86e417d58b8c5b45967cc92dfb44d613,3473
clean_dataset/tomato_dataset/train/late_blight/82940.jpg,late_blight,tomato_dataset,153211513251a2c85b109b6c97fda24a5bfc3cf5238d9531d234be996c359a86,3473
clean_dataset/tomato_dataset/train/late_blight/82942.jpg,late_blight,tomato_dataset,cc93131b4503e35d60f46ce2948ffb9f77558c2444ade1a071a206f3d48b7456,3474
bounding_box_dataset/tomato/train/late_blight/82942.jpg,late_blight,tomato,e7176e94576d0f4435970bf201b36ae9d536ce8b653c6d48c1201b2f64bc7373,3474
bounding_box_dataset/tomato/train/late_blight/82945.jpg,late_blight,tomato,4306c0df53b9f7e3b13a0120c0ca169d024d42f78c9c010998a445b72f2ab0e6,3476
clean_dataset/tomato_dataset/train/late_blight/82945.jpg,late_blight,tomato_dataset,9e66f1f6c480cee47d6395cd9aa74f0df0225f32c2d5f77982e083ec3bded9eb,3476
clean_dataset/tomato_dataset/train/late_blight/82946.jpg,late_blight,tomato_dataset,78a258998197b37cc6e60002d62e1beb8075cf7a7959faefc5b47007f45c107f,3477
bounding_box_dataset/tomato/train/late_blight/82946.jpg,late_blight,tomato,081a1357b06b31736526ef52c0fe7647502aa61ca0b87635a16cc7f5a7c9cc19,3477
bounding_box_dataset/tomato/train/late_blight/82948.jpg,late_blight,tomato,ad1aa37736eb741b6c6e6b045c6b70c3da5952378a379c48ff9aaa1636617a06,3478
clean_dataset/tomato_dataset/train/late_blight/82948.jpg,late_blight,tomato_dataset,c744c8e4032a74569530ed95478cbb701af25eea1aa17b0171e11025151d7c28,3478
clean_dataset/tomato_dataset/train/late_blight/82953.jpg,late_blight,tomato_dataset,16d972822e7340c13dc32bae3f66c82cc31598b111000e394e8136595fe7eed2,3481
bounding_box_dataset/tomato/train/late_blight/82953.jpg,late_blight,tomato,bcb0d354007ea71ddae75360df35be45dc219d924b9bb6c8496547d1a1e88464,3481
clean_dataset/tomato_dataset/train/late_blight/82960.jpg,late_blight,tomato_dataset,9595335e329323409a2de71d14ddd50d678da990392120c3255589647af02e36,3485
bounding_box_dataset/tomato/train/late_blight/82960.jpg,late_blight,tomato,8d9373921a0d4810b9d0ca54c21dfe0af86193e5a0dc80f2ad3c1a40416afe84,3485
bounding_box_dataset/tomato/train/late_blight/82972.jpg,late_blight,tomato,8a472a51a94c5d5d7b5d6517519c85566cf37d8da72cb358ad468bd8c089a809,3490
clean_dataset/tomato_dataset/train/late_blight/82972.jpg,late_blight,tomato_dataset,deadfef35b46d942fb22422ab650d574727a95fb974f293cb20a03472c9bafb9,3490
clean_dataset/tomato_dataset/train/late_blight/82978.jpg,late_blight,tomato_dataset,a38e10b42ad9f2372ad35bfb5ed8a9f7369122ed66a6d9fca1400eac07a1958e,3495
bounding_box_dataset/tomato/train/late_blight/82978.jpg,late_blight,tomato,2cd02c873178e29e2a34e57a2438391473cd4b476e27f014fe317cd92dc43d3d,3495
bounding_box_dataset/tomato/train/late_blight/82981.jpg,late_blight,tomato,9dd4f0489364f008db3c05ce25c53440fb1d10c637abbb73e03fccac20503e03,3498
clean_dataset/tomato_dataset/train/late_blight/82981.jpg,late_blight,tomato_dataset,1d894eed7168a5f192b41657677ab3e10cf666b46af6c1a63c083e50b1c8377f,3498
clean_dataset/tomato_dataset/train/late_blight/82983.jpg,late_blight,tomato_dataset,006cb3f17c4bf4c953aafec744441ad7cb8b3979d4943bffc180dfc66361d80a,3500
bounding_box_dataset/tomato/train/late_blight/82983.jpg,late_blight,tomato,0abb8dfd9313ee369fe331667c3db1ccf17c4f3451ffe88fa9f1ce210d03aee1,3500
bounding_box_dataset/tomato/train/late_blight/82991.jpg,late_blight,tomato,9e98e8bda63ffc42c6c534db2e663b8975171850a923423563bdc6e2c66b2576,3506
clean_dataset/tomato_dataset/train/late_blight/82991.jpg,late_blight,tomato_dataset,1ee83ef71207162d74610cc204e83a6ba0cbf16cf882506e196142a3ed9102dc,3506
clean_dataset/tomato_dataset/train/late_blight/82992.jpg,late_blight,tomato_dataset,c47e406230dd7e778ee833ab35d965f9981482a52ed8ff06a2454cc1475e2ebc,3507
bounding_box_dataset/tomato/train/late_blight/82992.jpg,late_blight,tomato,2cbac4739e44bfea38caa120d2d2dde6d601171383f93f4a055c0192d7c05491,3507
bounding_box_dataset/tomato/train/late_blight/83005.jpg,late_blight,tomato,ead18aefd3ae2bfc667dbb1e3a0cc26627b64c7139563c9a1b68866e5806e352,3515
clean_dataset/tomato_dataset/train/late_blight/83005.jpg,late_blight,tomato_dataset,658490a481e023dbe8f17b3bd765e98eb5483d04f59a3cff25dc74769ce79ed7,3515
bounding_box_dataset/tomato/train/late_blight/83017.jpg,late_blight,tomato,dc4ca9ef3ad5d3c9beaf1296507d12475b874a0384bec2973e5a6689cafbd3cf,3524
clean_dataset/tomato_dataset/train/late_blight/83017.jpg,late_blight,tomato_dataset,aa8a11412b79e43acdf7fab4783f689e669b40d0380a71d75d571f0f31309c5e,3524
clean_dataset/tomato_dataset/train/late_blight/83027.jpg,late_blight,tomato_dataset,5bcd233ce273aeb79759bdfd4129c5a7ed905a30f34f85c038f533a608d8fc82,3528
bounding_box_dataset/tomato/train/late_blight/83027.jpg,late_blight,tomato,0497405c90197a40427825ebb698357ff965bcc04aff198212cfd5381cf84ae1,3528
bounding_box_dataset/tomato/train/late_blight/83028.jpg,late_blight,tomato,5fac4c9e55a889730c0b4748b436bdc6d9cf2834fe252898f945bc9bf9e52e15,3529
clean_dataset/tomato_dataset/train/late_blight/83028.jpg,late_blight,tomato_dataset,e5f69278815c8ff93a2d444a234492a95779d0072782b6b3ec37643c69cebd3a,3529
bounding_box_dataset/tomato/train/late_blight/83032.jpg,late_blight,tomato,85adb573d8767a6fa0fe4214d526d445cac06425266cc3a21eb6b088135c8aa9,3532
clean_dataset/tomato_dataset/train/late_blight/83032.jpg,late_blight,tomato_dataset,f3ef2199a284da91a6bf6c4bd6b0360e485d99551107986cfe975b3abc6c14b6,3532
clean_dataset/tomato_dataset/train/late_blight/83037.jpg,late_blight,tomato_dataset,c8f964dbb94ffc9221e2d52db4ea6a85ee10da288ab47b51015abf5c21eb7976,3536
bounding_box_dataset/tomato/train/late_blight/83037.jpg,late_blight,tomato,a73d93d04b35c54f91908c924346b27d84c78a7703b4168cd3049bd290e73a3e,3536
bounding_box_dataset/tomato/train/late_blight/83039.jpg,late_blight,tomato,518edffa736c4ecdfa580c742b8e800040e6286a324e5c0e98d4f2a6aec22e82,3538
clean_dataset/tomato_dataset/train/late_blight/83039.jpg,late_blight,tomato_dataset,cf8aad9bfeca0dfa67440ad7fdae9c2cb9773fabdea51d417e27cd2262070fbf,3538
clean_dataset/tomato_dataset/train/late_blight/83041.jpg,late_blight,tomato_dataset,297a2f337000f6dbebf9a80558ab0872e128723a64f465d784312e1c4d3f48b1,3539
bounding_box_dataset/tomato/train/late_blight/83041.jpg,late_blight,tomato,cd5f109b33cea54ad83f66c0a2219cb5d3a1e7106cb5cd064a0cccaa43c128b7,3539
clean_dataset/tomato_dataset/train/late_blight/83296.jpg,late_blight,tomato_dataset,1d68c67918783c91db0a0f10f3e0583590bb6af1be5eeb72b128a714e4b3cdce,3540
clean_dataset/tomato_dataset/train/late_blight/83042.jpg,late_blight,tomato_dataset,3da92bab41a198265c36eb1b46a117d022f265e88b63d5544399641d1593ec75,3540
clean_dataset/tomato_dataset/train/late_blight/83043.jpg,late_blight,tomato_dataset,abc34b2760d99ccabbf748637fc267fe871a53c2a81b66fb719bddc045449864,3541
bounding_box_dataset/tomato/train/late_blight/83043.jpg,late_blight,tomato,15f624953e874420269f63e63a629da1dd38fa9110f435de7d3728afc81619c1,3541
bounding_box_dataset/tomato/train/late_blight/83055.jpg,late_blight,tomato,dc2397bbf79cb2e4bc088c6f84b33a6c56dc2fd33c8ba9ca821cff71261ec035,3550
clean_dataset/tomato_dataset/train/late_blight/83055.jpg,late_blight,tomato_dataset,31e8fcc2b5a7a283dd59ff6ce197c44379840deaf8c098ad0a6f566f4b7e5198,3550
clean_dataset/tomato_dataset/train/late_blight/83058.jpg,late_blight,tomato_dataset,9b2ea91ba8cc9d7c1bb2b4bfc390c6778c0e9ef8d8356c57bf9d40eec450df30,3552
bounding_box_dataset/tomato/train/late_blight/83058.jpg,late_blight,tomato,f56882d605ef33c1b4a9a3af042e82c4fb1d0cd6fe84419cc33e1b2c830f2683,3552
bounding_box_dataset/tomato/train/late_blight/83060.jpg,late_blight,tomato,237ef2591f51a51baa9534b592430d6ea33673c7f683bab9eb697d2bee8fe12e,3553
clean_dataset/tomato_dataset/train/late_blight/83060.jpg,late_blight,tomato_dataset,2cbb0b7be529ffcf07ee40e26fee9effc32a4449594d051fa4239075b5d2a9e9,3553
clean_dataset/tomato_dataset/train/late_blight/83062.jpg,late_blight,tomato_dataset,31626743bb09840162a3726cb7eb482236d5001d5c7b87ab5b2357ee9c8346fc,3554
bounding_box_dataset/tomato/train/late_blight/83062.jpg,late_blight,tomato,634ad8b91a4ba2816aed007991ce404a593699a16d5018acc5d1dbe103e2c995,3554
clean_dataset/tomato_dataset/train/late_blight/83081.jpg,late_blight,tomato_dataset,04edb5a3ec6b9d163798fa9261c2171f83541e3511a9909a68d0aa6437bde5fc,3567
bounding_box_dataset/tomato/train/late_blight/83081.jpg,late_blight,tomato,4eccfd7510a30fecef952b43d32c50fffdcc9f21f1adf63133ab124d9b14a779,3567
bounding_box_dataset/tomato/train/late_blight/83082.jpg,late_blight,tomato,3673d7f8dd972b8f20bcfb8a08b23f36b5559bbda08067938fad18e1f23aa602,3568
clean_dataset/tomato_dataset/train/late_blight/83082.jpg,late_blight,tomato_dataset,e24f9b3993be1723c5686f8955d8f62ab3f2058bed4dcdcae77892eed8fe3c75,3568
clean_dataset/tomato_dataset/train/late_blight/83090.jpg,late_blight,tomato_dataset,8361b478263c1596b538fbcf3bc35f424fc0d8d70c0c4a431e1ed413dff47ec3,3573
bounding_box_dataset/tomato/train/late_blight/83090.jpg,late_blight,tomato,b5b49a052b38a5b4d8092c226485d2bfc0b47e4be180b23b1fd429518af3b16d,3573
clean_dataset/tomato_dataset/train/late_blight/83094.jpg,late_blight,tomato_dataset,4bf17ea37476e0e110e2469c5e0ecdf77189137218b94b32ba302a3fd76ff477,3575
bounding_box_dataset/tomato/train/late_blight/83094.jpg,late_blight,tomato,eff3277d1538a143a1ff652432308139e57ce2d80337f0d5c2f43ee5c24ce254,3575
clean_dataset/tomato_dataset/train/late_blight/83101.jpg,late_blight,tomato_dataset,2be92e41c757ced4ceb2224ae4963def393ab66aa7a4b2abb0be1dc3cc878ab7,3579
bounding_box_dataset/tomato/train/late_blight/83101.jpg,late_blight,tomato,779aaf98d814bf87d11ac187ef18e4e8baee94d8e513d26bfada10e28d5702e5,3579
clean_dataset/tomato_dataset/train/late_blight/83106.jpg,late_blight,tomato_dataset,23970fb4181d6c189b95e4a5648605a1009252fb49e3d43ccaea24751bd2a6b4,3582
bounding_box_dataset/tomato/train/late_blight/83106.jpg,late_blight,tomato,55d434395e73259ceda3ec4dc759869b318a23031759408f9d889314e3cd4c3c,3582
bounding_box_dataset/tomato/train/late_blight/83113.jpg,late_blight,tomato,f60aff5909a7f654b39623bc01716356e75c757e3be4fda0990a84a86ca96b54,3587
clean_dataset/tomato_dataset/train/late_blight/83113.jpg,late_blight,tomato_dataset,96c9f6a9ec17f0511c293b258e175ba96e46f6eef8a65f75f5d5f65bfe2897a6,3587
clean_dataset/tomato_dataset/train/late_blight/83114.jpg,late_blight,tomato_dataset,2179ecf4846dfa754583e8d564be2dcd5c88fdddfa14677122d1a3de513ef1a9,3588
bounding_box_dataset/tomato/train/late_blight/83114.jpg,late_blight,tomato,18415a734454526df597667673fe9fe726e4e32d6edaa21b4da5d9c742b8ee06,3588
bounding_box_dataset/tomato/train/late_blight/83127.jpg,late_blight,tomato,779704e0c38e7681298a0a7d6ad28246bb806329979ef3db94dc5dc16edfc5d9,3597
clean_dataset/tomato_dataset/train/late_blight/83127.jpg,late_blight,tomato_dataset,44a8641d57f0f41e0b22ed8157fa5a4ede399d722e7b51108c76c626ddf75d0b,3597
clean_dataset/tomato_dataset/train/late_blight/83128.jpg,late_blight,tomato_dataset,4eab271f8faf30df1cef20a4fd6126583d27ed5c77b9de95a1201160b54f22e3,3598
bounding_box_dataset/tomato/train/late_blight/83128.jpg,late_blight,tomato,578a4afbb30b93570d479f9c738f3ba028b27b90c431b0aff09b1e8c534661d4,3598
bounding_box_dataset/tomato/train/late_blight/83129.jpg,late_blight,tomato,c26c3191983dd7eab3dbcc4a36c06a1c6187768d9a3e195ea4b019e4d4688380,3599
clean_dataset/tomato_dataset/train/late_blight/83129.jpg,late_blight,tomato_dataset,4129055c78d3b89d318a5a9eba4c1c6d2aa2d9e47f9baef52383a67c2170e9c5,3599
clean_dataset/tomato_dataset/train/late_blight/83130.jpg,late_blight,tomato_dataset,4fbf83ed5548da45d9c203f617caae3943f2179bb4596014fb0b2cebe0a63a2c,3600
bounding_box_dataset/tomato/train/late_blight/83130.jpg,late_blight,tomato,4d0cb2d19788a29e8846cac1de293918cc3641823f12ebfdbc40e7218fcf176d,3600
bounding_box_dataset/tomato/train/late_blight/83142.jpg,late_blight,tomato,056aeba2dd77a444cd9b9dde1dce28227e31aa202ee2db2047e34b126511d1d6,3608
clean_dataset/tomato_dataset/train/late_blight/83142.jpg,late_blight,tomato_dataset,9aba817c39db214e882f934b3f3589de7418cdaae4f4a8d27238d969b4d84306,3608
clean_dataset/tomato_dataset/train/late_blight/83149.jpg,late_blight,tomato_dataset,3c1de6724b963bf85d9e42eae41384f2d03c6c3f7440761695a5954d85617562,3613
bounding_box_dataset/tomato/train/late_blight/83149.jpg,late_blight,tomato,e7355021d389cb6ba718639ab609e7c17e0b58361503e4e9ae25ef70467f0d24,3613
bounding_box_dataset/tomato/train/late_blight/83151.jpg,late_blight,tomato,9fdf16394388288f3659bfd4e834d2f3ae675f1e6dc261e512098f805952510f,3615
clean_dataset/tomato_dataset/train/late_blight/83151.jpg,late_blight,tomato_dataset,414d9ab410b6c9e13a2f4a5b729cf3d7f40ad2e11e5258a9c89c2eb525aa6c9d,3615
clean_dataset/tomato_dataset/train/late_blight/83156.jpg,late_blight,tomato_dataset,c686a1398b5627753a4c83272688cc74727f4c821b8ea3837267f88cc3ce3cc6,3618
bounding_box_dataset/tomato/train/late_blight/83156.jpg,late_blight,tomato,6ba26aacaccce2ee04781f63b643554ccafde777eb25a2117cb765e7e8764028,3618
bounding_box_dataset/tomato/train/late_blight/83173.jpg,late_blight,tomato,d8888853530414f7b2f25cd9f55f962e625a58f939657a60f27b3601b4a2f5cb,3630
clean_dataset/tomato_dataset/train/late_blight/83173.jpg,late_blight,tomato_dataset,522a36daa9ad4fc96f36e503b2804322f8072fd1fd9533cc00d3a5864bb61c8d,3630
bounding_box_dataset/tomato/train/late_blight/83174.jpg,late_blight,tomato,48a7d66c08c6f2763a9b6720868f1618394d58355b7a289a18dc28993c33a02f,3631
clean_dataset/tomato_dataset/train/late_blight/83174.jpg,late_blight,tomato_dataset,4f6382408da63d3c06ea589b886e93bd7bb6740ae231c32a7716bec1b72f2237,3631
clean_dataset/tomato_dataset/train/late_blight/83175.jpg,late_blight,tomato_dataset,ba78abc1ccd1835243db04ce9f3aaf2b2c1f55c738a3017b96fb0320f5ab103e,3632
bounding_box_dataset/tomato/train/late_blight/83175.jpg,late_blight,tomato,601f49a9ab283a264dba9426002276966baf8b96cd6a1cfad8ca5b9a51fbf275,3632
bounding_box_dataset/tomato/train/late_blight/83179.jpg,late_blight,tomato,8c5165717a9bd1e421e722d2a12cb285d8506e7fa1cfb3708d90a19ccb1d6e74,3636
clean_dataset/tomato_dataset/train/late_blight/83179.jpg,late_blight,tomato_dataset,b0a2ae1c261e070b417f630f3c070a52ffe0b6cd9693c940d3fbda7a7b139ae8,3636
clean_dataset/tomato_dataset/train/late_blight/83187.jpg,late_blight,tomato_dataset,f63369b984818b93b8915675dee9aa2f944cebfeb3e730cc2ff5cc48e60387ca,3642
bounding_box_dataset/tomato/train/late_blight/83187.jpg,late_blight,tomato,4a363de12c8ae1a4c34f20baa149c7afa51c5cc2dbf362afc9b170424f8802d5,3642
bounding_box_dataset/tomato/train/late_blight/83190.jpg,late_blight,tomato,0fbaf7ddbc71679025f53a8a85924c81d007aa3d9ed08c93c31fadb34506178d,3645
clean_dataset/tomato_dataset/train/late_blight/83190.jpg,late_blight,tomato_dataset,08a48af2bba35a34b9f829382afb4b81f92510bf5e5ffe8f1ce517fca3275a68,3645
clean_dataset/tomato_dataset/train/late_blight/83210.jpg,late_blight,tomato_dataset,5b8f6ed0003af6158fb1b3300fc59f5c5ec23cfb7bcc8a3db8d1b6821f76f51a,3657
bounding_box_dataset/tomato/train/late_blight/83210.jpg,late_blight,tomato,70cc9266e574f971aabc3b92d88c939fe0e3a246df244268b1a49d797c1f33e7,3657
bounding_box_dataset/tomato/train/late_blight/83211.jpg,late_blight,tomato,ac2d162177a842bbb882137fb53eed31da322c8c28e4b2c7ebe2b6bf4d59cb31,3658
clean_dataset/tomato_dataset/train/late_blight/83211.jpg,late_blight,tomato_dataset,5351f178279377822d7fd1aeb58d724be07df720356c8b589469d88efaa7e404,3658
clean_dataset/tomato_dataset/train/late_blight/83212.jpg,late_blight,tomato_dataset,ac4d3ac4ee77ced54042681a01e892a97238abebbf9b7a704c19aa8862480bca,3659
bounding_box_dataset/tomato/train/late_blight/83212.jpg,late_blight,tomato,6ff279d2829bd787dfc93375b54aedb1a73714e406fed697ea2d6809d4056d91,3659
bounding_box_dataset/tomato/val/late_blight/81972.jpg,late_blight,tomato,fe626c6c66b90f4a2c11f21a9015f89dff62099bb137130efe57a7f627eca18d,3662
bounding_box_dataset/tomato/train/late_blight/83217.jpg,late_blight,tomato,7de17c0590845d8cb353c635107d3aaadeb4c82e6023590586ae7df4003a3151,3662
clean_dataset/tomato_dataset/train/late_blight/83217.jpg,late_blight,tomato_dataset,827b530325084dd1e4d4f6f2ebd74c387f88b8fff08898a7fa6dfc16b31dba1b,3662
clean_dataset/tomato_dataset/train/late_blight/83219.jpg,late_blight,tomato_dataset,7ceb9ae709a49d5a1973613b544b1d820dcd23dbb859847c0d28667f4ce27ee6,3664
bounding_box_dataset/tomato/train/late_blight/83219.jpg,late_blight,tomato,934c2124346f3a0e6d2c86af392b12662961bd9639ddcf1a2530efbc4e3a76bd,3664
bounding_box_dataset/tomato/train/late_blight/83220.jpg,late_blight,tomato,7870e0f6fa33c4cb70f91f2e646c68205d83e6bd4a70b46f609f8eaf6f9b28c0,3665
clean_dataset/tomato_dataset/train/late_blight/83220.jpg,late_blight,tomato_dataset,18d3844242c361799119e72f4cdc3e8d59f20e0415ac1c310049ad4908315f35,3665
clean_dataset/tomato_dataset/train/late_blight/83245.jpg,late_blight,tomato_dataset,3e9952b2e8ad25274473e88eee43672c9c56d49199df071b2107abf8c3128571,3682
bounding_box_dataset/tomato/train/late_blight/83245.jpg,late_blight,tomato,c178d757429073cbe37c251b2845937e8e6147e04022ea108eb99b2d1461a998,3682
bounding_box_dataset/tomato/train/late_blight/83249.jpg,late_blight,tomato,135c1f4ffe86e9ddf28623d4ea492cd6ebba49f8c69cdddbdacae18419d51fc3,3685
clean_dataset/tomato_dataset/train/late_blight/83249.jpg,late_blight,tomato_dataset,1cc2944058504883d71e9e9cd41c78cebbed7ef744b5732e4049f0fe3026f22f,3685
bounding_box_dataset/tomato/train/late_blight/83263.jpg,late_blight,tomato,8d21b1f08d34ff21678b82b4918a9200d41d3a005991ea5ecea18b898bd616cc,3696
clean_dataset/tomato_dataset/train/late_blight/83263.jpg,late_blight,tomato_dataset,a901c6137a6ab17e68707af70be2424317c5f04ca92a8cb811e0ec37b15eac79,3696
clean_dataset/tomato_dataset/train/late_blight/83272.jpg,late_blight,tomato_dataset,b6712e6bcafcb23116f5912ca9f59cef1cc9fe72f391fc978fefa31fa5832c17,3701
bounding_box_dataset/tomato/train/late_blight/83272.jpg,late_blight,tomato,8d3597a14521789a8373dfe6ab68930669d817bdc2e50ac5bc7d7d7828e2ffc0,3701
bounding_box_dataset/tomato/train/late_blight/83275.jpg,late_blight,tomato,3ecd12607a472f953b076e5959372fd92a0e63b3575ed491593871b6a1bf140e,3704
clean_dataset/tomato_dataset/train/late_blight/83275.jpg,late_blight,tomato_dataset,3fbbe43d1bedd49eeddff8792a1f3ad67b9059ba2064db7aebdbdb2411cd6f92,3704
bounding_box_dataset/tomato/train/late_blight/83281.jpg,late_blight,tomato,601901f4585d21a60cdbe8f23dcbd2f9e5d420f9b80b4b90feeb8360830e9c35,3708
clean_dataset/tomato_dataset/train/late_blight/83281.jpg,late_blight,tomato_dataset,4d9d86fdf4fb10aefe663a2edfbb1673de77e1dfa3b60b33556aed477d1f1627,3708
clean_dataset/tomato_dataset/train/late_blight/83288.jpg,late_blight,tomato_dataset,952acb0d12a7987fb82f4aef81750c37d2ad025f9eff7ccb55abce4bbfbdca6f,3714
bounding_box_dataset/tomato/train/late_blight/83288.jpg,late_blight,tomato,3c1c74e68ae9b5f1d4942a6d3b7ceaf67c37f2adf1d12d57c7932505452b1daa,3714
bounding_box_dataset/tomato/train/late_blight/83290.jpg,late_blight,tomato,ef3afa65772be2a053308aa83b49692025bbb2ad8652440852925db88d719293,3716
clean_dataset/tomato_dataset/train/late_blight/83290.jpg,late_blight,tomato_dataset,30596459b51b27f06772b630ad9036611e47a9979938d2be25f44310f68d6dd2,3716
clean_dataset/tomato_dataset/train/late_blight/83301.jpg,late_blight,tomato_dataset,b650a8e135f41a894c86c99a28976e1a2fbf665718b832bc91ef245ddd312816,3722
bounding_box_dataset/tomato/train/late_blight/83301.jpg,late_blight,tomato,8562b22033f8392a0c72ecb50379e35a294db44cee8dfee5e349d10fb7bbc78c,3722
bounding_box_dataset/tomato/train/late_blight/83304.jpg,late_blight,tomato,73656ad2df252106d13e05d39d5e91e252cc5dd4b9cd45a01cf89dc20ca96c18,3723
clean_dataset/tomato_dataset/train/late_blight/83304.jpg,late_blight,tomato_dataset,fd0d6ac2e88f568415a8617c86a54db81399fae0c7ff16bc316c357ed43cc33c,3723
clean_dataset/tomato_dataset/train/late_blight/83305.jpg,late_blight,tomato_dataset,b0988bb219ec5187887502f0634e03f247c82289ce850ebee24a995f43488615,3724
bounding_box_dataset/tomato/train/late_blight/83305.jpg,late_blight,tomato,c6be26a2176d3ac30164432e1732c2d0896041932a2f2eacdf695bc7e06ce803,3724
clean_dataset/tomato_dataset/train/late_blight/83306.jpg,late_blight,tomato_dataset,6dd25c9cc7b0f5d5e6f09b7172b447f0fa1b505b3a8b3536141edbd4dbd9416f,3725
bounding_box_dataset/tomato/train/late_blight/83306.jpg,late_blight,tomato,22dd5bb878f25d7fd01f10906612217f1a123d3b964eca7077588c1b398ee468,3725
clean_dataset/tomato_dataset/train/late_blight/83321.jpg,late_blight,tomato_dataset,44493a26cad4de980a15f4a1a5aa8c714b10456a6c56ad73ed307f5f52ec9c7f,3734
bounding_box_dataset/tomato/train/late_blight/83321.jpg,late_blight,tomato,89d94ee453a773a4fc792aac141eb004d560fd7b6aac730b0817349012362593,3734
bounding_box_dataset/tomato/train/late_blight/83332.jpg,late_blight,tomato,e8bc600950830fb225f5a82c1725f850119ed522a5cba1250dcd57d6b4af2f3f,3740
clean_dataset/tomato_dataset/train/late_blight/83332.jpg,late_blight,tomato_dataset,21f5f53ed44b16d0c1a37f84fcee579716cf7ed52b05924a0d4a81cca48dc5de,3740
bounding_box_dataset/tomato/train/late_blight/83335.jpg,late_blight,tomato,804ce6aaa9fd6b15b29dd62f173d56190db8c4fbba577556c1c2a32c65530433,3741
clean_dataset/tomato_dataset/train/late_blight/83335.jpg,late_blight,tomato_dataset,a6bc1db2751010b9fd34632a51c1dc98d5fc7cce4f4b77601375778d9120cb94,3741
clean_dataset/tomato_dataset/train/late_blight/83338.jpg,late_blight,tomato_dataset,44e008117a4c6bcdf4a04a4b65b465d80a72f652b53fad7c242a633e6336e5b0,3743
bounding_box_dataset/tomato/train/late_blight/83338.jpg,late_blight,tomato,61a6edd26651458dc6040a0d001e60c0bada309f89f140cdede8c4da9d3695b6,3743
bounding_box_dataset/tomato/train/late_blight/83346.jpg,late_blight,tomato,f5f9a0379f4400f42c3781bf4a5506b61c736fa682136e2800390dcaf8018204,3749
clean_dataset/tomato_dataset/train/late_blight/83346.jpg,late_blight,tomato_dataset,0a171856618f896d0554e794afce11c53c349b6eb2ac0694b0f4357e9271869e,3749
bounding_box_dataset/tomato/train/late_blight/83351.jpg,late_blight,tomato,d050f57afbcbc6b80666fa3449571b214acdb29bd8f18400fb81ce37a1d7aa07,3752
clean_dataset/tomato_dataset/train/late_blight/83351.jpg,late_blight,tomato_dataset,bd96c223db8b0f43f65d801104b9d5bb69b27aefb9572a42ce1126c310090aa9,3752
bounding_box_dataset/tomato/train/late_blight/83353.jpg,late_blight,tomato,549cc1e2c51c718669c4f6cdae13850a716166d606f78929568f564769d10d78,3754
clean_dataset/tomato_dataset/train/late_blight/83353.jpg,late_blight,tomato_dataset,347a21042a7a9f3c23eb0ba2718be8e55854313854ff461362293aa22ae48ea5,3754
clean_dataset/tomato_dataset/train/late_blight/83358.jpg,late_blight,tomato_dataset,dda15b863a4762a3c7d7f675e4d3abe8df5e35958c0b2d9a633c955a825a19f8,3758
bounding_box_dataset/tomato/train/late_blight/83358.jpg,late_blight,tomato,84dbb0a686f65e7c59e6eea1629db71f71f1aa6e8497c990a4561fc2700220e1,3758
clean_dataset/tomato_dataset/train/late_blight/83362.jpg,late_blight,tomato_dataset,fe1fde374df204133a6ddc10bebf9a135ca329af1b5ae44b29e9badb8e51c8c4,3761
bounding_box_dataset/tomato/train/late_blight/83362.jpg,late_blight,tomato,fe8caacc4ef91b4b312008b144e60d437bb64121382bc6d769ef8deeeef70fe1,3761
clean_dataset/tomato_dataset/train/late_blight/83375.jpg,late_blight,tomato_dataset,122c9b7cf2f7802c505320f9b150799988652ff0923b16f0f3c7cd2340c0d639,3771
bounding_box_dataset/tomato/train/late_blight/83375.jpg,late_blight,tomato,2569cf4fe34b9dda9efeedb0d5fde7afdc92f3020a8b723625d036a0aa5fa06e,3771
bounding_box_dataset/tomato/train/late_blight/83376.jpg,late_blight,tomato,f5cbd211e490027b15822c2ecea9a36dbdb81961d658c50997f187fe25d5b6d9,3772
clean_dataset/tomato_dataset/train/late_blight/83376.jpg,late_blight,tomato_dataset,3e26987db309982c1aaca2076a242125466eb0208959ef2a7b7f40001f335327,3772
clean_dataset/tomato_dataset/train/late_blight/83379.jpg,late_blight,tomato_dataset,5b1aff60ea0489275b162d94a43a64a75f17a05bded66109c3fff60a1b048f3e,3775
bounding_box_dataset/tomato/train/late_blight/83379.jpg,late_blight,tomato,7693859b10d02b13d581e70ea9a9413002b06a0f33f19a1b02fd8c1d5c19e61b,3775
bounding_box_dataset/tomato/train/late_blight/83385.jpg,late_blight,tomato,0d67964485e7445d6c4c29528efc697b0e2d485f27f623dddd2102238e9b31db,3780
clean_dataset/tomato_dataset/train/late_blight/83385.jpg,late_blight,tomato_dataset,b8104c26d4c1d8f9d84e1f3c7b9c77e9dc5e9a15c9ef34a5d31fdbfd851a8e90,3780
bounding_box_dataset/tomato/train/late_blight/83388.jpg,late_blight,tomato,fbb2a3e70b94b636e8e011fb2f5ece613b04d21e8b96866cac88282bfb2e8f60,3782
clean_dataset/tomato_dataset/train/late_blight/83388.jpg,late_blight,tomato_dataset,9f345f42f95e576456d5c700898cd514c653f41369c57f144503ab9955090379,3782
clean_dataset/tomato_dataset/train/late_blight/83389.jpg,late_blight,tomato_dataset,567577d6112678ebc6e565c47eb9e1c00b35504e8ce944021b230fe5104cf798,3783
bounding_box_dataset/tomato/train/late_blight/83389.jpg,late_blight,tomato,035c110e0745049c4d2e8fad356f642c6049e5d82de1bebd42dfb2195d1db0c8,3783
bounding_box_dataset/tomato/train/late_blight/83398.jpg,late_blight,tomato,b2cd184bcad64b75e4fbec327b02e289f44999c4f1bc01df6ec3ebcde65d8bb0,3788
clean_dataset/tomato_dataset/train/late_blight/83398.jpg,late_blight,tomato_dataset,8d891359d283c1fd5853c8ec67230dd4824ed076864ca489def5489f90b7cac0,3788
bounding_box_dataset/tomato/train/late_blight/83404.jpg,late_blight,tomato,a2e08324022858586b6e37ad4fd64620238a41fe6923ccfce255162578d931b6,3791
clean_dataset/tomato_dataset/train/late_blight/83404.jpg,late_blight,tomato_dataset,c3801c14e8c03c03cf549db5c8c090c4c0f22c432ba5d4e17b89eaac58fa4192,3791
clean_dataset/tomato_dataset/train/late_blight/83410.jpg,late_blight,tomato_dataset,76615970da95ee22a608c25dc1f0ff72f61b27d800930b53dff7a262e5f83436,3795
bounding_box_dataset/tomato/train/late_blight/83410.jpg,late_blight,tomato,a68afb2a7ea22b5c6fbf55bd08e7bf8c1a0706ca82a44db0173405d9425f0ac4,3795
bounding_box_dataset/tomato/train/late_blight/83414.jpg,late_blight,tomato,23f72349ef5378afed252890e1f8b6b69a38b2f45603a299343fcbbb4136f18d,3797
clean_dataset/tomato_dataset/train/late_blight/83414.jpg,late_blight,tomato_dataset,812d72a517ec061dbb27196a5b32e7c3523e9a668b3366627ae3f2cfa151012f,3797
bounding_box_dataset/tomato/train/late_blight/83415.jpg,late_blight,tomato,04ad87e2d94a0519af81b947faee60dc14ce2f91044241cb8844ede171246b48,3798
clean_dataset/tomato_dataset/train/late_blight/83415.jpg,late_blight,tomato_dataset,da604b8e18e1c3ddc8975e8cdeaeecec12b095111fd483b8e4f78afbf13bd65d,3798
clean_dataset/tomato_dataset/test/early_blight/80539.jpg,early_blight,tomato_dataset,2b311c42028327a508f219bc8e4d06771585c70318dd600317ea9351dcb99ff9,3803
bounding_box_dataset/tomato/test/early_blight/80539.jpg,early_blight,tomato,fcf7a9846a7d3185edd6819c747d43adcf1469eef4e40fd48d7cffff60de934f,3803
bounding_box_dataset/tomato/test/early_blight/80550.jpg,early_blight,tomato,b272228d16777937ae92d65ff14170977674c0cfb122d65922d494698a5034d1,3805
clean_dataset/tomato_dataset/test/early_blight/80550.jpg,early_blight,tomato_dataset,e1a2cf3454caae01c9b1f798c10513338dd9af3c034a5e1727084be8c173ed9a,3805
clean_dataset/tomato_dataset/test/early_blight/80590.jpg,early_blight,tomato_dataset,cf6bfd47a3c584c687f607cfd089dcc39b6cbece81637ac3b380a940d4844957,3806
bounding_box_dataset/tomato/test/early_blight/80590.jpg,early_blight,tomato,62b5802d05fc1af829767860dd4c60ce07c222a17b57dd751fbf3ed39254218e,3806
clean_dataset/tomato_dataset/test/early_blight/80623.jpg,early_blight,tomato_dataset,b46e3b6e9c04ae76dec2cfc3d06f1cce240551e97fe1a34999aa131564429a35,3809
bounding_box_dataset/tomato/test/early_blight/80623.jpg,early_blight,tomato,c1b843fe9a98b49f1433c440a3dc09ce1875014e36adbe7ed5109fc7a383162f,3809
clean_dataset/tomato_dataset/test/early_blight/80662.jpg,early_blight,tomato_dataset,724f476760fb82866e3f6790fc0dd3836fc462be8bf451dad19516786b271ce5,3815
bounding_box_dataset/tomato/test/early_blight/80662.jpg,early_blight,tomato,fdc2d959ced8588830af041b4ea361a899d218f3cf17be219eeeed03a3f92b57,3815
bounding_box_dataset/tomato/test/early_blight/80663.jpg,early_blight,tomato,e9126a95dcacae6b19be5830c511ea533e6001ac98f26c092faa012a639e2159,3816
clean_dataset/tomato_dataset/test/early_blight/80663.jpg,early_blight,tomato_dataset,691c6dd36eb9b42c5bf1f26e141999fbeae985d8086b2c8c8fd833f017ebdd32,3816
clean_dataset/tomato_dataset/test/early_blight/80714.jpg,early_blight,tomato_dataset,3d7439ea7f7bafce29f4b2f5b080777017c2e65b554daa49408c9035df449d7f,3824
bounding_box_dataset/tomato/test/early_blight/80714.jpg,early_blight,tomato,b8a8db0779550a7fc0c2d2e53f2cb8ca1ce2c13edc862d9cf69d29bad780fa08,3824
clean_dataset/tomato_dataset/test/early_blight/80726.jpg,early_blight,tomato_dataset,c788eb323badcd8d76c2149d91b16d019a3965672df34868f6d5ef1d7f5952fe,3828
bounding_box_dataset/tomato/test/early_blight/80726.jpg,early_blight,tomato,a0b0286b088aca8ba77e4b72962c09cc080d878a72916522f56901fa5a794c8d,3828
bounding_box_dataset/tomato/test/early_blight/80779.jpg,early_blight,tomato,a3be3c7af9cdbeaa3100473a831ef36147ef38a084c7d49d8f2a838cc80f60d1,3835
clean_dataset/tomato_dataset/test/early_blight/80779.jpg,early_blight,tomato_dataset,070efc7c1348b1d371ab0a12da0fc26e3e684ab96feea827346a961077d61837,3835
clean_dataset/tomato_dataset/test/early_blight/80815.jpg,early_blight,tomato_dataset,dfd9a894d034855514c20db618d452c12b288da9ee5f2087941abdd31568c3f7,3841
bounding_box_dataset/tomato/test/early_blight/80815.jpg,early_blight,tomato,7f4f7d01f700ed888a6c2d764fcb7797c0bb7ca6d06a210025484ee58ff707a6,3841
bounding_box_dataset/tomato/test/early_blight/80833.jpg,early_blight,tomato,b3e358040aa12d51b1a11abf18bdfe0682c83135b179b3572c85a8a9e7fc7b35,3844
clean_dataset/tomato_dataset/test/early_blight/80833.jpg,early_blight,tomato_dataset,6e4edbe731686a07aea2ba4973143d38d657b1e6f42314fd9e0c72bad4b03eb4,3844
clean_dataset/tomato_dataset/test/early_blight/80845.jpg,early_blight,tomato_dataset,f97e71a0d596bd1dfc7ef3d3ef3134f2ecd00ff15fa348073cee3da30f636c1f,3847
bounding_box_dataset/tomato/test/early_blight/80845.jpg,early_blight,tomato,7b579e16e1da4001e3c0a49314ef12a955a2ca2318d196b0e60466704fb67fbb,3847
bounding_box_dataset/tomato/test/early_blight/80861.jpg,early_blight,tomato,2bf8d5c06025d28352d8f8e0ddf7b83f1029152382dff346672514820b34be9c,3851
clean_dataset/tomato_dataset/test/early_blight/80861.jpg,early_blight,tomato_dataset,9b88607cee7dc8a8346d78823684018d0de2c5a2267924e34f25b77625afe724,3851
clean_dataset/tomato_dataset/test/early_blight/80880.jpg,early_blight,tomato_dataset,884aab1b14a4dca15d447a8fb04a2350d9201f9e64fdbb8ad2ed00753ecea1ae,3854
bounding_box_dataset/tomato/test/early_blight/80880.jpg,early_blight,tomato,9222449caddbbd750d2526b8b0297ed3c9d670d79e8a03da6e407abc95397573,3854
bounding_box_dataset/tomato/test/early_blight/80894.jpg,early_blight,tomato,b4453267d78d9023ef000f3cf4e20b78be8fdaa0eaeb8968d9d79ce525a434cc,3860
clean_dataset/tomato_dataset/test/early_blight/80894.jpg,early_blight,tomato_dataset,732fe1cdd91f7bccb528a0efcdc9240d45c0dffabbe94d5f4a6da50f597346ca,3860
clean_dataset/tomato_dataset/test/early_blight/80904.jpg,early_blight,tomato_dataset,7d8bac364ad48231b7ea4ac965084423dd92b7a321c2e9d69f311b0c846305b0,3861
bounding_box_dataset/tomato/test/early_blight/80904.jpg,early_blight,tomato,ef52cbc4dc78f6a5eeb97595614413b5c7c8f3301001fdae1def6a962a01de17,3861
clean_dataset/tomato_dataset/test/early_blight/80908.jpg,early_blight,tomato_dataset,95febb5e22911fd17824d8dca91b2ae2711e81fdc1e279d3c033fbae05befce3,3862
bounding_box_dataset/tomato/test/early_blight/80908.jpg,early_blight,tomato,3c332a8e559c0e933126149e23a1f1de35110811971ddc131df754dfe57681c9,3862
bounding_box_dataset/tomato/test/early_blight/80913.jpg,early_blight,tomato,2a1ea19b9ab4cd6cf0e73ed24118a670acc2217deb3eddc1a4ee39da48621bae,3863
clean_dataset/tomato_dataset/test/early_blight/80913.jpg,early_blight,tomato_dataset,03134a3fa74064da2c9006940139c6ee873283eb770c913b8b6645322c8557a2,3863
clean_dataset/tomato_dataset/test/early_blight/80921.jpg,early_blight,tomato_dataset,367271b603147df83ed3e5928096ffcd2d698c3bcb19c76976668d36a124b144,3864
bounding_box_dataset/tomato/test/early_blight/80921.jpg,early_blight,tomato,1d6f532f0803c585b5a5b64da79270699b1dc445eee0b8ffa13dccaf00e17ddb,3864
clean_dataset/tomato_dataset/test/early_blight/80933.jpg,early_blight,tomato_dataset,03df738a7ea226d584284be15f5474c87632612bc28809a524162086c7706c2f,3865
bounding_box_dataset/tomato/test/early_blight/80933.jpg,early_blight,tomato,25b001ddcf55a8d315c335839921722afe1a6451133a06d8e81806539d1401ce,3865
clean_dataset/tomato_dataset/test/early_blight/80938.jpg,early_blight,tomato_dataset,b4d75b3b7376664f648c4d2b5031d39f6c11312eafcdb607db5ee09c8594b6d2,3866
bounding_box_dataset/tomato/test/early_blight/80938.jpg,early_blight,tomato,e128fcdeef14f8c1d20c5971bc728b10d8151bc794ab21a9e47a3365a581ee83,3866
bounding_box_dataset/tomato/test/early_blight/80946.jpg,early_blight,tomato,2883d2fc0bc5b48b748ddfb0a9983147c6bf9486b67d5ab38dab04061189f3bb,3867
clean_dataset/tomato_dataset/test/early_blight/80946.jpg,early_blight,tomato_dataset,1a4c189108b25ca6f5a68a4dade28bc63d4926d9c65dfca38abb541121fc295f,3867
bounding_box_dataset/tomato/test/early_blight/80966.jpg,early_blight,tomato,0569c2cfcedcd805d057374253e588f5c442c98f2a801fece29df6945d762ac4,3869
clean_dataset/tomato_dataset/test/early_blight/80966.jpg,early_blight,tomato_dataset,50c211d04fafe0d54a0943ab91cab7af290090af0bc5ae9a8460a0cf96659dc8,3869
bounding_box_dataset/tomato/test/early_blight/80998.jpg,early_blight,tomato,722e986a31b6b306d2c08c6fef8e65390dfc59edd6bac202bb6205a8ab50ead5,3872
clean_dataset/tomato_dataset/test/early_blight/80998.jpg,early_blight,tomato_dataset,9eb5af93c2a76251303c988ba0db6f677e5557bbf2f289a4d7331be8ffa5830e,3872
bounding_box_dataset/tomato/test/early_blight/81025.jpg,early_blight,tomato,e0a6b47db6433bb688231ed02078163f1439fd459527efab9d24a66ba73a35e3,3874
clean_dataset/tomato_dataset/test/early_blight/81025.jpg,early_blight,tomato_dataset,93614e813f3d4af5d48046c210c102fcf1d36be4e5fc9c68943b65ede99763ac,3874
clean_dataset/tomato_dataset/test/early_blight/81032.jpg,early_blight,tomato_dataset,38b437685e3f76b34c47347ac0157962fa477589cc4bf9e9e2a85e25e203d0be,3876
bounding_box_dataset/tomato/test/early_blight/81032.jpg,early_blight,tomato,e5d8ee6c8115bcd42376274b00a3dca53e5ad64e6daf0ce23773aa92250f32cb,3876
clean_dataset/tomato_dataset/test/early_blight/81077.jpg,early_blight,tomato_dataset,ff2b78f5acc4cf41b013b60775a4ceb2902049c6dca9b9fe3deefb1dd887de20,3882
bounding_box_dataset/tomato/test/early_blight/81077.jpg,early_blight,tomato,23884a1ec61adeece83943b9e92c7612d07c8a0a2cbc75f81b5b4cdb9509ffef,3882
bounding_box_dataset/tomato/test/early_blight/81079.jpg,early_blight,tomato,c2022c5770455121794d2bee2367ac06be54a7739ad73a789d3a512f3b489448,3883
clean_dataset/tomato_dataset/test/early_blight/81079.jpg,early_blight,tomato_dataset,253c71af83d23efce83b5f26408b5611964c579ac86fc0834a6e7749802acd4d,3883
bounding_box_dataset/tomato/test/early_blight/81096.jpg,early_blight,tomato,6ad127b2c4585cbeef8c6171b0e994b2f3b7f90e75a98f046613e40e37ed2512,3886
clean_dataset/tomato_dataset/test/early_blight/81096.jpg,early_blight,tomato_dataset,c7b845034f2591be8a44b3744508f9e9f100258fc3ba57326a9b23f97e21194c,3886
bounding_box_dataset/tomato/test/early_blight/81112.jpg,early_blight,tomato,e46a08ad9cf81eb6020e99885cfa3c276768126e54349137e96eca0275e5b454,3890
clean_dataset/tomato_dataset/test/early_blight/81112.jpg,early_blight,tomato_dataset,15fb5ef1d8c372739293e562fe99e8fc4965624e4fe8395717735bdf4d617512,3890
clean_dataset/tomato_dataset/test/early_blight/81172.jpg,early_blight,tomato_dataset,6649ca02bd27f00f9acdadc2f25a048ce55cd8786e6c9aca4f7408ce6543fbd6,3900
bounding_box_dataset/tomato/test/early_blight/81172.jpg,early_blight,tomato,48661955c34b555bb50ceaa007bfdfdba4fff59ec5eb4ffbbb648f0b46950548,3900
bounding_box_dataset/tomato/test/early_blight/81215.jpg,early_blight,tomato,fdcbaaa7ff0a0d41190e55ee662539f6f69a7e7ad3e8ef685d2648edd2ca7a9f,3903
clean_dataset/tomato_dataset/test/early_blight/81215.jpg,early_blight,tomato_dataset,3a57ff2c1c2c3930ad51d088a53389e65a40c11d1afbf3651a4d5840c90a3123,3903
clean_dataset/tomato_dataset/test/early_blight/81218.jpg,early_blight,tomato_dataset,873edd125dcc2e5a85baef81a1ea30fead770b83ab71964c2837127b88db6d5b,3904
bounding_box_dataset/tomato/test/early_blight/81218.jpg,early_blight,tomato,a9ebea61195769ce559eb9639fb89ba2725d7e0d6b452020ff16c4f36d628958,3904
bounding_box_dataset/tomato/test/early_blight/81222.jpg,early_blight,tomato,911aaef218849ee91933a6d501978107e56982cbcd9093974805750280c8b6c9,3905
clean_dataset/tomato_dataset/test/early_blight/81222.jpg,early_blight,tomato_dataset,96cfd1175ec8755875476a83d1d82cf9a25acaca093b6fee87fb3b316fa63633,3905
clean_dataset/tomato_dataset/test/early_blight/81241.jpg,early_blight,tomato_dataset,1db37a402ec669702c5c6840b1fa600e57ca9e4beea50a2f6b888435d487f099,3906
bounding_box_dataset/tomato/test/early_blight/81241.jpg,early_blight,tomato,a74cd2075aedb768ff5523485840065059491c447b2c61ba63d518771d95d61a,3906
bounding_box_dataset/tomato/test/early_blight/81255.jpg,early_blight,tomato,708e37575047d326726fb120841fd8bddec2fd22dc2c5710d9ab8ed8ae02f415,3907
clean_dataset/tomato_dataset/test/early_blight/81255.jpg,early_blight,tomato_dataset,610c39f6a4d79391b5509d0d8638cccf49b7b3016271dc2f86dbd478fe1fef80,3907
clean_dataset/tomato_dataset/test/early_blight/81267.jpg,early_blight,tomato_dataset,db32126709f5608ac8ed580c653653715f0981d82f89b63462751dd57a0938a8,3909
bounding_box_dataset/tomato/test/early_blight/81267.jpg,early_blight,tomato,0112e4d371b7608f8b6b9af3409adc1388c5bfa48abbc99bfac244e8bbdd9ac7,3909
bounding_box_dataset/tomato/test/early_blight/81276.jpg,early_blight,tomato,1a682cad0b7def022e4bee911dc427a8644aafb3cd008638be7f68f63daf7fd0,3910
clean_dataset/tomato_dataset/test/early_blight/81276.jpg,early_blight,tomato_dataset,5054a869d8299eea6f62c0758b28911710bc1630a217656c04d3508447d38cc9,3910
clean_dataset/tomato_dataset/test/early_blight/81287.jpg,early_blight,tomato_dataset,53c0b1c9418441489963d6ec93adf7e584b540a509c9c0cea49c20bc110ae63f,3911
bounding_box_dataset/tomato/test/early_blight/81287.jpg,early_blight,tomato,821c9b774b7ecc75dd731532bbc8a2c5dbc1e3c617d2403cec07fc62438e6ee4,3911
clean_dataset/tomato_dataset/test/early_blight/81300.jpg,early_blight,tomato_dataset,50038397e5279c00585790fd88ec97e549b2cdbc3b56eb069b0f4a18978eb374,3915
bounding_box_dataset/tomato/test/early_blight/81300.jpg,early_blight,tomato,e57ba89ab6672eedf60f15848c1ee8dde8b85a00cc80d022755e3a34d52e6d1a,3915
clean_dataset/tomato_dataset/test/early_blight/81302.jpg,early_blight,tomato_dataset,745f458a0d09193af8531128657e6ef4699a3047628d14432b8e6bec29c84dc2,3916
bounding_box_dataset/tomato/test/early_blight/81302.jpg,early_blight,tomato,4d3b1780785f3f4894992999df2a75a6c2c9033e156d96dbde7115dc011e232b,3916
bounding_box_dataset/tomato/test/early_blight/81306.jpg,early_blight,tomato,ba0e2ff0471ef96974a6a38a2cdbe90271296a98ea5592979ef32afc6094d5c4,3918
clean_dataset/tomato_dataset/test/early_blight/81306.jpg,early_blight,tomato_dataset,a498631e867d148e172ef661cbf49732bb7e8e68371fba806cf77c4c0e159cff,3918
bounding_box_dataset/tomato/test/early_blight/81309.jpg,early_blight,tomato,e1eed2a46d382ccbe104785e03eb9c220f1f79e6c2ef52c3fc5cf3a2652b86f5,3919
clean_dataset/tomato_dataset/test/early_blight/81309.jpg,early_blight,tomato_dataset,c8ed152a1c78aad4a1c6ace47290591a08c550133756a0d2a1009d4b79bef4dc,3919
clean_dataset/tomato_dataset/test/early_blight/81334.jpg,early_blight,tomato_dataset,b501f8d3147d1a8ecba56619d24014983d802e5446815810ee9e7f3a7d01cbd4,3921
bounding_box_dataset/tomato/test/early_blight/81334.jpg,early_blight,tomato,a88c212350147e59cdcb260aae77cb27e810800738dc659b784ee83034d664ee,3921
clean_dataset/tomato_dataset/test/early_blight/81350.jpg,early_blight,tomato_dataset,7cf61d42bbd4ea6c91b131921562044e7957911b0991a9acf8162702a653b1ca,3925
bounding_box_dataset/tomato/test/early_blight/81350.jpg,early_blight,tomato,2c165abaee7866496af39986e4a2e3bce5a9a05daab27a8387d22e30aef07cf5,3925
bounding_box_dataset/tomato/test/early_blight/81367.jpg,early_blight,tomato,19e45f2b0c6369c8ef971c01d30b5a970fa2a98292f55899700bd3d5bce1af9c,3931
clean_dataset/tomato_dataset/test/early_blight/81367.jpg,early_blight,tomato_dataset,689dab45928de240ad1f0dbec02d3e1ba4295249385cc0142a19f16cca07e8f3,3931
clean_dataset/tomato_dataset/test/early_blight/81396.jpg,early_blight,tomato_dataset,3d0f21aca0cb7f7f414ec81881c70604fb03af0513ee2edbc6e031f05fcedcb5,3933
bounding_box_dataset/tomato/test/early_blight/81396.jpg,early_blight,tomato,e5ffd46667870183dd99d168545f72a46e5ad2db263ba06ffa9cbd0b8b4cab06,3933
clean_dataset/tomato_dataset/test/early_blight/81400.jpg,early_blight,tomato_dataset,62e7f703e94c0699e8ce83bd864848a2e8ca79ad2a3db15abc882420d053adeb,3934
bounding_box_dataset/tomato/test/early_blight/81400.jpg,early_blight,tomato,40e75f79925c05779e356190212a9e8dd34328f48fec305feacee3fe466b0263,3934
clean_dataset/tomato_dataset/test/early_blight/81420.jpg,early_blight,tomato_dataset,c4b65208dcf644be8a921cf82906c3b03a48b8e2b157938f946fbb0f73f774b2,3937
bounding_box_dataset/tomato/test/early_blight/81420.jpg,early_blight,tomato,48f5189f7fe90e2b8075abdcf7123739ce86d108404842dc139af0e57b294692,3937
clean_dataset/tomato_dataset/test/early_blight/81426.jpg,early_blight,tomato_dataset,c2c4cc6a80847af01eea128539f720a9cbf2e4e437d9e0bfdc69a961ec75a3ab,3938
bounding_box_dataset/tomato/test/early_blight/81426.jpg,early_blight,tomato,9928e9eb4267780bf52d4cc09c907e2d63d72d4703680903580fa693657ea41d,3938
bounding_box_dataset/tomato/test/early_blight/81510.jpg,early_blight,tomato,37268837bf655d2c5e024691cd2c2048db3fcaf3ca8981eedf581d97a7a6f746,3948
clean_dataset/tomato_dataset/test/early_blight/81510.jpg,early_blight,tomato_dataset,07011742797b1fc596cf5f563bb9538ede71017a12f7a6e7b0f1bc1b2e64f7c8,3948
bounding_box_dataset/tomato/test/healthy/94963.jpg,healthy,tomato,cc980db1ca380713cc6231685b5b8080c853fce4a5fe0a53086e806d1d1b4484,3951
clean_dataset/tomato_dataset/test/healthy/94963.jpg,healthy,tomato_dataset,25a36f366b8c849c37547ba42cc7db035d4f9bbb4b85b0c5b47d2f6d865d9443,3951
bounding_box_dataset/tomato/test/healthy/94971.jpg,healthy,tomato,ca11814f5509b9c4721dda6295c758c7fc19ff1d0f4999112f3ef9ec79965d5c,3953
clean_dataset/tomato_dataset/test/healthy/94971.jpg,healthy,tomato_dataset,3a030f298e3ff3295b65b9e0ba2e81b5ef8ea4e74b2e5fd7595e36451a03b4be,3953
clean_dataset/tomato_dataset/test/healthy/94975.jpg,healthy,tomato_dataset,dc76ee15fcf9e570e220fb99c4de11ce81bfe2a529930cb4a3323fd764358ef7,3954
bounding_box_dataset/tomato/test/healthy/94975.jpg,healthy,tomato,265bfe56a825ea1ab21f0738c91a270cd0bb11d0229a1957dd02d1de2a7a5842,3954
bounding_box_dataset/tomato/test/healthy/94993.jpg,healthy,tomato,80a0147f19eab13333e0cc6f6b83a5b6808b8b800f440ab65b2b932cede7174c,3958
clean_dataset/tomato_dataset/test/healthy/94993.jpg,healthy,tomato_dataset,94c4007e35961ca0b7e820e55b80223530c42ff1c94ce0835db04e413d076419,3958
clean_dataset/tomato_dataset/test/healthy/95042.jpg,healthy,tomato_dataset,b0eb0968ee946a950f038e8080fd67cb89762f13d07d4bda8d365c3fac6feb0b,3965
bounding_box_dataset/tomato/test/healthy/95042.jpg,healthy,tomato,9bf43348fbb583c514e6f4fd32115b5d007ede63e1f530badf24e2803555f517,3965
bounding_box_dataset/tomato/test/healthy/95089.jpg,healthy,tomato,006774ef581ddb77601518f3a4e8bbb662ab56682153865ef6dc6ef4a85d1ea9,3972
clean_dataset/tomato_dataset/test/healthy/95089.jpg,healthy,tomato_dataset,aa661fbe4d19813c7d13d3ece071820981766033948170af2f60bd3b4aa41e71,3972
clean_dataset/tomato_dataset/test/healthy/95187.jpg,healthy,tomato_dataset,d6da5eae4f331f2a61bba321b752c17fa79562503bc1a0a2545896a888b628d5,3989
bounding_box_dataset/tomato/test/healthy/95187.jpg,healthy,tomato,87f4f25c5fc483faafee4afcff05f63a4882730b9b668fefc7cb954b97407846,3989
bounding_box_dataset/tomato/test/healthy/95195.jpg,healthy,tomato,f0365d31012394104d7d5ccb61ad5862d09b5bf0838529b6bbb52b3a7b8e6ee2,3990
clean_dataset/tomato_dataset/test/healthy/95195.jpg,healthy,tomato_dataset,83de3b76dbdf7f13924d8ad5e68d974c8d78ada3f3ec112a310830f6508e30b8,3990
clean_dataset/tomato_dataset/test/healthy/95211.jpg,healthy,tomato_dataset,6aa3584f1e139bb4a446d1d8da9065e54c35fa9053c950e5c436be61ee27123e,3993
bounding_box_dataset/tomato/test/healthy/95211.jpg,healthy,tomato,29eeac0948e1a8494ba86d7e626ee577178b093cf4b6cab71485b542fe307849,3993
bounding_box_dataset/tomato/test/healthy/95280.jpg,healthy,tomato,31ac6676b3834b990b5a4be25f3e3caf7297af008fc481a2ff0b3f1a3b660cca,4005
clean_dataset/tomato_dataset/test/healthy/95280.jpg,healthy,tomato_dataset,8d3fc52b63c2f5ec1e0e3cdc45611b6c1388aa7c0dcca909fdadd5361437ee84,4005
clean_dataset/tomato_dataset/test/healthy/95303.jpg,healthy,tomato_dataset,79eca09eb0e561ed9a06745f6b11ec8ee7e0a072550b68d3cfa29664facee2d5,4006
bounding_box_dataset/tomato/test/healthy/95303.jpg,healthy,tomato,918248b31dd825f62060c1d99e9a2ec582157ab37283261d0acf7b8af395d2a6,4006
bounding_box_dataset/tomato/test/healthy/95324.jpg,healthy,tomato,83f58a403a331e91448f119c714926ec7b53b8d8cac20ad1c69c8b41bf819ec6,4009
clean_dataset/tomato_dataset/test/healthy/95324.jpg,healthy,tomato_dataset,7457b6169a21904518136606955cadefe4dbe6401ea09a8e984b26c5e392f9fb,4009
bounding_box_dataset/tomato/test/healthy/95371.jpg,healthy,tomato,1fb6b8bcfc134076611a363979d200240c80a65ef3a56db4ddef4bc64e888ac2,4018
clean_dataset/tomato_dataset/test/healthy/95371.jpg,healthy,tomato_dataset,2fac27c241cb0a5ecb3ba385c0e9b31babf07ef3d17b00041abe92c9afc13a34,4018
clean_dataset/tomato_dataset/test/healthy/95383.jpg,healthy,tomato_dataset,1a05a70a83b7446118c2b3d9457e676a4652da6709c6c7b8254427f99c852c61,4020
bounding_box_dataset/tomato/test/healthy/95383.jpg,healthy,tomato,71f9f3c62f07f374624d09dcd34a26cf06f2ddd4cf5b59d60cb94283a8814367,4020
clean_dataset/tomato_dataset/test/healthy/95424.jpg,healthy,tomato_dataset,ff17e029872249abf65efdc3c02d10ca976eea9ed39f09985f6691502f750156,4024
bounding_box_dataset/tomato/test/healthy/95424.jpg,healthy,tomato,62b13061522ec81b117fd87a17b4883d8753b4557a45a1dcc3381cda8e25dead,4024
bounding_box_dataset/tomato/test/healthy/95435.jpg,healthy,tomato,bd22f777f39e503a3b28877638788da1383f553eae057ce733bbd7fb3321ebf4,4027
clean_dataset/tomato_dataset/test/healthy/95435.jpg,healthy,tomato_dataset,d2e03958949f118fb26b6e70eec4897b0a3ff76d61df4db87abba4554528e451,4027
clean_dataset/tomato_dataset/test/healthy/95470.jpg,healthy,tomato_dataset,7b3cea40bbab42328c986273082924e996f6fbbc904f5eb5854c056d28a9bc3d,4035
bounding_box_dataset/tomato/test/healthy/95470.jpg,healthy,tomato,4d3b033a89bd7377d2dc24e3115cd0311a3fd737b7693dafc1a696b70f910876,4035
bounding_box_dataset/tomato/test/healthy/95492.jpg,healthy,tomato,2e31a1503bfb4d0d9f3cbbcdcb285d2f2834c406a1c936ff89afa2cbe603e263,4038
clean_dataset/tomato_dataset/test/healthy/95492.jpg,healthy,tomato_dataset,cacf79333f9508b491e6ed408e56334719b312c024bcb93a523a02624d608b6d,4038
clean_dataset/tomato_dataset/test/healthy/95517.jpg,healthy,tomato_dataset,f299d55404d81fdddb650f83b13ca3e440595c2778282ea7e11a14d0655c94a2,4041
bounding_box_dataset/tomato/test/healthy/95517.jpg,healthy,tomato,81c56b73e41d1e6d2f8c9e4c753e0ef05873c88f5c300c23337c2b33dad18dee,4041
bounding_box_dataset/tomato/test/healthy/95534.jpg,healthy,tomato,4ef128adc73676eab32b4b75f30dbe63c9dc20ebe342a237e9ad62229648b812,4044
clean_dataset/tomato_dataset/test/healthy/95534.jpg,healthy,tomato_dataset,941521ee00e2a16f0e22cf54caca94c301ede1dd363d17bcb13be898a0bd2fcb,4044
clean_dataset/tomato_dataset/test/healthy/95546.jpg,healthy,tomato_dataset,2b59468fce311c4a2a665a1647fac00c1724b930637655f4ff8e1b6eb5a7353c,4045
bounding_box_dataset/tomato/test/healthy/95546.jpg,healthy,tomato,7ca47cccfe9a3fc479085bc5cc01ec7f9aa998ab4e930b29c7aa826592c6250e,4045
clean_dataset/tomato_dataset/test/healthy/95552.jpg,healthy,tomato_dataset,a3c5ca725917c1077eac7df878479a8fe9c6fb26e58e479c70deb87a9f809fa7,4047
bounding_box_dataset/tomato/val/healthy/95930.jpg,healthy,tomato,bbb6a497b79f82dbdf260fc8302fe7673fce95232a5ee143bac21643ced4bf66,4047
bounding_box_dataset/tomato/test/healthy/95552.jpg,healthy,tomato,500493c329d942ace98ea57ef424b086e961d79dfbd89471f5a0cf02ede798fc,4047
bounding_box_dataset/tomato/test/healthy/95581.jpg,healthy,tomato,dc2d00ed714667a3fc2111ba9857658c7620468b664bc48f34a1bca0b456a195,4053
clean_dataset/tomato_dataset/test/healthy/95581.jpg,healthy,tomato_dataset,bd36c1ecfd92285d49d86ed772338f2d33252e7de2b3533aff0486a549fe7312,4053
bounding_box_dataset/tomato/test/healthy/95595.jpg,healthy,tomato,c517741e1448508452ada72ea839d593fbe46a73d856f08a70ffb6326ef220d5,4055
clean_dataset/tomato_dataset/test/healthy/95595.jpg,healthy,tomato_dataset,7b7af5a63cbea964c5b2111a5ef95e8aed454aa682815ad92db37997daed0aea,4055
clean_dataset/tomato_dataset/test/healthy/95596.jpg,healthy,tomato_dataset,2f44825c15eba14f4b46c7012116ef41fd753a6d79b7d92b8097fe9eeef548e8,4056
bounding_box_dataset/tomato/test/healthy/95596.jpg,healthy,tomato,7438d89eed428eefc51a6c75af5c63a4bf17af7fa737467a2cf616ba65c97246,4056
bounding_box_dataset/tomato/test/healthy/95623.jpg,healthy,tomato,3c8adb5b79240454af83bfcf9cf0adcfef2442494f1284e8cfd593165efa5caa,4059
clean_dataset/tomato_dataset/test/healthy/95623.jpg,healthy,tomato_dataset,077d208b29df5ad62bac501d98075c35dd47710c0e9325827716f7593dc11dc8,4059
bounding_box_dataset/tomato/test/healthy/95665.jpg,healthy,tomato,4aef2254de66742716acf08a9510201bed34dfb65b840d899b990aff986742b8,4066
clean_dataset/tomato_dataset/test/healthy/95665.jpg,healthy,tomato_dataset,ef87ef43351d0f0e9143f00f42713546058a84c7793681f8ef32d215ebefa3f9,4066
clean_dataset/tomato_dataset/test/healthy/95718.jpg,healthy,tomato_dataset,919504b8f47f8c3d3fd6f83ba37ce2baac65e7e151ae227e650aac4f3137570d,4072
bounding_box_dataset/tomato/test/healthy/95718.jpg,healthy,tomato,ce2110a07150ad38d307615c8d953eaa1943316aea62f6ad176c1bd3f6cd7738,4072
bounding_box_dataset/tomato/test/healthy/95739.jpg,healthy,tomato,5b85142a78f9c8b7e769b9ec94a04c9ce6f24103336fceac5904b3dc2f6cdcab,4074
clean_dataset/tomato_dataset/test/healthy/95739.jpg,healthy,tomato_dataset,fb1b0416d30c4995dad0409774492858cd1706674da8f594c50d20df454392c3,4074
clean_dataset/tomato_dataset/test/healthy/95804.jpg,healthy,tomato_dataset,c7adb7d32f20e24d9524b4a02cf95592cb1a31d5b6e4407c09ee5006e57de2ba,4080
bounding_box_dataset/tomato/test/healthy/95804.jpg,healthy,tomato,4c9ab05d51932501945bbb5c2a31b95118d6d04c73ecc5cf49abc1ff7a07b2f7,4080
clean_dataset/tomato_dataset/test/healthy/95811.jpg,healthy,tomato_dataset,9ed0cdd70e6420009abd5399e3ada98f0a115267ba0c84593df1f562a2e30ef2,4082
bounding_box_dataset/tomato/test/healthy/95811.jpg,healthy,tomato,38c4c5ca44d04ebc88de15ffb65e40e50a88f7ec6a778cde771eb928277c4535,4082
bounding_box_dataset/tomato/test/healthy/95827.jpg,healthy,tomato,4f11acebe52c0081d5fea394a98b888acdee546d95d37ca79564c4f9e935a221,4083
clean_dataset/tomato_dataset/test/healthy/95827.jpg,healthy,tomato_dataset,1d375bbfc53053982f7d2fcf1804ef6550c8b3cf41e2ae7117aca402616563ea,4083
clean_dataset/tomato_dataset/test/healthy/95863.jpg,healthy,tomato_dataset,66647787e21842adf1e5b0848abceaa157b94378cbc71cd33dfb950d199bfa81,4089
bounding_box_dataset/tomato/test/healthy/95863.jpg,healthy,tomato,0d4b4a452dc9c867edb43bf4074dcc5e7ba4687b66a97bd24e2e0c537b55e840,4089
bounding_box_dataset/tomato/test/healthy/95879.jpg,healthy,tomato,af9631d1cecf38ec90a835a3f5a083cf962af23c835d6ddc654e9478dcb3c693,4094
clean_dataset/tomato_dataset/test/healthy/95879.jpg,healthy,tomato_dataset,94fe4ded1486b3a785a480015f9710e2777254be95825b489193f54fd976b9f5,4094
clean_dataset/tomato_dataset/test/healthy/95886.jpg,healthy,tomato_dataset,e782efe1dad08646e595c4312d0b8db4324545e6999445f68fe815ae7ef69573,4096
bounding_box_dataset/tomato/test/healthy/95886.jpg,healthy,tomato,998254e568b5c2e9847d0e3f99a3e622d15f7ec87d1820d11cb0814be7918486,4096
bounding_box_dataset/tomato/test/healthy/95923.jpg,healthy,tomato,6212a5a57c3ce93f3bb43261d9d183fb9e8881174029836fb2388cea95d2dc47,4100
clean_dataset/tomato_dataset/test/healthy/95923.jpg,healthy,tomato_dataset,72818b385fee9af572afed54ed0c24b9ad0f3d92108b7972f451bf1ee1f89b3e,4100
clean_dataset/tomato_dataset/test/healthy/95940.jpg,healthy,tomato_dataset,d815b93e31b6ca7fda904dd173f6c0c321ee13fdc0667884e6712c8dc71bd18b,4103
bounding_box_dataset/tomato/test/healthy/95940.jpg,healthy,tomato,9a786b2559dac39c89c6e260ddfbdf7cf8e4883ede9aba55a618a4f680cfbe1a,4103
bounding_box_dataset/tomato/test/healthy/95951.jpg,healthy,tomato,5c52df00775368162aee08035e4dda90af73f859786714b6617b147c090a0951,4105
clean_dataset/tomato_dataset/test/healthy/95951.jpg,healthy,tomato_dataset,dd49f82d1f85c270def69d2a533516fc58af39a43521aa9eb9997478acedee07,4105
clean_dataset/tomato_dataset/test/healthy/95956.jpg,healthy,tomato_dataset,efc451a5be827546e3092405b601e473f5cfeff12a3f12521daf702de853d442,4106
bounding_box_dataset/tomato/test/healthy/95956.jpg,healthy,tomato,c5da2621a497859aa645d6ade465b47d7e4fa5f3506841bbb5801a69c05d9eb5,4106
bounding_box_dataset/tomato/test/healthy/96015.jpg,healthy,tomato,8a5c37ffa2e5c55627ab2a9b70f7b4d6d2af5ca875cbeb397bed495f4d2f0791,4113
clean_dataset/tomato_dataset/test/healthy/96015.jpg,healthy,tomato_dataset,a200bdbd34fee35f4c74fe5e205e77edf6821cedcb0790e90a0ee142d92539a0,4113
clean_dataset/tomato_dataset/test/healthy/96030.jpg,healthy,tomato_dataset,c8cbc64b1cd65479cf02326cd331b34b71f4b405589f4f31fb253029bcfa0400,4115
bounding_box_dataset/tomato/test/healthy/96030.jpg,healthy,tomato,a60e38a241b116432b778d45abd799b17aaa66281243e520fdb15638a32fb72f,4115
clean_dataset/tomato_dataset/test/healthy/96043.jpg,healthy,tomato_dataset,a5c695a0a1cf6d9cee81cd3fa93bec60c606b7159e7e065a7391615de62494c8,4119
bounding_box_dataset/tomato/test/healthy/96043.jpg,healthy,tomato,f7be95e0c0c97effecfaad588d055484efd6ceb6eee2a142455057f1c0481b0d,4119
clean_dataset/tomato_dataset/test/healthy/96059.jpg,healthy,tomato_dataset,02856f4ab061503b5c9ec631177c3c062ed5746ec0b222c99d4f440917144a54,4121
bounding_box_dataset/tomato/test/healthy/96059.jpg,healthy,tomato,7107c9da96a447ad7dba48c7c5ca4d8e143034459824c2dc3ea8beb01fb0f501,4121
clean_dataset/tomato_dataset/test/healthy/96074.jpg,healthy,tomato_dataset,35139ff87696ee9aaf47184a6e23982d631655ad5da84fe06422b81bf4c38ff1,4122
bounding_box_dataset/tomato/test/healthy/96074.jpg,healthy,tomato,cfae37201d75c8ffba330fbbe5a3fa2fa920b1babe5180f84cdc6ab6a698084b,4122
bounding_box_dataset/tomato/test/healthy/96093.jpg,healthy,tomato,cf11d6b865c60123eebd51f1447c89fa4ba5a0b1075920770f61b27acc25064e,4124
clean_dataset/tomato_dataset/test/healthy/96093.jpg,healthy,tomato_dataset,bdee701a09306bcd6584f87633b7c6c16bf8b03d70cd979ab9b47f83ec92b1a4,4124
clean_dataset/tomato_dataset/test/healthy/96124.jpg,healthy,tomato_dataset,8eea3df186a7fa444f6aa555dcae19f3c6fbfd61ada0cb846250fe7c05c547c2,4128
bounding_box_dataset/tomato/test/healthy/96124.jpg,healthy,tomato,a61e013c8979e3edb5bac29a1f39125565905e0bef3824a5af480135c848aa34,4128
bounding_box_dataset/tomato/test/healthy/96142.jpg,healthy,tomato,9d208e8a8f1030c7c4086b7e24e7b2d4885df6a9c699e72ea356351988b819d4,4131
clean_dataset/tomato_dataset/test/healthy/96142.jpg,healthy,tomato_dataset,0c33ef049836ebec3a9a6e176669da195d881c59150447b9befd7e2b1a0d9d9a,4131
clean_dataset/tomato_dataset/test/healthy/96147.jpg,healthy,tomato_dataset,ff047f2097bff2786d9c8dd353bde1bcc6cb9c35b93e93c462bb285f67d4e508,4132
bounding_box_dataset/tomato/test/healthy/96147.jpg,healthy,tomato,8548903ad960e91280a17d048a1abd918141191bbbb1f2700eababdc712f6385,4132
bounding_box_dataset/tomato/test/healthy/96170.jpg,healthy,tomato,cf1fd79523a783655b5fcf621af03d2f1ea979ed9643756a261c89d273894dbe,4134
clean_dataset/tomato_dataset/test/healthy/96170.jpg,healthy,tomato_dataset,4db3af0a63ff3d3cf0f2055c1c8da90bd1d2728c1666189b48bbadb96f822669,4134
clean_dataset/tomato_dataset/test/healthy/96190.jpg,healthy,tomato_dataset,efdbb50faecebee4b20440b2ae4483e51e56b6a1658c827c4b9faed5e19516a4,4137
bounding_box_dataset/tomato/test/healthy/96190.jpg,healthy,tomato,3915a8d915c7fa29314d8b105339ef08ffefed6aa55e27520481f174fe19d944,4137
bounding_box_dataset/tomato/test/healthy/96204.jpg,healthy,tomato,cdbb99ee60b8f89f9a128ccefaf1f340cc35e4809a9bd15f7bfb464bf6e13642,4139
clean_dataset/tomato_dataset/test/healthy/96204.jpg,healthy,tomato_dataset,9b6a7ecb1ca9ef422007aa4aab72326c22a21fb82cc197f9fc2b46f27a25e107,4139
clean_dataset/tomato_dataset/test/healthy/96222.jpg,healthy,tomato_dataset,a03c7aa2ab5fbb43156bea6c68addbd390dec20729e11abe4082c792f354af6a,4143
bounding_box_dataset/tomato/test/healthy/96222.jpg,healthy,tomato,a1e27874f3bf31a54823755464448bf3c27fbc86988cfad850132d45adc3710b,4143
clean_dataset/tomato_dataset/test/healthy/96248.jpg,healthy,tomato_dataset,b1bf3c595398ecdd3d643cd4133097f55f06dc48b6e56bc67b7ad8279a3dedf8,4146
bounding_box_dataset/tomato/test/healthy/96248.jpg,healthy,tomato,eafadcda36d33761140bfc8607bbfb77862416f032f41cc112eeecfe03ddc845,4146
bounding_box_dataset/tomato/test/healthy/96253.jpg,healthy,tomato,59432902057103ce197384dc2d8e68fe3f2cd22b86999a2a2e70ac4d4e74825b,4147
clean_dataset/tomato_dataset/test/healthy/96253.jpg,healthy,tomato_dataset,06bb86e21cc4549ddf7cd7b830e0cab5aa3d6c65549516f126ee10591240124a,4147
clean_dataset/tomato_dataset/test/healthy/96265.jpg,healthy,tomato_dataset,e68b740eb20b0dd50d0d254e6d933d9590525c1ffadef92e71c033a3fde5d468,4150
bounding_box_dataset/tomato/test/healthy/96265.jpg,healthy,tomato,804dee9ef0bd594a8795c45e70457be8e2d513fa0d61002229c22a082df21a91,4150
bounding_box_dataset/tomato/test/healthy/96323.jpg,healthy,tomato,b6a078ad6d31f6c5fdcfb122fbe1de29afe185518c652fe3a30edcb2935e4101,4155
clean_dataset/tomato_dataset/test/healthy/96323.jpg,healthy,tomato_dataset,12d75439d83ad6b575cd8a2d3a77cde124527275645bcfe9801ff332396ce954,4155
clean_dataset/tomato_dataset/test/healthy/96345.jpg,healthy,tomato_dataset,e5912963d64efd73203aa92b6ea674c6636955e3c86fe5c741a593c548085137,4162
bounding_box_dataset/tomato/test/healthy/96345.jpg,healthy,tomato,aa98f6ca5115be2287de8ad2b996b1bba108388382ef8534564a1237dde3dec9,4162
bounding_box_dataset/tomato/test/healthy/96417.jpg,healthy,tomato,dd50e6b81ca7f313b350aa6fbf699be84a1605d80195dd9deb4bc783e91a89c9,4172
clean_dataset/tomato_dataset/test/healthy/96417.jpg,healthy,tomato_dataset,facfaab3f5fd69be65cd5b3b5b369b54757da35f7429dedaec3a5dcef9a18847,4172
bounding_box_dataset/tomato/test/healthy/96455.jpg,healthy,tomato,9a76213c58d4727fdcd2b398f6f4c5dd363a62b7d79622945ecb6ca55e9b4e0a,4176
clean_dataset/tomato_dataset/test/healthy/96455.jpg,healthy,tomato_dataset,8f3ee72b89c3c24054c2ead0ef70a11e43898ac4007683d00165d4d5e7c973da,4176
clean_dataset/tomato_dataset/test/healthy/96480.jpg,healthy,tomato_dataset,ee04afa4d40394012fa1c956278365585d1a38cfea62c5e752c6be7ae517be66,4178
bounding_box_dataset/tomato/test/healthy/96480.jpg,healthy,tomato,587aa40dc0155d7dae65e29fe75b5d8b65dbf551bc2de41779ae193a3893e77e,4178
bounding_box_dataset/tomato/test/healthy/96481.jpg,healthy,tomato,aa7767bbda8f8acf1c7a3ac3d44e9d332e69707359db7adc6a0fa3bd69b588ad,4179
clean_dataset/tomato_dataset/test/healthy/96481.jpg,healthy,tomato_dataset,49a446eefd713d1b4a3e34712634dde7f7a103f49abd99bb37d4691e48afb693,4179
bounding_box_dataset/tomato/test/healthy/96539.jpg,healthy,tomato,e82572a3cfd20f4a56d693ce3a3eb663ed00b23315679fac2868bd20a8be469f,4183
clean_dataset/tomato_dataset/test/healthy/96539.jpg,healthy,tomato_dataset,5c6a3edbe817522f7d76d43858af384e9dbb4132a842768e5b277ea254e9e393,4183
bounding_box_dataset/tomato/test/late_blight/81532.jpg,late_blight,tomato,84d570a35ca4df5627218078ceb51013a7f2fb24de763cfec3763244d46ac55a,4187
clean_dataset/tomato_dataset/test/late_blight/81532.jpg,late_blight,tomato_dataset,4300c2bb22c81fb5e2cc667816f055288ffe602eeb04b48ce2485f74e74e6022,4187
clean_dataset/tomato_dataset/test/late_blight/81559.jpg,late_blight,tomato_dataset,60b397f10c9dff7574927f6460552d521113cd2f9f03054121ab05efffc58477,4190
bounding_box_dataset/tomato/test/late_blight/81559.jpg,late_blight,tomato,1ff147e1f42542a3dc7cbe4ef0fbb6f4562de0fc8005e3d4e765b76e994b5a27,4190
bounding_box_dataset/tomato/test/late_blight/81608.jpg,late_blight,tomato,a81d74a0d7b3086a607e147c984d7c63c9cc514663ad8befda5663248958175d,4199
clean_dataset/tomato_dataset/test/late_blight/81608.jpg,late_blight,tomato_dataset,326aa279c509e4843a06109d7f00430f007184993ef0eec1b5af9c9c382cd57d,4199
clean_dataset/tomato_dataset/test/late_blight/81662.jpg,late_blight,tomato_dataset,7ed0d704c73a178eeb8df0cccb4e39107105a9776ab0dd4f56eb3ca2b69d92a0,4203
bounding_box_dataset/tomato/test/late_blight/81662.jpg,late_blight,tomato,a3979aa8898d120e87761849c2168fa6b843190d0b660f3cd4e7fb17bf4630fe,4203
bounding_box_dataset/tomato/test/late_blight/81698.jpg,late_blight,tomato,1fd4b6ec39f2921e1508c38e7defc0abb5aacfbc4ee736a2dd21fe33caed78c4,4211
clean_dataset/tomato_dataset/test/late_blight/81698.jpg,late_blight,tomato_dataset,71a2bb0b0cbb7bacd6d1c44d1399601a1373393eef1802e9e9386259c336911a,4211
clean_dataset/tomato_dataset/test/late_blight/81701.jpg,late_blight,tomato_dataset,3b91dbd9cd4e4ceee04307da4d6e08a9c6415ad673153d00b695a536a3080d2c,4213
bounding_box_dataset/tomato/test/late_blight/81701.jpg,late_blight,tomato,aaf868582c7ad62b769f5e13b891b2fc9a7214153e54e0b2c514155d17f1cd4d,4213
bounding_box_dataset/tomato/test/late_blight/81707.jpg,late_blight,tomato,e59823b95a56cf8428d6b5a4c852c8327544d07616750e3e7b3cf551b992d31e,4214
clean_dataset/tomato_dataset/test/late_blight/81707.jpg,late_blight,tomato_dataset,1e121e508772cdf989896180b5f257a5c9667d7adbdc243d2d6a6749baa2c871,4214
clean_dataset/tomato_dataset/test/late_blight/81709.jpg,late_blight,tomato_dataset,007f88a3dea9f04dde3dbf5a98628897394a5dad28a225580c3186d2bf539286,4215
bounding_box_dataset/tomato/test/late_blight/81709.jpg,late_blight,tomato,07e84ce91f163fc415ff61ccd690f5796986409d2b708ab2520ca6b6319a0df4,4215
bounding_box_dataset/tomato/test/late_blight/81716.jpg,late_blight,tomato,8044c63f45c69bc21e7ec41a2e7b943e8ecc0997ae18e5cbefdbb5dfa5ee23e8,4217
clean_dataset/tomato_dataset/test/late_blight/81716.jpg,late_blight,tomato_dataset,d34538d2677e17d10612104f6242f57074806ebf15f0d82dcb988ccd32badeee,4217
clean_dataset/tomato_dataset/test/late_blight/81728.jpg,late_blight,tomato_dataset,3a2942909b6b9d86e9ea3b8755af94eab9f3aa4430f55709fdbfaed8938d3d3c,4219
bounding_box_dataset/tomato/test/late_blight/81728.jpg,late_blight,tomato,6a1fd847418cd27f6542776f63c50107b8fbd028f0b4b8d413b77ad4d8555cff,4219
clean_dataset/tomato_dataset/test/late_blight/81791.jpg,late_blight,tomato_dataset,45d9572782a6769687edb4f2e3d94a93001507631e05c9278a444d01d920ea68,4224
bounding_box_dataset/tomato/test/late_blight/81791.jpg,late_blight,tomato,12ddc3dc6d6e83468d7a4b749712bfbe6119028e9b81b59e0e0627233b557416,4224
clean_dataset/tomato_dataset/test/late_blight/81807.jpg,late_blight,tomato_dataset,9b7d7c5438f962c102d08a701d595f22046280a4c439f2a4118a78d1785e09cf,4227
bounding_box_dataset/tomato/test/late_blight/81807.jpg,late_blight,tomato,cc90c1c17dee4e0a9bb1d4addb67a1ca93c958005e9a535d084bff01087bf3ff,4227
bounding_box_dataset/tomato/test/late_blight/81841.jpg,late_blight,tomato,edd24dcf9e420dc1c561ae1db40a986014c7c44068b3f2ecf48060208acc9fa6,4230
clean_dataset/tomato_dataset/test/late_blight/81841.jpg,late_blight,tomato_dataset,7089b47ca9fb7f085c97f3a2c77681c3237596343e048fb2f79b977a0db4f399,4230
bounding_box_dataset/tomato/test/late_blight/81846.jpg,late_blight,tomato,85e8158077a892bd5656942acb4c3df0a14ac2d2af23d2eb65d8c33755e6664c,4232
clean_dataset/tomato_dataset/test/late_blight/81846.jpg,late_blight,tomato_dataset,95e46f408fb9fcd7d09d301868cfa3a9c0fb7cbaf70847396fca3d99e7e46983,4232
clean_dataset/tomato_dataset/test/late_blight/81907.jpg,late_blight,tomato_dataset,e4c8714e8903c02b6c99941944897801ebd929bcf0497dafd60dadbb85b1bcbd,4243
bounding_box_dataset/tomato/test/late_blight/81907.jpg,late_blight,tomato,4cf908094e54fd877e03d3b4151149bb9cfb433143a6dfaf1348edb125599407,4243
bounding_box_dataset/tomato/test/late_blight/81911.jpg,late_blight,tomato,735e7f9e9331d529ecd5df7560a29edcea315c1a0ec755f49fb008ac95f4ebe3,4245
clean_dataset/tomato_dataset/test/late_blight/81911.jpg,late_blight,tomato_dataset,5918e47e12cc96226692d62e718ef3c923f5e64538a1e0c2930b17bc32560aed,4245
bounding_box_dataset/tomato/test/late_blight/81923.jpg,late_blight,tomato,59098e308022b8864fb20203db865f128d37b1a326554691ad56480a97da5584,4247
clean_dataset/tomato_dataset/test/late_blight/81923.jpg,late_blight,tomato_dataset,fd74dec9682e442c7effe9d8db2504d8266ed1f29b78815560f44acaa66d4628,4247
bounding_box_dataset/tomato/test/late_blight/81958.jpg,late_blight,tomato,8964ec50bf8b978f033808c0c4fb8d859acc186156acb25cca3498efaf0f4e5b,4253
clean_dataset/tomato_dataset/test/late_blight/81958.jpg,late_blight,tomato_dataset,1b92a73a29463d06f2164ad94fb68d27efdb0018d9614b3ac1263f2acf8c8a7c,4253
clean_dataset/tomato_dataset/test/late_blight/81964.jpg,late_blight,tomato_dataset,99292e89458a87c9151b4239a328aa148a0477e25d9229a5f579e0559b86612a,4255
bounding_box_dataset/tomato/test/late_blight/81964.jpg,late_blight,tomato,02790280cee32bbaf3d3212ff2d3ac8692218725bd4a99fe568717c04ec52482,4255
bounding_box_dataset/tomato/test/late_blight/81981.jpg,late_blight,tomato,539e52c26fd8318ad69aa34921a2b2790ff5b623b7c5fea45974cb1d0bef3f81,4260
clean_dataset/tomato_dataset/test/late_blight/81981.jpg,late_blight,tomato_dataset,1e20f58f4cdf9909e2dcfd45b42cc4b1235be1d14b5082705c2dae09ca07823e,4260
clean_dataset/tomato_dataset/test/late_blight/82004.jpg,late_blight,tomato_dataset,a7efb48813306e99b58d47be25d1cbd1a4146366a60626030243a07d42991c50,4261
bounding_box_dataset/tomato/test/late_blight/82004.jpg,late_blight,tomato,97225822a1ec4088b7cba82b70bd14276d52655912fc721e99a808bd32998cfc,4261
bounding_box_dataset/tomato/test/late_blight/82082.jpg,late_blight,tomato,5af1e26ccee6c11138d822c0976b7f33f35786764958e18f820cc1168a34458a,4275
clean_dataset/tomato_dataset/test/late_blight/82082.jpg,late_blight,tomato_dataset,21bbdc8fdf4cb24353e598448a282eeec7aa46a3913e98305841cf611d6bdf2b,4275
clean_dataset/tomato_dataset/test/late_blight/82113.jpg,late_blight,tomato_dataset,5a7869bbbe4ffe8bf5ea3b85580ceafb320b7a53f8937b21f3606df586b806ae,4278
bounding_box_dataset/tomato/test/late_blight/82113.jpg,late_blight,tomato,a72e3772545b6c917a5126d7af3815dc5e578015d9fa2b5cebd78c589eb4a746,4278
clean_dataset/tomato_dataset/test/late_blight/82136.jpg,late_blight,tomato_dataset,78fb5e4b81e3c13da0ea1cd70fa015711a16e46a77a76674b41dced1e4411579,4282
bounding_box_dataset/tomato/test/late_blight/82136.jpg,late_blight,tomato,5217f0cbb33716f9c8a406f4c633ce6b173fe5a28405b9a1b945123ba8fae3a2,4282
bounding_box_dataset/tomato/test/late_blight/82137.jpg,late_blight,tomato,e58047ebdabce9dcdc8706432be1e93175287ab74940b7bbbd27aa8f04bcb454,4283
clean_dataset/tomato_dataset/test/late_blight/82137.jpg,late_blight,tomato_dataset,a6a1487e6a1781b2de3083ebfc3b6bfef450d3d582ec54431087efff3a54fe58,4283
clean_dataset/tomato_dataset/test/late_blight/82152.jpg,late_blight,tomato_dataset,d992cf4343d960b278160aa3a0332d02823442d05b9444d103af8088e55a340a,4285
bounding_box_dataset/tomato/test/late_blight/82152.jpg,late_blight,tomato,f371d547d517de815a1d007278bb44331706f4c18813c8213ab2a6fa135828d7,4285
bounding_box_dataset/tomato/test/late_blight/82170.jpg,late_blight,tomato,fa29a9fcd7ee3ca20aff1d3885451004f8b3b6cebb1cf8826351c2373c1bc296,4289
clean_dataset/tomato_dataset/test/late_blight/82170.jpg,late_blight,tomato_dataset,f58089273ba27469660fc65c2afc033377481529d2c8575eb49ec778206644db,4289
clean_dataset/tomato_dataset/test/late_blight/82220.jpg,late_blight,tomato_dataset,5607478879cafec3638b7add81112a3b2a167717daaf5184f1f191d8291aad44,4295
bounding_box_dataset/tomato/test/late_blight/82220.jpg,late_blight,tomato,1c193d821a12be88cee46eee0099e5e0821067573adaa8caa3670eef81759ccd,4295
bounding_box_dataset/tomato/test/late_blight/82222.jpg,late_blight,tomato,a4f4c67288dd1b92c69123356d21e28ab2c633193fd44ad8f509517c343730d6,4296
clean_dataset/tomato_dataset/test/late_blight/82222.jpg,late_blight,tomato_dataset,9c0b761c2225cbd71c70641da284de255f9db02919ec255c3c8b59753bb0a0c4,4296
bounding_box_dataset/tomato/test/late_blight/82233.jpg,late_blight,tomato,89fd560fb2c0f603fe7bccaba84303608b1059f8623a9bf01739a7da79c8e197,4299
clean_dataset/tomato_dataset/test/late_blight/82233.jpg,late_blight,tomato_dataset,ae1b82306e81b361021a9173c1949febbb9f2b7e69a796df58ee8acedf35766c,4299
clean_dataset/tomato_dataset/test/late_blight/82247.jpg,late_blight,tomato_dataset,b7ee69b299432d129b6997db5a6ac92ae502e3e26e7438e00e27b80cfb419921,4300
bounding_box_dataset/tomato/test/late_blight/82247.jpg,late_blight,tomato,f4e7f2becae63ff5095bfda394362929677e71ae9ef1ccdaf60fb3c113d3c655,4300
bounding_box_dataset/tomato/test/late_blight/82276.jpg,late_blight,tomato,22cb1856a611c6e2de169932affd63ddbd63d77e1eeac3ae2e37d995a7aed13f,4301
clean_dataset/tomato_dataset/test/late_blight/82276.jpg,late_blight,tomato_dataset,35cccac22371a9d5410963edef0c1168818fef6a8dea6f46c0dec300e0854602,4301
clean_dataset/tomato_dataset/test/late_blight/82301.jpg,late_blight,tomato_dataset,2ce56bcf412c49155f9944272613ff224499e73905508ba03e36b6a82f0a775f,4305
bounding_box_dataset/tomato/test/late_blight/82301.jpg,late_blight,tomato,7e85c20a718fcd578ff65b803d721b0758fc3ab5f2ee10accd7d4b86cedef5ac,4305
bounding_box_dataset/tomato/test/late_blight/82325.jpg,late_blight,tomato,43d1267fe162b2f92a382a1490f2868d22d98705d52ef4f299356a8f345532d3,4309
clean_dataset/tomato_dataset/test/late_blight/82325.jpg,late_blight,tomato_dataset,9ff54ef705412b306067e229ce4ca94c99fcb12be2bccc15bef51938293b4a1e,4309
bounding_box_dataset/tomato/test/late_blight/82336.jpg,late_blight,tomato,33e76c6904f0c7dc8d09990eccf31d6bf1a871cc20252bdc7a27ef2aebf034a0,4312
clean_dataset/tomato_dataset/test/late_blight/82336.jpg,late_blight,tomato_dataset,cadb0268c6f6fd452fc72e1bdfd9684d3197b1138ef3f023653b86bb1dcbce58,4312
bounding_box_dataset/tomato/test/late_blight/82350.jpg,late_blight,tomato,7e9f19e6481b70b8b1d0780f6ef842a3051f47f6154f45af013f73d6bc777326,4315
clean_dataset/tomato_dataset/test/late_blight/82350.jpg,late_blight,tomato_dataset,23ca1ea2d81f1660aad92490774a4d7c9d304afd9e357e9328730fb41b0c341c,4315
bounding_box_dataset/tomato/test/late_blight/82363.jpg,late_blight,tomato,4b3c98481052f11247296a150bc69f1d7151da7e0b40856041db7c76d0651a1f,4319
clean_dataset/tomato_dataset/test/late_blight/82363.jpg,late_blight,tomato_dataset,da5622d66a716ade52ba8d7415d6413e03be19ec2925d7d872bce8a3ce0d18b6,4319
bounding_box_dataset/tomato/test/late_blight/82397.jpg,late_blight,tomato,c12c937c0d322a9a69cb6010d0e601c5b63dd23f150daed06d5d32c6296ead3a,4322
clean_dataset/tomato_dataset/test/late_blight/82397.jpg,late_blight,tomato_dataset,222d158367276a5e0b929b3994c935b44be2404cf69ef7563d1b64ed8281248b,4322
clean_dataset/tomato_dataset/test/late_blight/82414.jpg,late_blight,tomato_dataset,cfc0dd4a03a2fd26fd4bc42cd608bad6ce42d9308b1c322553ff75b126ee05c3,4323
bounding_box_dataset/tomato/test/late_blight/82414.jpg,late_blight,tomato,26820baa5d75d15c9b0ae87e8d7c6c45ba620b2602a51a59a077edd3f31ca26e,4323
bounding_box_dataset/tomato/test/late_blight/82422.jpg,late_blight,tomato,ad7558e75bee8458c8f7b87e5aeddba38ddf0fc51035af15e25514ed62598b1d,4325
clean_dataset/tomato_dataset/test/late_blight/82422.jpg,late_blight,tomato_dataset,7dd0edb417e40d98e92afffd4b1881b72fe456b1418215f7c9e05abb7fe6bd3c,4325
clean_dataset/tomato_dataset/test/late_blight/82449.jpg,late_blight,tomato_dataset,a6b222f13262b6285a4088b3e709e96d0a004359fad17d34cec7b1c745f1e6b0,4329
bounding_box_dataset/tomato/test/late_blight/82449.jpg,late_blight,tomato,b4384e8a5f93199916cd04712f99c92e56e5ea68a358d3d40fb29570ad12f1b0,4329
bounding_box_dataset/tomato/test/late_blight/82470.jpg,late_blight,tomato,056d0ee020bb097fdf12f7912f53ef2854d2a1af346832400a1a5b3a2b807a30,4333
clean_dataset/tomato_dataset/test/late_blight/82470.jpg,late_blight,tomato_dataset,48152d82288b8b090a456d8d1edbd21b586ed09f14c390fab7f9b092cfddf051,4333
clean_dataset/tomato_dataset/test/late_blight/82479.jpg,late_blight,tomato_dataset,d0e83c3c57594c77ab51174d1bdead39a94eb4ccd184e27fb6fa74c9a5835a1e,4334
bounding_box_dataset/tomato/test/late_blight/82479.jpg,late_blight,tomato,3e5755bd95b26b2d3ab5ec5dea88d0666ccdfdf580cbecd45e609a08e60bce54,4334
bounding_box_dataset/tomato/test/late_blight/82507.jpg,late_blight,tomato,a8ae491753b8e4e76a4a9fa5e755134b6c7012d7aa2a493d22ce444f3e84eecb,4340
clean_dataset/tomato_dataset/test/late_blight/82507.jpg,late_blight,tomato_dataset,3192e4195ff3e48966ed7e5a6b7fdccfe94c729dc28e830aff161624643eb471,4340
clean_dataset/tomato_dataset/test/late_blight/82509.jpg,late_blight,tomato_dataset,aeecf5bb619b9b1b91f55522a7947df6d5c21ac9df4005371f7f2718e874773e,4341
bounding_box_dataset/tomato/test/late_blight/82509.jpg,late_blight,tomato,4036666f528fb55503ca8e5a7e88382c477c1b2950b58db328143a79abdf8fe1,4341
bounding_box_dataset/tomato/test/late_blight/82566.jpg,late_blight,tomato,fa7fca2a662cbbfb79c17acc0347026eed3da60bcb8521ff479607ec1bef5ff4,4344
clean_dataset/tomato_dataset/test/late_blight/82566.jpg,late_blight,tomato_dataset,6610faed02e0ec474b63828c6d1937dc2b1f69e2dee8cac844f5fcc0206065a0,4344
clean_dataset/tomato_dataset/test/late_blight/82625.jpg,late_blight,tomato_dataset,e6ae04c87a38d5336888c654efc2c8ffe698c3857c0fc955b8e383a8629b1b9b,4349
bounding_box_dataset/tomato/test/late_blight/82625.jpg,late_blight,tomato,341ff2aa3e0ae1c42e30a635b68d3fc71bc048f78e3213a5c00ae5e6503c0ced,4349
bounding_box_dataset/tomato/test/late_blight/82652.jpg,late_blight,tomato,0c89d6f2fc34c9c35034a56cb3a2321da6d1f12af42bd9390c6e7501f2bf553d,4353
clean_dataset/tomato_dataset/test/late_blight/82652.jpg,late_blight,tomato_dataset,98c35cf93e2ec47b5f5e4f806b20797d6501d2332b2ad73cf18d0273fe22cdf4,4353
clean_dataset/tomato_dataset/test/late_blight/82717.jpg,late_blight,tomato_dataset,44edb90bbe317b5cdd6bd6a1b21735af021e7105b43df5fb9376a76fe542389c,4362
bounding_box_dataset/tomato/test/late_blight/82717.jpg,late_blight,tomato,1be79e04e9db7b9ddb2d06dc37301df4f3b17287b18c05a2514d4054acfd444f,4362
bounding_box_dataset/tomato/test/late_blight/82743.jpg,late_blight,tomato,8b0ad81b531fa6a5e3e1ba6c508cea7501c30c3f9ed4d05d01e6cb0abec77c96,4367
clean_dataset/tomato_dataset/test/late_blight/82743.jpg,late_blight,tomato_dataset,ced38cc7227a224b9b0f15cf839b71c0bf8d69dde697045dcba189ff9005c5a9,4367
clean_dataset/tomato_dataset/test/late_blight/82804.jpg,late_blight,tomato_dataset,84ae813d1df721dc28014c1d204460cb3553b9bcc6f752eaf73343a0e2185216,4372
bounding_box_dataset/tomato/test/late_blight/82804.jpg,late_blight,tomato,49ad043fd75032ece0ba4787cd090ac4795943e212bbbb7a0ea92ca3ca7bbfec,4372
bounding_box_dataset/tomato/test/late_blight/82814.jpg,late_blight,tomato,09e815f8adefea7add7aa13fbede257a1d4c1ebef817342d7dc0533b4db5ce7c,4373
clean_dataset/tomato_dataset/test/late_blight/82814.jpg,late_blight,tomato_dataset,04f5d53baf1295b1239550d1d541eb037206a9eb583bb6e813fde3f7868ed216,4373
clean_dataset/tomato_dataset/test/late_blight/82820.jpg,late_blight,tomato_dataset,de703a6e0e99f04f8d43b7eb29897db046dc93712996448135dbe04156cb38a2,4376
bounding_box_dataset/tomato/test/late_blight/82820.jpg,late_blight,tomato,88a5b13cb23dbf08d025e9c985c544fb980a0f154ef9e526b225c4abb13e94d7,4376
bounding_box_dataset/tomato/test/late_blight/82841.jpg,late_blight,tomato,b3f04af318a97eb85c183bac108e4cd92b95f870b35718b5ab248362c3b48c5e,4378
clean_dataset/tomato_dataset/test/late_blight/82841.jpg,late_blight,tomato_dataset,dc05cdb3510e9653aea2ef1a30c86513dba3c52a0b8932286f165fbf77d24cf3,4378
clean_dataset/tomato_dataset/test/late_blight/82864.jpg,late_blight,tomato_dataset,0f1930b7a2fff9bc4fabc995b4f820dd0cf3ba2774b2c1f06342cf4969acccf4,4380
bounding_box_dataset/tomato/test/late_blight/82864.jpg,late_blight,tomato,39a22ceae34275ee34f7933df9acd805999dc0585ed5db36b66771c07bddfd63,4380
bounding_box_dataset/tomato/test/late_blight/82865.jpg,late_blight,tomato,f09f964e05ff782e07f759ba7f38549e39a8747656cef1d73f8457bf28a4c0a0,4381
clean_dataset/tomato_dataset/test/late_blight/82865.jpg,late_blight,tomato_dataset,780da2805abae0d72bff9b55b5e52048fb18cffecfe050b2d8d67312da2dda5b,4381
clean_dataset/tomato_dataset/test/late_blight/82887.jpg,late_blight,tomato_dataset,d673aee4a0da2ac36556e00c5b5cb2c97015146ed784fc4450197d8670e14736,4384
bounding_box_dataset/tomato/test/late_blight/82887.jpg,late_blight,tomato,2c55bb64b850f685ec4fddfdafee5fdcc82f79dff215465ff32da8f42ab064da,4384
clean_dataset/tomato_dataset/test/late_blight/82889.jpg,late_blight,tomato_dataset,da57d79f3e026a8ce024dc2cfacf3a0386638e9427e2ad234bfc7f2a6baad89f,4385
bounding_box_dataset/tomato/test/late_blight/82889.jpg,late_blight,tomato,ec52ab55607644d9fb714d740d80c1113aeb79f9a7e3a1bd2b3bfb74c1e2decb,4385
bounding_box_dataset/tomato/test/late_blight/82905.jpg,late_blight,tomato,8864aa9f20a515ac76023d46f393c2c3875787275ca558f65a120b95a394cd08,4388
clean_dataset/tomato_dataset/test/late_blight/82905.jpg,late_blight,tomato_dataset,3e0bc55c83d7964aa519b99a5a9fc1bf4ba5f919b84c8b4fd0bc444985f90c77,4388
clean_dataset/tomato_dataset/test/late_blight/82932.jpg,late_blight,tomato_dataset,8f87d0bda925aacac68d44bf37e17a6f9e76559d1d9f42132bdad32365ccb78f,4393
bounding_box_dataset/tomato/test/late_blight/82932.jpg,late_blight,tomato,32a05001ebcf973d502733b4f318112f29a99f7def22feb98ff99da7a9762a27,4393
bounding_box_dataset/tomato/test/late_blight/82944.jpg,late_blight,tomato,8fe4ff59680d4f1159f1ffd6a60490646937b96cdd2f7646d31c00c604846ec2,4397
clean_dataset/tomato_dataset/test/late_blight/82944.jpg,late_blight,tomato_dataset,3f474512c664a4ba153b982f4778b019bc400f5b981348dbd580024043b298ef,4397
clean_dataset/tomato_dataset/test/late_blight/82954.jpg,late_blight,tomato_dataset,86acb7893218a56f6547cbd97840e55e8c3ea8ffbd588c669d4d0fb4117e6c22,4400
bounding_box_dataset/tomato/test/late_blight/82954.jpg,late_blight,tomato,39dab15d03c03f2ebaa163a3a5473f598c296feb79ab5d6663946d26f00821dc,4400
bounding_box_dataset/tomato/test/late_blight/82987.jpg,late_blight,tomato,5d3ae0f5f0c71e9f14c16762a9304fa9f972f1cdc421125489cd6ae9a35725c0,4402
clean_dataset/tomato_dataset/test/late_blight/82987.jpg,late_blight,tomato_dataset,1bec79954871668105da50886e766fd99134e9a77c85eb92db466c0a65ccfd65,4402
clean_dataset/tomato_dataset/test/late_blight/83003.jpg,late_blight,tomato_dataset,8d07f347630061d637e6e2c414a1eee90f68cc4697905032cdff6db613ee1dfa,4404
bounding_box_dataset/tomato/test/late_blight/83003.jpg,late_blight,tomato,3a34fc6c8b3309bc32777a5effd59f03fa45d197d8d41d469d3f1ffb1de109fe,4404
bounding_box_dataset/tomato/test/late_blight/83018.jpg,late_blight,tomato,dda8cf1244acf0737e2a66d83178f1c0b87c25064739e90f68209de5eaefc389,4406
clean_dataset/tomato_dataset/test/late_blight/83018.jpg,late_blight,tomato_dataset,a3c34dcc133f503ff505eccb6625f9255f17f624e988c698669d7a84fd32647c,4406
clean_dataset/tomato_dataset/test/late_blight/83118.jpg,late_blight,tomato_dataset,818248e6f48c68965cb2cf21a2caaf046cc2e763f295aef90d6bd5434fbd0718,4422
bounding_box_dataset/tomato/test/late_blight/83118.jpg,late_blight,tomato,d1172a7579d0a860a6bec1bc4f558b09bec79802ca3997be1598a9973a382ab9,4422
bounding_box_dataset/tomato/test/late_blight/83126.jpg,late_blight,tomato,b9880de7c2c204230623825e890b57d9053a9897baaf47443fa6d0cd45a1bf46,4423
clean_dataset/tomato_dataset/test/late_blight/83126.jpg,late_blight,tomato_dataset,122b8a85b80a2b40d54e18bb446052eea4229feea68e08a644fbc26571e4fca9,4423
clean_dataset/tomato_dataset/test/late_blight/83157.jpg,late_blight,tomato_dataset,f1754e90ac0d4ae721754eb911d40fb7b74f153ac67f0949a28a96f659c60558,4428
bounding_box_dataset/tomato/test/late_blight/83157.jpg,late_blight,tomato,f8b0e20caa3b452f806a95fd5fe7ebd8c8bde80b986e94d212ed867320d880f0,4428
bounding_box_dataset/tomato/test/late_blight/83166.jpg,late_blight,tomato,988c0babb37527124efb217f5343333a5677c12bc2dce16fa1d98dbf013c22a3,4430
clean_dataset/tomato_dataset/test/late_blight/83166.jpg,late_blight,tomato_dataset,aeada88a6863e45404b863d7cf9a43223fb8229b51c69b93384f079d62cc2130,4430
clean_dataset/tomato_dataset/test/late_blight/83183.jpg,late_blight,tomato_dataset,82feacc0fcb1e84ea824e5e5f809eb52216c4d07dbc8d569064c04107a868216,4431
bounding_box_dataset/tomato/test/late_blight/83183.jpg,late_blight,tomato,d7e6a4857fe7cc6a29df6a49245dde1ba58b01d83ff9dab1e373c9e34b3a677a,4431
bounding_box_dataset/tomato/test/late_blight/83215.jpg,late_blight,tomato,7d57a6edd76c26f1eb987b37758e27ada4cb86acce2fd7b033724019523e5063,4434
clean_dataset/tomato_dataset/test/late_blight/83215.jpg,late_blight,tomato_dataset,5fb73525dab3e34b5493311aaa6e7f93d900166f1f3dfa3b258027f0ac4f488a,4434
clean_dataset/tomato_dataset/test/late_blight/83235.jpg,late_blight,tomato_dataset,5e61bfa25d4ad10b9b83ecdb621837c050d08a2171128e70a3ce4dbccbb1055c,4438
bounding_box_dataset/tomato/test/late_blight/83235.jpg,late_blight,tomato,eb5efbf62416ebb4a5ca90635f01bd5eb6a9f1052b94c06751738c25656e8020,4438
clean_dataset/tomato_dataset/test/late_blight/83239.jpg,late_blight,tomato_dataset,ab204b4e28aef1c260e1663577b8fe67fc6f05278c9c04894853f9e0adb45435,4439
bounding_box_dataset/tomato/test/late_blight/83239.jpg,late_blight,tomato,2342577bd23a4cc2411de351f7a1e7ef4757848016b28e5594cf391fee64a640,4439
bounding_box_dataset/tomato/test/late_blight/83255.jpg,late_blight,tomato,097db1a298a66356f0d10985c3708309456881419c2bd7c882cf24afdeb301ab,4442
clean_dataset/tomato_dataset/test/late_blight/83255.jpg,late_blight,tomato_dataset,6d2b94339c336ca9e6967e32c1d0f38cf9c1a09cbc87cbff11a2475d2de47901,4442
clean_dataset/tomato_dataset/test/late_blight/83277.jpg,late_blight,tomato_dataset,3091c6348f259f7560a450a0545523fa51fa3b841e208d629bd14fe7abf52e4a,4445
bounding_box_dataset/tomato/test/late_blight/83277.jpg,late_blight,tomato,5343a3c8f486e95e3b42e2414a9780db1ec86f425475287892d2d3ef72a1e382,4445
bounding_box_dataset/tomato/test/late_blight/83309.jpg,late_blight,tomato,76a4903996d76f0afeaa44d68315d7c9601d22e1e96ae64a65c4a32e97727e3e,4448
clean_dataset/tomato_dataset/test/late_blight/83309.jpg,late_blight,tomato_dataset,be6fb161d550ff6a294808c2066df33f1d10c4c72ba6bf7fc5abd266c32fda0f,4448
clean_dataset/tomato_dataset/test/late_blight/83365.jpg,late_blight,tomato_dataset,9c98ce766771a218a4c159f9524e9aeca18746613a2f4100c968eec21f60eb57,4457
bounding_box_dataset/tomato/val/late_blight/81547.jpg,late_blight,tomato,75b7ffc206da1d441d18e6d86badba274106ca9d419bb8bb3f0faef2164a7ac8,4457
bounding_box_dataset/tomato/test/late_blight/83397.jpg,late_blight,tomato,8a47b9778d897ea35dd2ccd92ea6ed9bb469f7673e9215fcfd5daacd604f5448,4460
clean_dataset/tomato_dataset/test/late_blight/83397.jpg,late_blight,tomato_dataset,0529d1a8f4cf0db22d6bb08cb2a367e44e892c0355e718b97c60304170f0b674,4460
clean_dataset/tomato_dataset/test/late_blight/83401.jpg,late_blight,tomato_dataset,e6ae1d02d3a485d8001f8992965991f9eeb9a75a402be1f82c513229f2a86f1f,4461
bounding_box_dataset/tomato/test/late_blight/83401.jpg,late_blight,tomato,7e585a4d8831105d6ea72b927f061a185525b7f13e32bc4d743d98cfa0c487bf,4461
clean_dataset/tomato_dataset/test/late_blight/83413.jpg,late_blight,tomato_dataset,27abd797ec4b630b73c27c42ae951d437c9b8b4d09f33ffea908fb471c797dce,4464
bounding_box_dataset/tomato/test/late_blight/83413.jpg,late_blight,tomato,4a1e48fe48dfd2467f4b12dbb86a6aedeaa76fd4368ae9490b8fe04a660d5015,4464
bounding_box_dataset/tomato/train/healthy/95399.jpg,healthy,tomato,27cb7475bbeedb6cab31d54a1fa52341c4fba919257f13978357b44afaf059cd,4660
bounding_box_dataset/tomato/val/healthy/95814.jpg,healthy,tomato,a6f240a07e68d03fca9d5aa46d8013f74a26473c0d4dad315e760bdd24651c25,4660
bounding_box_dataset/tomato/test/late_blight/82716.jpg,late_blight,tomato,2052b4602d542282310bd6ed31a5fe401e96cfa007051857b6856f4b4866cee1,4899
bounding_box_dataset/tomato/val/late_blight/82970.jpg,late_blight,tomato,9d7c7b9877e9940fa47277edff78f5c9070eaf9a2152c85ddcde0b79f6410eec,4899
bounding_box_dataset/tomato/train/healthy/95709.jpg,healthy,tomato,374e6112ed31273c397bd1a296be945b896db6fb57561b90fd402d25368cb3bf,5458
bounding_box_dataset/tomato/train/healthy/95112.jpg,healthy,tomato,e42c15edec089aa0fce8c1fe80aa89bb1a0baa6c4106640eca0b533c5c957f82,5458
bounding_box_dataset/tomato/train/healthy/95286.jpg,healthy,tomato,42ecc1fb69c5bfdfb147315025fe9a64901507693ad987d7625b74d37c7fe154,5556
bounding_box_dataset/tomato/train/healthy/96459.jpg,healthy,tomato,45457da90c6c4fbb850fabb4dc35d50b9741837b7813ae9711f05ebf2f54c830,5556
bounding_box_dataset/tomato/train/healthy/95408.jpg,healthy,tomato,ef88eaf8ea9140e7a51403747df91e989cce42d32e2a40638190fb26dd613318,5577
bounding_box_dataset/tomato/train/healthy/95327.jpg,healthy,tomato,825632642e3fac0737138892d009bbd1c87e8633e06e0d80fdce7e6b3eeaa2a5,5577
bounding_box_dataset/tomato/train/healthy/95502.jpg,healthy,tomato,56195019eb15359741bae85bb1fbff454d175c3f28dc54850e642f2fe9c222f6,5648
bounding_box_dataset/tomato/train/healthy/95454.jpg,healthy,tomato,040a80f297341c7bf0347233d5c3af59df2fc09af2bdbb986dd3030dce8a7e8e,5648
bounding_box_dataset/tomato/train/healthy/96240.jpg,healthy,tomato,00db718467dd4cd55a6b39c4b10cbe8dac4b98ae6df4c9ff0c1b0d49b5dae6d6,5704
bounding_box_dataset/tomato/train/healthy/95583.jpg,healthy,tomato,8ee9157477ef49aa637067320dbaab845178bc16a066aa6189d36ca57a73a713,5704
bounding_box_dataset/tomato/test/healthy/95142.jpg,healthy,tomato,7adb0d217cb4ac07cbfc7408995d1ef20131ec716b75fb6c21d11eabcaa5af79,5732
bounding_box_dataset/tomato/train/healthy/95648.jpg,healthy,tomato,9f6da10a89c780b0c9dd57b0e517e9551e7a4f5f452676713575e610393c9435,5732
bounding_box_dataset/tomato/train/healthy/95854.jpg,healthy,tomato,d55fa6ddfd7ef8ff464d1024265cb3ee3ccb536819ba00ed97435c3854cede33,5847
bounding_box_dataset/tomato/train/healthy/96396.jpg,healthy,tomato,9aa9fb44576de8144eb43196f8862985e96578103ebddd6d58f72be15432eb6d,5847
bounding_box_dataset/tomato/train/healthy/95933.jpg,healthy,tomato,c28c2adbf715a8ca7e7992acb7e967b839f410442d1bde98214b4bdf561618a9,5857
bounding_box_dataset/tomato/train/healthy/95876.jpg,healthy,tomato,41fbc770634687eb24dc2a3ccee971ec515eaa6aa355d42511c4c46f1fb756df,5857
bounding_box_dataset/tomato/train/healthy/96176.jpg,healthy,tomato,835bf156d70bc4678c44d18c83ceab296c4a011375101076cbb8db5ea6650ab6,5927
bounding_box_dataset/tomato/train/healthy/96005.jpg,healthy,tomato,92c11ec101d45de798a6d5c8b17890b37aae7f1192f0c6ac740121eadda57c68,5927
bounding_box_dataset/tomato/train/healthy/96068.jpg,healthy,tomato,161e0c71310ff32fa04b0fe9bbba489aaf5c1fc1675ea01f569504253953044a,5959
bounding_box_dataset/tomato/test/healthy/95698.jpg,healthy,tomato,2adb53dab77f3ff9d0f2f676976b1a52679312df0bd602ef809bb4be5f559e10,5959
bounding_box_dataset/tomato/train/healthy/96504.jpg,healthy,tomato,1b67b851cd4e73276584bd8c84ea6a6d090b4d142732b43fcc088fa7f358889b,6191
bounding_box_dataset/tomato/test/healthy/96213.jpg,healthy,tomato,3143f739f68da7fa9a4c8577f621a800181db6761ce7f1310f873aee738c36df,6191
bounding_box_dataset/tomato/train/late_blight/83078.jpg,late_blight,tomato,5b98f620913dd596cb0ec2382ec83003984e0e15a884ee5fbe8b72b25cfb3e04,6345
bounding_box_dataset/tomato/train/late_blight/81751.jpg,late_blight,tomato,88e2e9743e65d47508de67b2d019b1a60fc5ff003c5d58dd089d9eec937c1334,6345
bounding_box_dataset/tomato/train/late_blight/82056.jpg,late_blight,tomato,9f700998b5e3ce2e57898029c06737cf6f813bc4fc853f7e0964c8bb3b8808f6,6411
bounding_box_dataset/tomato/train/late_blight/81893.jpg,late_blight,tomato,f69aa8d6c3d258fb6ddb6a927f9ed689509b820c175cf5d4d9d49ad4db2dd2ba,6411
bounding_box_dataset/tomato/train/late_blight/81953.jpg,late_blight,tomato,d4ab63495199e6c5498016cc1aece065094ed290bf2fcfde3cc1e213d5c9e7c7,6441
bounding_box_dataset/tomato/train/late_blight/83207.jpg,late_blight,tomato,5dc16af83f6f1fae4133a879cefdcdab365646ed442e05d339ade698690a4a49,6441
bounding_box_dataset/tomato/train/late_blight/82121.jpg,late_blight,tomato,9e00b25497a6f8ea9824f05be1bf7dcad1a3bd0ab91c582d22b899711635215c,6520
bounding_box_dataset/tomato/train/late_blight/83373.jpg,late_blight,tomato,67ecb0136bcd1c2749cc4f2647cbcb73909a3d46b312418096b530b97a093ecb,6520
bounding_box_dataset/tomato/train/late_blight/82502.jpg,late_blight,tomato,21325820c33b50692080aab877a7993b385a84d15b54558e1e9f0fa229f66330,6549
bounding_box_dataset/tomato/train/late_blight/82177.jpg,late_blight,tomato,dee262e6b4ae8fac50ebe8d66f30a66f928d2ca4b7c1109cea5c30b9fa7d2907,6549
bounding_box_dataset/tomato/train/late_blight/82337.jpg,late_blight,tomato,c4266a7e7dff5cf707f439612388efb91f9e912098f2985b852711779c65aba1,6641
bounding_box_dataset/tomato/train/late_blight/82677.jpg,late_blight,tomato,78a75b07021f3f0a8916055e82c9b114d960bcdb8cac84dd03b0f0f615a15427,6641
bounding_box_dataset/tomato/train/late_blight/83134.jpg,late_blight,tomato,1136378a410fb374e0f7a447e53930b1012c4b2d2ce80fd0f8b2f0d5834f3140,6651
bounding_box_dataset/tomato/train/late_blight/82353.jpg,late_blight,tomato,a3e321a63b5af029b3be6bdffab6b432c27f9d80e21c35093fc08f120b4bed25,6651
bounding_box_dataset/tomato/train/late_blight/82487.jpg,late_blight,tomato,2cb51cb3bacefbc7075752cc3e49940193c43a11f52121943c7967a4b2c76e54,6651
bounding_box_dataset/tomato/train/late_blight/83184.jpg,late_blight,tomato,c27004f241d25e6a60962dfc8ad80fe3ad0a124322fdd6cbec339edd6aa3e649,6707
bounding_box_dataset/tomato/train/late_blight/82469.jpg,late_blight,tomato,7a496ef25b7f0fcf98d1fab498846e6ac252508906b7aae4af99f1bbeaf6ebe9,6707
bounding_box_dataset/tomato/train/late_blight/82974.jpg,late_blight,tomato,3e1f1a9c10a0ed1fd37b19f7169b95ca977165b30b46a23090f9b2f96978d469,6978
bounding_box_dataset/tomato/train/late_blight/83367.jpg,late_blight,tomato,41559cc5be6fa4dbb7c4a6607c73d4b4fc98856f9e0a0ce23b0420ea42ed5dfc,6978
bounding_box_dataset/tomato/train/late_blight/83283.jpg,late_blight,tomato,1f880a97019ffb4503998c569c87f81749c0437a5987f8f8b8161a8cb72ea7a3,7010
bounding_box_dataset/tomato/train/late_blight/83030.jpg,late_blight,tomato,feb07ab894d7c3d94177a29aec645c4a76143a804031194866741e156a6d3e52,7010
